billing_id,date,cloud_service,product_id,customer_id,compute_cost,storage_cost,transfer_cost,total_cost
BILL-000001,2026-03-21,Compute,PROD_VOD,CUST_106,55.75,12.81,38.93,107.49000000000001
BILL-000002,2026-03-22,Data Transfer,PROD_VOD,CUST_105,74.85,6.04,17.18,98.07
BILL-000003,2026-03-17,Data Transfer,PROD_VOD,CUST_105,45.85,27.75,30.89,104.49
BILL-000004,2026-03-08,Storage,PROD_OTT,CUST_101,296.61,26.47,64.37,387.45000000000005
BILL-000005,2026-03-09,Compute,PROD_LIVE,CUST_103,33.29,18.3,23.08,74.67
BILL-000006,2026-03-12,Data Transfer,PROD_OTT,CUST_101,287.16,59.42,122.18,468.76000000000005
BILL-000007,2026-03-13,Compute,PROD_OTT,CUST_106,100.41,35.16,32.25,167.82
BILL-000008,2026-03-23,Compute,PROD_VOD,CUST_106,49.63,15.13,11.35,76.11
BILL-000009,2026-03-08,Compute,PROD_ENCODE,CUST_103,78.94,34.19,14.83,127.96
BILL-000010,2026-03-12,Compute,PROD_OTT,CUST_106,141.77,27.68,33.58,203.03000000000003
BILL-000011,2026-03-06,Data Transfer,PROD_LIVE,CUST_102,200.23,36.12,117.17,353.52
BILL-000012,2026-03-23,Data Transfer,PROD_LIVE,CUST_106,62.16,31.89,10.35,104.39999999999999
BILL-000013,2026-03-27,Compute,PROD_OTT,CUST_104,54.81,12.38,47.6,114.78999999999999
BILL-000014,2026-03-29,Data Transfer,PROD_OTT,CUST_102,263.02,47.12,116.03,426.16999999999996
BILL-000015,2026-03-15,Compute,PROD_OTT,CUST_102,130.15,61.62,47.59,239.36
BILL-000016,2026-03-19,Storage,PROD_ENCODE,CUST_103,48.51,39.91,29.4,117.82
BILL-000017,2026-03-03,Compute,PROD_VOD,CUST_102,253.92,81.81,64.33,400.06
BILL-000018,2026-03-03,Storage,PROD_ENCODE,CUST_105,149.5,23.52,48.79,221.81
BILL-000019,2026-03-28,Compute,PROD_VOD,CUST_106,135.02,31.28,40.28,206.58
BILL-000020,2026-03-11,Compute,PROD_OTT,CUST_104,40.56,5.11,38.33,84.0
BILL-000021,2026-03-24,Storage,PROD_LIVE,CUST_105,138.64,35.47,20.53,194.64
BILL-000022,2026-03-21,Data Transfer,PROD_LIVE,CUST_102,171.52,26.64,120.12,318.28000000000003
BILL-000023,2026-03-30,Data Transfer,PROD_VOD,CUST_105,62.14,5.68,47.02,114.84
BILL-000024,2026-03-29,Storage,PROD_LIVE,CUST_101,128.28,62.14,28.27,218.69000000000003
BILL-000025,2026-03-24,Storage,PROD_VOD,CUST_105,119.56,9.49,27.96,157.01000000000002
BILL-000026,2026-03-18,Compute,PROD_OTT,CUST_105,133.42,19.81,16.9,170.13
BILL-000027,2026-03-18,Data Transfer,PROD_LIVE,CUST_106,60.52,39.83,35.29,135.64
BILL-000028,2026-03-15,Data Transfer,PROD_ENCODE,CUST_101,130.57,18.1,22.21,170.88
BILL-000029,2026-03-18,Compute,PROD_LIVE,CUST_101,73.07,67.72,44.04,184.82999999999998
BILL-000030,2026-03-29,Compute,PROD_OTT,CUST_101,217.1,36.87,70.97,324.94
BILL-000031,2026-03-18,Compute,PROD_ENCODE,CUST_102,305.0,83.16,39.99,428.15
BILL-000032,2026-03-04,Data Transfer,PROD_ENCODE,CUST_103,75.07,21.35,38.62,135.04
BILL-000033,2026-03-22,Data Transfer,PROD_VOD,CUST_101,180.85,42.19,110.48,333.52
BILL-000034,2026-03-08,Compute,PROD_LIVE,CUST_105,78.32,19.77,19.7,117.78999999999999
BILL-000035,2026-03-08,Compute,PROD_ENCODE,CUST_105,32.73,27.83,30.7,91.25999999999999
BILL-000036,2026-03-01,Compute,PROD_LIVE,CUST_102,182.08,54.62,110.79,347.49
BILL-000037,2026-03-29,Compute,PROD_LIVE,CUST_104,20.28,18.66,46.91,85.85
BILL-000038,2026-03-26,Storage,PROD_OTT,CUST_104,110.56,30.57,40.9,182.03
BILL-000039,2026-03-22,Data Transfer,PROD_ENCODE,CUST_102,111.72,31.55,26.14,169.41000000000003
BILL-000040,2026-03-24,Data Transfer,PROD_VOD,CUST_106,60.77,6.75,28.03,95.55000000000001
BILL-000041,2026-03-30,Data Transfer,PROD_LIVE,CUST_101,362.25,19.51,39.51,421.27
BILL-000042,2026-03-20,Compute,PROD_LIVE,CUST_104,35.59,36.16,18.34,90.09
BILL-000043,2026-03-20,Compute,PROD_VOD,CUST_104,105.46,24.78,21.29,151.53
BILL-000044,2026-03-09,Compute,PROD_OTT,CUST_102,136.32,23.95,87.78,248.04999999999998
BILL-000045,2026-03-15,Storage,PROD_VOD,CUST_101,198.94,99.86,124.59,423.39
BILL-000046,2026-03-03,Data Transfer,PROD_LIVE,CUST_105,54.48,37.66,45.0,137.14
BILL-000047,2026-03-29,Compute,PROD_OTT,CUST_103,40.51,34.18,37.55,112.24
BILL-000048,2026-03-20,Data Transfer,PROD_VOD,CUST_106,126.22,15.48,35.86,177.56
BILL-000049,2026-03-29,Compute,PROD_OTT,CUST_101,339.16,77.46,36.32,452.94
BILL-000050,2026-03-10,Data Transfer,UNALLOCATED_RECOVERY,CUST_106,64.57,29.06,43.82,137.45
BILL-000051,2026-03-17,Storage,PROD_OTT,CUST_101,80.0,49.56,49.05,178.61
BILL-000052,2026-03-01,Storage,PROD_LIVE,CUST_106,147.37,10.66,26.56,184.59
BILL-000053,2026-03-23,Storage,PROD_VOD,CUST_101,74.45,89.77,114.91,279.13
BILL-000054,2026-03-18,Compute,PROD_OTT,CUST_105,91.83,20.04,9.76,121.63000000000001
BILL-000055,2026-03-12,Compute,PROD_OTT,CUST_102,271.67,70.86,57.14,399.67
BILL-000056,2026-03-18,Storage,PROD_LIVE,CUST_102,331.0,97.92,105.13,534.05
BILL-000057,2026-03-29,Storage,PROD_VOD,CUST_102,289.38,41.57,117.74,448.69
BILL-000058,2026-03-26,Data Transfer,PROD_LIVE,CUST_103,40.7,29.54,24.07,94.31
BILL-000059,2026-03-02,Storage,PROD_LIVE,CUST_102,315.39,52.78,52.05,420.21999999999997
BILL-000060,2026-03-26,Compute,PROD_LIVE,CUST_101,264.51,47.37,49.25,361.13
BILL-000061,2026-03-03,Storage,PROD_OTT,CUST_106,86.22,28.78,43.43,158.43
BILL-000062,2026-03-11,Compute,PROD_VOD,CUST_103,43.21,38.69,19.15,101.05000000000001
BILL-000063,2026-03-04,Data Transfer,PROD_ENCODE,CUST_103,114.71,15.98,33.46,164.15
BILL-000064,2026-03-17,Compute,PROD_ENCODE,CUST_105,44.71,6.55,26.31,77.57
BILL-000065,2026-03-17,Data Transfer,PROD_LIVE,CUST_103,76.07,38.21,46.67,160.95
BILL-000066,2026-03-20,Storage,PROD_VOD,CUST_106,137.01,22.75,36.01,195.76999999999998
BILL-000067,2026-03-11,Storage,PROD_OTT,CUST_105,36.55,19.72,47.5,103.77
BILL-000068,2026-03-22,Data Transfer,PROD_LIVE,CUST_105,93.98,19.21,43.02,156.21
BILL-000069,2026-03-10,Storage,PROD_LIVE,CUST_104,122.15,26.23,21.53,169.91
BILL-000070,2026-03-15,Storage,PROD_LIVE,CUST_105,81.51,36.54,41.43,159.48000000000002
BILL-000071,2026-03-06,Data Transfer,PROD_VOD,CUST_103,87.01,27.15,22.08,136.24
BILL-000072,2026-03-27,Compute,PROD_OTT,CUST_102,312.13,25.39,24.85,362.37
BILL-000073,2026-03-16,Data Transfer,PROD_VOD,CUST_104,73.88,27.04,16.17,117.08999999999999
BILL-000074,2026-03-23,Storage,PROD_ENCODE,CUST_104,51.72,27.96,8.23,87.91000000000001
BILL-000075,2026-03-25,Compute,PROD_ENCODE,CUST_102,45.0,96.32,74.39,215.70999999999998
BILL-000076,2026-03-02,Data Transfer,PROD_LIVE,CUST_101,198.35,82.62,90.1,371.07000000000005
BILL-000077,2026-03-18,Data Transfer,PROD_OTT,CUST_104,99.64,30.17,29.2,159.01
BILL-000078,2026-03-27,Data Transfer,PROD_ENCODE,CUST_102,291.69,54.03,47.22,392.94000000000005
BILL-000079,2026-03-08,Data Transfer,PROD_OTT,CUST_105,83.0,13.37,26.47,122.84
BILL-000080,2026-03-23,Storage,PROD_LIVE,CUST_103,63.66,36.26,11.38,111.29999999999998
BILL-000081,2026-03-05,Compute,PROD_ENCODE,CUST_106,39.86,12.49,25.42,77.77000000000001
BILL-000082,2026-03-11,Data Transfer,PROD_ENCODE,CUST_104,28.09,34.15,24.36,86.6
BILL-000083,2026-03-25,Data Transfer,PROD_VOD,CUST_105,69.45,5.21,22.77,97.42999999999999
BILL-000084,2026-03-25,Storage,PROD_ENCODE,CUST_105,117.18,24.11,33.34,174.63000000000002
BILL-000085,2026-03-08,Storage,PROD_LIVE,CUST_103,76.66,6.02,22.12,104.8
BILL-000086,2026-03-22,Storage,PROD_LIVE,CUST_104,139.54,39.33,30.43,209.3
BILL-000087,2026-03-30,Storage,PROD_VOD,CUST_101,258.89,24.37,68.48,351.74
BILL-000088,2026-03-02,Storage,PROD_ENCODE,CUST_103,47.52,16.44,39.97,103.93
BILL-000089,2026-03-13,Storage,PROD_ENCODE,CUST_103,128.54,21.46,39.46,189.46
BILL-000090,2026-03-02,Storage,PROD_LIVE,CUST_106,28.92,38.5,9.69,77.11
BILL-000091,2026-03-01,Compute,PROD_LIVE,CUST_101,251.93,33.37,69.72,355.02
BILL-000092,2026-03-04,Data Transfer,PROD_LIVE,CUST_104,110.93,31.84,15.05,157.82000000000002
BILL-000093,2026-03-20,Data Transfer,PROD_VOD,CUST_102,363.53,21.96,22.7,408.18999999999994
BILL-000094,2026-03-10,Data Transfer,PROD_ENCODE,CUST_104,142.39,11.94,32.87,187.2
BILL-000095,2026-03-27,Data Transfer,PROD_LIVE,CUST_101,276.59,38.89,91.85,407.3299999999999
BILL-000096,2026-03-26,Compute,PROD_VOD,CUST_103,89.26,28.15,10.9,128.31
BILL-000097,2026-03-21,Storage,PROD_VOD,CUST_104,126.9,8.69,48.35,183.94
BILL-000098,2026-03-21,Storage,PROD_LIVE,CUST_104,42.9,23.26,35.32,101.47999999999999
BILL-000099,2026-03-20,Data Transfer,PROD_ENCODE,CUST_104,76.62,30.59,19.27,126.48
BILL-000100,2026-03-28,Compute,UNALLOCATED_RECOVERY,CUST_103,134.61,13.54,27.52,175.67000000000002
BILL-000101,2026-03-20,Data Transfer,PROD_ENCODE,CUST_103,23.73,34.78,15.64,74.15
BILL-000102,2026-03-07,Storage,PROD_OTT,CUST_103,56.36,25.87,44.96,127.19
BILL-000103,2026-03-18,Compute,PROD_LIVE,CUST_101,128.44,48.06,78.29,254.79000000000002
BILL-000104,2026-03-08,Data Transfer,PROD_ENCODE,CUST_106,112.54,20.69,8.72,141.95000000000002
BILL-000105,2026-03-10,Compute,PROD_ENCODE,CUST_106,51.63,28.24,23.5,103.37
BILL-000106,2026-03-18,Data Transfer,PROD_OTT,CUST_104,149.56,24.26,22.78,196.6
BILL-000107,2026-03-15,Storage,PROD_OTT,CUST_103,49.97,30.24,21.25,101.46
BILL-000108,2026-03-24,Data Transfer,PROD_LIVE,CUST_102,120.33,54.87,96.08,271.28
BILL-000109,2026-03-25,Data Transfer,PROD_OTT,CUST_101,320.6,38.42,57.89,416.91
BILL-000110,2026-03-10,Compute,PROD_LIVE,CUST_103,25.92,6.91,20.27,53.099999999999994
BILL-000111,2026-03-05,Data Transfer,PROD_ENCODE,CUST_101,333.63,62.73,69.29,465.65000000000003
BILL-000112,2026-03-15,Storage,PROD_LIVE,CUST_101,132.06,87.9,31.98,251.94
BILL-000113,2026-03-03,Storage,PROD_ENCODE,CUST_101,237.53,72.56,35.93,346.02000000000004
BILL-000114,2026-03-26,Data Transfer,PROD_OTT,CUST_101,373.02,22.86,100.27,496.15
BILL-000115,2026-03-20,Data Transfer,PROD_LIVE,CUST_105,69.45,36.8,20.49,126.74
BILL-000116,2026-03-19,Storage,PROD_OTT,CUST_105,100.73,26.34,39.08,166.15
BILL-000117,2026-03-25,Compute,PROD_LIVE,CUST_103,105.86,10.5,15.3,131.66
BILL-000118,2026-03-03,Compute,PROD_VOD,CUST_104,78.57,25.78,20.23,124.58
BILL-000119,2026-03-08,Storage,PROD_OTT,CUST_106,131.75,7.49,17.8,157.04000000000002
BILL-000120,2026-03-09,Data Transfer,PROD_LIVE,CUST_104,34.92,12.87,14.26,62.05
BILL-000121,2026-03-09,Compute,PROD_VOD,CUST_101,103.92,39.42,98.64,241.98000000000002
BILL-000122,2026-03-19,Storage,PROD_ENCODE,CUST_101,202.33,39.11,62.26,303.7
BILL-000123,2026-03-09,Data Transfer,PROD_ENCODE,CUST_104,30.46,6.4,26.15,63.01
BILL-000124,2026-03-11,Data Transfer,PROD_OTT,CUST_101,79.68,96.67,107.78,284.13
BILL-000125,2026-03-19,Data Transfer,PROD_VOD,CUST_106,126.78,25.17,40.05,192.0
BILL-000126,2026-03-06,Storage,PROD_ENCODE,CUST_103,43.59,25.49,34.66,103.74
BILL-000127,2026-03-16,Compute,PROD_ENCODE,CUST_103,73.09,16.24,12.39,101.72
BILL-000128,2026-03-06,Storage,PROD_ENCODE,CUST_106,84.41,28.19,24.82,137.42
BILL-000129,2026-03-25,Data Transfer,PROD_VOD,CUST_104,31.45,13.83,12.87,58.15
BILL-000130,2026-03-25,Storage,PROD_VOD,CUST_106,133.02,21.17,10.28,164.47
BILL-000131,2026-03-17,Storage,PROD_ENCODE,CUST_106,77.47,6.81,19.22,103.5
BILL-000132,2026-03-05,Storage,PROD_ENCODE,CUST_106,83.01,6.01,34.46,123.48000000000002
BILL-000133,2026-03-26,Compute,PROD_LIVE,CUST_103,91.61,24.33,11.91,127.85
BILL-000134,2026-03-27,Compute,PROD_ENCODE,CUST_101,260.51,25.97,117.93,404.41
BILL-000135,2026-03-10,Data Transfer,PROD_OTT,CUST_104,128.51,39.31,18.24,186.06
BILL-000136,2026-03-18,Compute,PROD_ENCODE,CUST_102,349.61,56.97,112.33,518.9100000000001
BILL-000137,2026-03-28,Compute,PROD_OTT,CUST_104,64.18,32.57,19.22,115.97
BILL-000138,2026-03-01,Storage,PROD_OTT,CUST_105,95.39,28.1,44.34,167.83
BILL-000139,2026-03-15,Data Transfer,PROD_ENCODE,CUST_103,63.22,31.7,23.84,118.76
BILL-000140,2026-03-30,Storage,PROD_LIVE,CUST_106,51.04,18.4,43.95,113.39
BILL-000141,2026-03-14,Compute,PROD_OTT,CUST_106,81.49,36.97,24.01,142.47
BILL-000142,2026-03-22,Data Transfer,PROD_LIVE,CUST_104,145.43,9.42,48.54,203.39
BILL-000143,2026-03-11,Compute,PROD_ENCODE,CUST_101,220.93,52.48,95.86,369.27000000000004
BILL-000144,2026-03-14,Data Transfer,PROD_LIVE,CUST_101,202.58,97.31,55.55,355.44
BILL-000145,2026-03-23,Storage,PROD_VOD,CUST_103,130.8,35.08,23.96,189.84
BILL-000146,2026-03-11,Data Transfer,PROD_ENCODE,CUST_105,24.67,7.39,34.51,66.57
BILL-000147,2026-03-30,Storage,PROD_LIVE,CUST_106,31.75,39.24,39.94,110.93
BILL-000148,2026-03-23,Compute,PROD_ENCODE,CUST_102,275.55,91.55,24.83,391.93
BILL-000149,2026-03-26,Compute,PROD_OTT,CUST_103,68.73,10.09,30.31,109.13000000000001
BILL-000150,2026-03-19,Data Transfer,UNALLOCATED_RECOVERY,CUST_102,45.0,65.83,60.17,171.0
BILL-000151,2026-03-22,Compute,PROD_ENCODE,CUST_105,38.61,21.14,18.67,78.42
BILL-000152,2026-03-09,Data Transfer,PROD_VOD,CUST_104,137.16,28.72,14.63,180.51
BILL-000153,2026-03-15,Storage,PROD_OTT,CUST_106,145.06,29.16,27.19,201.41
BILL-000154,2026-03-10,Compute,PROD_ENCODE,CUST_104,33.86,18.35,23.08,75.28999999999999
BILL-000155,2026-03-10,Data Transfer,PROD_OTT,CUST_101,367.83,70.1,48.82,486.74999999999994
BILL-000156,2026-03-19,Data Transfer,PROD_VOD,CUST_105,116.87,34.15,45.92,196.94
BILL-000157,2026-03-25,Compute,PROD_OTT,CUST_102,256.9,66.83,91.17,414.9
BILL-000158,2026-03-24,Data Transfer,PROD_LIVE,CUST_106,32.63,26.96,9.66,69.25
BILL-000159,2026-03-26,Storage,PROD_VOD,CUST_105,67.43,9.6,46.2,123.23
BILL-000160,2026-03-11,Data Transfer,PROD_ENCODE,CUST_102,115.26,81.32,112.03,308.61
BILL-000161,2026-03-12,Data Transfer,PROD_OTT,CUST_102,133.52,84.66,70.59,288.77
BILL-000162,2026-03-26,Storage,PROD_OTT,CUST_101,202.21,19.09,99.19,320.49
BILL-000163,2026-03-08,Data Transfer,PROD_ENCODE,CUST_105,67.55,32.67,8.58,108.8
BILL-000164,2026-03-18,Compute,PROD_ENCODE,CUST_103,107.47,28.53,32.55,168.55
BILL-000165,2026-03-27,Data Transfer,PROD_OTT,CUST_101,269.32,53.75,85.05,408.12
BILL-000166,2026-03-18,Storage,PROD_LIVE,CUST_106,28.22,33.83,46.19,108.24
BILL-000167,2026-03-10,Data Transfer,PROD_ENCODE,CUST_101,95.43,95.3,51.96,242.69000000000003
BILL-000168,2026-03-16,Compute,PROD_VOD,CUST_102,338.36,24.37,67.63,430.36
BILL-000169,2026-03-22,Data Transfer,PROD_ENCODE,CUST_105,116.49,10.41,25.43,152.32999999999998
BILL-000170,2026-03-04,Storage,PROD_ENCODE,CUST_103,24.25,17.97,26.62,68.84
BILL-000171,2026-03-08,Storage,PROD_VOD,CUST_106,67.75,36.56,35.08,139.39
BILL-000172,2026-03-02,Storage,PROD_OTT,CUST_102,364.67,95.54,106.54,566.75
BILL-000173,2026-03-03,Data Transfer,PROD_LIVE,CUST_106,103.13,38.99,10.12,152.24
BILL-000174,2026-03-11,Compute,PROD_LIVE,CUST_105,46.68,34.04,31.28,112.0
BILL-000175,2026-03-19,Compute,PROD_LIVE,CUST_103,120.67,32.6,33.03,186.3
BILL-000176,2026-03-09,Compute,PROD_LIVE,CUST_105,52.59,11.11,35.76,99.46000000000001
BILL-000177,2026-03-01,Compute,PROD_VOD,CUST_103,122.7,13.33,21.6,157.63
BILL-000178,2026-03-06,Storage,PROD_VOD,CUST_102,291.06,58.53,98.29,447.88000000000005
BILL-000179,2026-03-16,Storage,PROD_OTT,CUST_105,97.18,20.82,17.31,135.31
BILL-000180,2026-03-20,Compute,PROD_OTT,CUST_104,103.63,6.09,49.94,159.66
BILL-000181,2026-03-28,Storage,PROD_ENCODE,CUST_106,34.04,29.93,26.63,90.6
BILL-000182,2026-03-29,Compute,PROD_OTT,CUST_105,39.28,9.42,34.22,82.92
BILL-000183,2026-03-19,Data Transfer,PROD_OTT,CUST_104,149.3,23.57,27.06,199.93
BILL-000184,2026-03-20,Storage,PROD_VOD,CUST_106,34.87,27.91,44.86,107.64
BILL-000185,2026-03-18,Data Transfer,PROD_LIVE,CUST_104,78.7,13.0,22.24,113.94
BILL-000186,2026-03-15,Storage,PROD_ENCODE,CUST_106,32.36,19.94,35.93,88.22999999999999
BILL-000187,2026-03-12,Compute,PROD_ENCODE,CUST_101,79.65,19.97,65.35,164.97
BILL-000188,2026-03-24,Data Transfer,PROD_OTT,CUST_102,230.82,63.82,78.97,373.61
BILL-000189,2026-03-11,Data Transfer,PROD_VOD,CUST_104,65.97,28.29,39.51,133.76999999999998
BILL-000190,2026-03-28,Data Transfer,PROD_VOD,CUST_103,98.05,17.31,32.27,147.63
BILL-000191,2026-03-07,Compute,PROD_ENCODE,CUST_102,325.36,43.13,78.41,446.9
BILL-000192,2026-03-04,Storage,PROD_LIVE,CUST_104,129.87,39.11,42.37,211.35000000000002
BILL-000193,2026-03-20,Data Transfer,PROD_VOD,CUST_105,140.78,34.03,19.23,194.04
BILL-000194,2026-03-06,Storage,PROD_OTT,CUST_103,65.63,11.35,14.02,90.99999999999999
BILL-000195,2026-03-22,Storage,PROD_VOD,CUST_102,290.81,97.53,29.63,417.97
BILL-000196,2026-03-17,Compute,PROD_ENCODE,CUST_104,78.97,10.51,21.09,110.57000000000001
BILL-000197,2026-03-11,Data Transfer,PROD_VOD,CUST_101,100.56,78.51,25.23,204.29999999999998
BILL-000198,2026-03-03,Storage,PROD_ENCODE,CUST_106,75.12,26.25,25.4,126.77000000000001
BILL-000199,2026-03-07,Data Transfer,PROD_VOD,CUST_103,75.89,14.91,36.5,127.3
BILL-000200,2026-03-16,Data Transfer,UNALLOCATED_RECOVERY,CUST_101,121.67,98.64,25.75,246.06
BILL-000201,2026-03-07,Storage,PROD_LIVE,CUST_102,298.35,37.83,32.6,368.78000000000003
BILL-000202,2026-03-16,Data Transfer,PROD_ENCODE,CUST_102,91.99,59.1,44.16,195.25
BILL-000203,2026-03-18,Data Transfer,PROD_OTT,CUST_101,179.05,77.43,65.8,322.28000000000003
BILL-000204,2026-03-15,Compute,PROD_OTT,CUST_105,75.81,19.15,34.89,129.85000000000002
BILL-000205,2026-03-10,Compute,PROD_ENCODE,CUST_101,364.01,27.54,119.5,511.05
BILL-000206,2026-03-15,Data Transfer,PROD_OTT,CUST_101,191.93,21.76,65.75,279.44
BILL-000207,2026-03-13,Data Transfer,PROD_VOD,CUST_104,133.17,31.1,17.31,181.57999999999998
BILL-000208,2026-03-25,Compute,PROD_VOD,CUST_105,102.32,23.57,16.14,142.02999999999997
BILL-000209,2026-03-25,Storage,PROD_OTT,CUST_106,144.57,27.59,14.2,186.35999999999999
BILL-000210,2026-03-04,Compute,PROD_OTT,CUST_102,106.39,25.88,99.71,231.98000000000002
BILL-000211,2026-03-03,Compute,PROD_ENCODE,CUST_104,118.08,31.6,26.85,176.53
BILL-000212,2026-03-30,Data Transfer,PROD_OTT,CUST_106,61.1,20.39,27.69,109.18
BILL-000213,2026-03-21,Storage,PROD_OTT,CUST_105,27.3,22.76,21.04,71.1
BILL-000214,2026-03-15,Compute,PROD_VOD,CUST_103,128.12,7.69,44.3,180.11
BILL-000215,2026-03-28,Compute,PROD_ENCODE,CUST_104,95.44,38.4,39.03,172.87
BILL-000216,2026-03-02,Storage,PROD_LIVE,CUST_103,98.65,22.55,48.22,169.42000000000002
BILL-000217,2026-03-15,Compute,PROD_OTT,CUST_106,30.96,27.61,9.64,68.21000000000001
BILL-000218,2026-03-23,Storage,PROD_ENCODE,CUST_105,87.96,10.56,23.66,122.17999999999999
BILL-000219,2026-03-10,Storage,PROD_ENCODE,CUST_103,108.26,6.83,34.5,149.59
BILL-000220,2026-03-11,Compute,PROD_OTT,CUST_101,231.34,46.32,46.46,324.12
BILL-000221,2026-03-28,Data Transfer,PROD_LIVE,CUST_103,30.6,28.23,46.5,105.33
BILL-000222,2026-03-10,Data Transfer,PROD_ENCODE,CUST_102,243.39,94.58,52.51,390.47999999999996
BILL-000223,2026-03-13,Data Transfer,PROD_OTT,CUST_102,267.79,85.03,97.57,450.39000000000004
BILL-000224,2026-03-22,Data Transfer,PROD_VOD,CUST_106,107.16,22.8,8.77,138.73000000000002
BILL-000225,2026-03-10,Compute,PROD_LIVE,CUST_103,45.0,22.02,17.51,84.53
BILL-000226,2026-03-05,Compute,PROD_VOD,CUST_103,129.78,8.54,40.38,178.7
BILL-000227,2026-03-27,Data Transfer,PROD_VOD,CUST_106,63.78,31.82,13.5,109.1
BILL-000228,2026-03-13,Compute,PROD_LIVE,CUST_102,320.19,79.97,104.95,505.10999999999996
BILL-000229,2026-03-06,Data Transfer,PROD_ENCODE,CUST_101,183.53,71.68,44.94,300.15
BILL-000230,2026-03-15,Data Transfer,PROD_OTT,CUST_106,121.89,13.19,18.05,153.13000000000002
BILL-000231,2026-03-26,Storage,PROD_LIVE,CUST_103,108.18,24.96,26.51,159.65
BILL-000232,2026-03-25,Storage,PROD_ENCODE,CUST_105,88.57,38.82,42.31,169.7
BILL-000233,2026-03-26,Data Transfer,PROD_LIVE,CUST_103,26.78,21.82,23.59,72.19
BILL-000234,2026-03-30,Compute,PROD_VOD,CUST_103,30.9,10.61,26.87,68.38
BILL-000235,2026-03-17,Compute,PROD_ENCODE,CUST_101,357.58,31.93,67.37,456.88
BILL-000236,2026-03-12,Compute,PROD_ENCODE,CUST_101,178.85,45.22,60.55,284.62
BILL-000237,2026-03-03,Storage,PROD_LIVE,CUST_101,153.57,21.17,95.04,269.78000000000003
BILL-000238,2026-03-11,Compute,PROD_LIVE,CUST_101,143.24,85.1,93.09,321.43
BILL-000239,2026-03-05,Data Transfer,PROD_ENCODE,CUST_104,100.0,36.71,8.8,145.51000000000002
BILL-000240,2026-03-07,Compute,PROD_ENCODE,CUST_101,302.26,33.29,32.79,368.34000000000003
BILL-000241,2026-03-08,Storage,PROD_ENCODE,CUST_101,86.03,91.7,82.66,260.39
BILL-000242,2026-03-01,Data Transfer,PROD_LIVE,CUST_106,38.66,20.02,33.82,92.5
BILL-000243,2026-03-08,Data Transfer,PROD_ENCODE,CUST_102,265.92,19.99,122.34,408.25
BILL-000244,2026-03-03,Data Transfer,PROD_VOD,CUST_104,133.53,6.52,24.25,164.3
BILL-000245,2026-03-12,Storage,PROD_VOD,CUST_103,122.51,17.07,38.78,178.36
BILL-000246,2026-03-21,Compute,PROD_OTT,CUST_102,64.41,60.28,105.42,230.11
BILL-000247,2026-03-06,Data Transfer,PROD_ENCODE,CUST_106,82.21,11.38,13.66,107.24999999999999
BILL-000248,2026-03-23,Storage,PROD_VOD,CUST_103,46.21,32.69,45.2,124.10000000000001
BILL-000249,2026-03-11,Storage,PROD_ENCODE,CUST_105,81.54,6.28,35.17,122.99000000000001
BILL-000250,2026-03-10,Storage,UNALLOCATED_RECOVERY,CUST_106,63.15,9.36,23.46,95.97
BILL-000251,2026-03-29,Storage,PROD_ENCODE,CUST_104,64.07,11.54,37.07,112.67999999999998
BILL-000252,2026-03-12,Data Transfer,PROD_OTT,CUST_101,286.3,19.41,83.26,388.97
BILL-000253,2026-03-27,Compute,PROD_OTT,CUST_103,33.34,16.48,20.42,70.24000000000001
BILL-000254,2026-03-15,Data Transfer,PROD_ENCODE,CUST_102,274.17,43.26,24.45,341.88
BILL-000255,2026-03-28,Storage,PROD_ENCODE,CUST_103,103.13,32.7,10.41,146.23999999999998
BILL-000256,2026-03-22,Data Transfer,PROD_ENCODE,CUST_103,86.7,31.25,14.72,132.67000000000002
BILL-000257,2026-03-01,Compute,PROD_ENCODE,CUST_101,91.02,33.15,87.74,211.90999999999997
BILL-000258,2026-03-12,Storage,PROD_VOD,CUST_105,39.95,20.75,23.58,84.28
BILL-000259,2026-03-15,Compute,PROD_LIVE,CUST_105,67.7,16.0,19.7,103.4
BILL-000260,2026-03-04,Compute,PROD_LIVE,CUST_104,87.31,36.97,12.95,137.23
BILL-000261,2026-03-25,Storage,PROD_ENCODE,CUST_102,373.82,37.49,116.23,527.54
BILL-000262,2026-03-16,Compute,PROD_VOD,CUST_102,327.17,52.05,114.36,493.58000000000004
BILL-000263,2026-03-15,Compute,PROD_OTT,CUST_106,65.17,7.27,30.77,103.21
BILL-000264,2026-03-29,Storage,PROD_LIVE,CUST_106,112.24,29.51,15.31,157.06
BILL-000265,2026-03-12,Data Transfer,PROD_LIVE,CUST_101,370.17,81.81,44.86,496.84000000000003
BILL-000266,2026-03-16,Compute,PROD_OTT,CUST_105,94.4,21.36,49.29,165.05
BILL-000267,2026-03-05,Data Transfer,PROD_VOD,CUST_101,150.52,99.96,95.48,345.96000000000004
BILL-000268,2026-03-17,Storage,PROD_ENCODE,CUST_105,29.59,39.03,34.98,103.6
BILL-000269,2026-03-15,Storage,PROD_OTT,CUST_102,335.34,80.77,87.18,503.28999999999996
BILL-000270,2026-03-06,Compute,PROD_ENCODE,CUST_105,138.39,6.94,13.21,158.54
BILL-000271,2026-03-05,Storage,PROD_LIVE,CUST_102,154.86,74.57,56.33,285.76
BILL-000272,2026-03-17,Storage,PROD_VOD,CUST_103,45.52,38.47,19.53,103.52000000000001
BILL-000273,2026-03-21,Storage,PROD_VOD,CUST_105,103.33,25.71,32.39,161.43
BILL-000274,2026-03-06,Data Transfer,PROD_OTT,CUST_105,25.36,35.23,11.41,72.0
BILL-000275,2026-03-21,Data Transfer,PROD_OTT,CUST_106,47.41,25.02,33.96,106.38999999999999
BILL-000276,2026-03-01,Storage,PROD_OTT,CUST_106,144.36,21.9,41.8,208.06
BILL-000277,2026-03-22,Storage,PROD_OTT,CUST_104,29.49,7.1,26.46,63.05
BILL-000278,2026-03-16,Storage,PROD_LIVE,CUST_103,98.87,15.94,38.17,152.98000000000002
BILL-000279,2026-03-24,Storage,PROD_ENCODE,CUST_102,297.22,57.56,31.15,385.93
BILL-000280,2026-03-08,Storage,PROD_VOD,CUST_103,78.45,9.93,10.13,98.50999999999999
BILL-000281,2026-03-13,Data Transfer,PROD_ENCODE,CUST_102,362.87,91.45,105.42,559.74
BILL-000282,2026-03-30,Data Transfer,PROD_OTT,CUST_102,298.01,56.1,74.05,428.16
BILL-000283,2026-03-16,Storage,PROD_ENCODE,CUST_101,79.27,46.91,68.01,194.19
BILL-000284,2026-03-08,Compute,PROD_OTT,CUST_101,66.43,55.8,112.65,234.88
BILL-000285,2026-03-21,Data Transfer,PROD_ENCODE,CUST_103,89.77,34.65,26.1,150.51999999999998
BILL-000286,2026-03-29,Storage,PROD_OTT,CUST_104,67.57,19.02,31.95,118.53999999999999
BILL-000287,2026-03-07,Storage,PROD_OTT,CUST_101,175.56,51.91,77.73,305.2
BILL-000288,2026-03-27,Data Transfer,PROD_VOD,CUST_102,366.9,46.97,103.46,517.33
BILL-000289,2026-03-11,Data Transfer,PROD_OTT,CUST_102,114.69,57.05,72.51,244.25
BILL-000290,2026-03-02,Compute,PROD_LIVE,CUST_106,63.3,21.58,27.19,112.07
BILL-000291,2026-03-20,Data Transfer,PROD_LIVE,CUST_103,141.08,16.15,24.5,181.73000000000002
BILL-000292,2026-03-20,Data Transfer,PROD_OTT,CUST_105,63.73,33.99,30.36,128.07999999999998
BILL-000293,2026-03-23,Data Transfer,PROD_OTT,CUST_104,126.05,17.89,36.3,180.24
BILL-000294,2026-03-14,Data Transfer,PROD_OTT,CUST_106,133.37,27.02,33.07,193.46
BILL-000295,2026-03-09,Data Transfer,PROD_LIVE,CUST_106,26.68,21.82,30.02,78.52
BILL-000296,2026-03-24,Data Transfer,PROD_ENCODE,CUST_102,317.04,33.69,80.12,430.85
BILL-000297,2026-03-23,Compute,PROD_LIVE,CUST_101,193.34,49.14,63.36,305.84000000000003
BILL-000298,2026-03-07,Storage,PROD_ENCODE,CUST_106,114.56,29.7,29.78,174.04
BILL-000299,2026-03-18,Storage,PROD_ENCODE,CUST_105,68.99,38.48,27.31,134.78
BILL-000300,2026-03-18,Storage,UNALLOCATED_RECOVERY,CUST_106,45.0,30.23,35.02,110.25
BILL-000301,2026-03-23,Storage,PROD_ENCODE,CUST_102,361.13,36.91,51.34,449.38
BILL-000302,2026-03-10,Storage,PROD_LIVE,CUST_106,111.65,16.1,22.65,150.4
BILL-000303,2026-03-30,Data Transfer,PROD_OTT,CUST_103,35.84,28.68,23.95,88.47000000000001
BILL-000304,2026-03-13,Storage,PROD_LIVE,CUST_103,25.47,38.44,11.32,75.22999999999999
BILL-000305,2026-03-30,Storage,PROD_OTT,CUST_106,82.28,12.07,30.62,124.97
BILL-000306,2026-03-30,Data Transfer,PROD_OTT,CUST_102,85.5,77.33,45.12,207.95
BILL-000307,2026-03-02,Data Transfer,PROD_LIVE,CUST_106,50.27,8.51,21.87,80.65
BILL-000308,2026-03-16,Compute,PROD_LIVE,CUST_101,363.47,98.07,36.58,498.12
BILL-000309,2026-03-21,Storage,PROD_ENCODE,CUST_106,45.93,38.74,21.49,106.16
BILL-000310,2026-03-21,Compute,PROD_VOD,CUST_106,94.64,23.73,38.37,156.74
BILL-000311,2026-03-30,Compute,PROD_LIVE,CUST_104,134.69,11.15,46.62,192.46
BILL-000312,2026-03-27,Storage,PROD_ENCODE,CUST_102,354.4,96.69,117.23,568.3199999999999
BILL-000313,2026-03-29,Compute,PROD_VOD,CUST_103,93.84,8.76,49.29,151.89000000000001
BILL-000314,2026-03-10,Storage,PROD_ENCODE,CUST_102,326.59,53.45,40.25,420.28999999999996
BILL-000315,2026-03-04,Storage,PROD_LIVE,CUST_106,79.66,14.0,15.82,109.47999999999999
BILL-000316,2026-03-24,Storage,PROD_OTT,CUST_105,107.67,11.76,33.66,153.09
BILL-000317,2026-03-21,Storage,PROD_ENCODE,CUST_105,62.63,19.03,12.01,93.67
BILL-000318,2026-03-05,Storage,PROD_OTT,CUST_102,52.22,46.06,66.91,165.19
BILL-000319,2026-03-09,Storage,PROD_OTT,CUST_105,113.97,5.4,35.45,154.82
BILL-000320,2026-03-23,Compute,PROD_VOD,CUST_106,35.37,15.74,25.03,76.14
BILL-000321,2026-03-17,Data Transfer,PROD_OTT,CUST_106,35.26,37.06,20.39,92.71
BILL-000322,2026-03-20,Compute,PROD_LIVE,CUST_102,205.41,52.31,123.83,381.55
BILL-000323,2026-03-12,Storage,PROD_ENCODE,CUST_105,124.26,33.9,40.0,198.16
BILL-000324,2026-03-22,Data Transfer,PROD_VOD,CUST_105,78.08,29.63,11.28,118.99
BILL-000325,2026-03-19,Compute,PROD_VOD,CUST_105,137.38,12.08,30.54,180.0
BILL-000326,2026-03-06,Storage,PROD_ENCODE,CUST_101,271.1,75.23,71.33,417.66
BILL-000327,2026-03-29,Data Transfer,PROD_ENCODE,CUST_101,197.37,57.41,67.96,322.74
BILL-000328,2026-03-02,Data Transfer,PROD_ENCODE,CUST_106,124.9,30.31,24.63,179.84
BILL-000329,2026-03-27,Compute,PROD_LIVE,CUST_105,29.49,19.83,37.42,86.74
BILL-000330,2026-03-18,Compute,PROD_VOD,CUST_104,24.13,19.31,40.3,83.74
BILL-000331,2026-03-25,Data Transfer,PROD_ENCODE,CUST_103,149.07,18.39,44.52,211.98
BILL-000332,2026-03-30,Storage,PROD_ENCODE,CUST_101,271.89,70.41,76.63,418.92999999999995
BILL-000333,2026-03-21,Storage,PROD_VOD,CUST_102,372.68,46.89,33.37,452.94
BILL-000334,2026-03-08,Compute,PROD_VOD,CUST_103,80.19,30.17,25.81,136.17
BILL-000335,2026-03-13,Compute,PROD_LIVE,CUST_104,65.0,14.65,47.37,127.02000000000001
BILL-000336,2026-03-24,Compute,PROD_VOD,CUST_106,74.5,31.81,45.12,151.43
BILL-000337,2026-03-01,Compute,PROD_LIVE,CUST_101,82.79,15.44,82.77,181.0
BILL-000338,2026-03-23,Compute,PROD_LIVE,CUST_106,25.75,20.36,30.67,76.78
BILL-000339,2026-03-25,Compute,PROD_LIVE,CUST_105,149.15,13.2,46.49,208.84
BILL-000340,2026-03-19,Storage,PROD_OTT,CUST_102,148.07,25.04,89.32,262.42999999999995
BILL-000341,2026-03-08,Storage,PROD_OTT,CUST_103,27.92,38.2,44.95,111.07000000000001
BILL-000342,2026-03-30,Compute,PROD_ENCODE,CUST_105,84.43,39.03,47.55,171.01
BILL-000343,2026-03-22,Storage,PROD_OTT,CUST_106,74.12,10.22,23.81,108.15
BILL-000344,2026-03-25,Data Transfer,PROD_ENCODE,CUST_102,326.04,38.81,94.3,459.15000000000003
BILL-000345,2026-03-26,Storage,PROD_VOD,CUST_105,73.65,19.58,30.26,123.49000000000001
BILL-000346,2026-03-13,Compute,PROD_OTT,CUST_102,157.34,19.42,67.23,243.99
BILL-000347,2026-03-12,Compute,PROD_LIVE,CUST_101,137.25,71.45,83.31,292.01
BILL-000348,2026-03-28,Compute,PROD_LIVE,CUST_105,114.16,24.56,28.13,166.85
BILL-000349,2026-03-28,Storage,PROD_OTT,CUST_101,118.84,29.13,97.85,245.82
BILL-000350,2026-03-24,Storage,UNALLOCATED_RECOVERY,CUST_106,98.57,12.16,46.44,157.17
BILL-000351,2026-03-18,Storage,PROD_OTT,CUST_104,80.61,27.71,20.95,129.26999999999998
BILL-000352,2026-03-12,Data Transfer,PROD_ENCODE,CUST_104,32.82,39.35,27.72,99.89
BILL-000353,2026-03-27,Storage,PROD_LIVE,CUST_103,60.68,6.6,44.29,111.57
BILL-000354,2026-03-24,Compute,PROD_VOD,CUST_103,91.93,25.44,38.24,155.61
BILL-000355,2026-03-10,Compute,PROD_LIVE,CUST_103,49.9,24.94,18.32,93.16
BILL-000356,2026-03-18,Data Transfer,PROD_OTT,CUST_103,119.24,22.1,38.39,179.73000000000002
BILL-000357,2026-03-24,Storage,PROD_ENCODE,CUST_102,288.15,43.32,34.7,366.16999999999996
BILL-000358,2026-03-18,Storage,PROD_LIVE,CUST_105,148.74,38.5,30.01,217.25
BILL-000359,2026-03-27,Compute,PROD_VOD,CUST_101,184.03,86.22,44.3,314.55
BILL-000360,2026-03-23,Compute,PROD_VOD,CUST_102,214.36,45.16,84.87,344.39
BILL-000361,2026-03-22,Data Transfer,PROD_ENCODE,CUST_106,83.42,5.23,31.17,119.82000000000001
BILL-000362,2026-03-01,Compute,PROD_OTT,CUST_105,147.07,5.6,42.15,194.82
BILL-000363,2026-03-22,Storage,PROD_LIVE,CUST_101,348.37,58.38,45.3,452.05
BILL-000364,2026-03-20,Data Transfer,PROD_OTT,CUST_103,54.75,18.89,23.67,97.31
BILL-000365,2026-03-13,Storage,PROD_LIVE,CUST_106,49.36,28.94,43.61,121.91
BILL-000366,2026-03-21,Data Transfer,PROD_VOD,CUST_101,181.72,45.5,69.98,297.2
BILL-000367,2026-03-21,Compute,PROD_LIVE,CUST_101,212.45,50.47,102.36,365.28
BILL-000368,2026-03-19,Compute,PROD_VOD,CUST_102,118.71,88.46,113.19,320.36
BILL-000369,2026-03-16,Storage,PROD_VOD,CUST_101,272.44,37.03,77.02,386.49
BILL-000370,2026-03-22,Compute,PROD_LIVE,CUST_103,22.04,12.25,14.06,48.35
BILL-000371,2026-03-27,Data Transfer,PROD_ENCODE,CUST_101,147.26,61.85,79.5,288.61
BILL-000372,2026-03-28,Storage,PROD_OTT,CUST_104,118.23,9.9,49.52,177.65
BILL-000373,2026-03-24,Compute,PROD_OTT,CUST_101,81.75,32.81,27.98,142.54
BILL-000374,2026-03-20,Data Transfer,PROD_ENCODE,CUST_103,23.85,14.57,49.69,88.11
BILL-000375,2026-03-16,Compute,PROD_OTT,CUST_105,45.0,20.11,36.55,101.66
BILL-000376,2026-03-22,Storage,PROD_VOD,CUST_105,58.4,13.63,11.09,83.12
BILL-000377,2026-03-09,Compute,PROD_ENCODE,CUST_106,121.91,10.4,24.36,156.67000000000002
BILL-000378,2026-03-12,Compute,PROD_VOD,CUST_101,356.46,51.41,99.94,507.81
BILL-000379,2026-03-04,Compute,PROD_VOD,CUST_102,190.07,61.24,73.81,325.12
BILL-000380,2026-03-04,Compute,PROD_VOD,CUST_103,92.05,25.89,40.95,158.89
BILL-000381,2026-03-28,Storage,PROD_VOD,CUST_103,73.8,32.27,38.44,144.51
BILL-000382,2026-03-18,Compute,PROD_LIVE,CUST_106,69.5,9.86,20.65,100.00999999999999
BILL-000383,2026-03-16,Compute,PROD_VOD,CUST_102,191.27,49.35,70.84,311.46000000000004
BILL-000384,2026-03-03,Storage,PROD_OTT,CUST_102,284.29,55.88,84.75,424.92
BILL-000385,2026-03-15,Compute,PROD_LIVE,CUST_103,20.88,18.85,43.35,83.08000000000001
BILL-000386,2026-03-13,Storage,PROD_ENCODE,CUST_103,75.98,33.82,35.34,145.14000000000001
BILL-000387,2026-03-20,Compute,PROD_OTT,CUST_103,98.42,29.34,28.12,155.88
BILL-000388,2026-03-06,Storage,PROD_OTT,CUST_103,115.53,27.15,48.65,191.33
BILL-000389,2026-03-26,Compute,PROD_OTT,CUST_104,56.44,32.51,23.33,112.27999999999999
BILL-000390,2026-03-30,Data Transfer,PROD_LIVE,CUST_105,149.64,11.3,40.24,201.18
BILL-000391,2026-03-01,Data Transfer,PROD_ENCODE,CUST_106,47.25,32.92,42.91,123.08
BILL-000392,2026-03-03,Storage,PROD_ENCODE,CUST_102,255.83,33.68,89.16,378.66999999999996
BILL-000393,2026-03-23,Storage,PROD_ENCODE,CUST_101,195.95,64.82,81.14,341.90999999999997
BILL-000394,2026-03-18,Data Transfer,PROD_ENCODE,CUST_105,24.78,38.89,37.47,101.14
BILL-000395,2026-03-26,Data Transfer,PROD_VOD,CUST_101,299.91,70.04,57.28,427.23
BILL-000396,2026-03-21,Data Transfer,PROD_VOD,CUST_105,147.87,28.71,24.78,201.36
BILL-000397,2026-03-25,Storage,PROD_ENCODE,CUST_101,53.43,35.14,73.62,162.19
BILL-000398,2026-03-17,Data Transfer,PROD_LIVE,CUST_104,68.64,21.21,36.54,126.38999999999999
BILL-000399,2026-03-23,Data Transfer,PROD_LIVE,CUST_103,149.7,21.9,20.41,192.01
BILL-000400,2026-03-30,Compute,UNALLOCATED_RECOVERY,CUST_106,38.42,15.92,27.12,81.46000000000001
BILL-000401,2026-03-07,Data Transfer,PROD_ENCODE,CUST_103,81.9,20.34,37.26,139.5
BILL-000402,2026-03-11,Compute,PROD_OTT,CUST_101,313.31,22.57,109.16,445.03999999999996
BILL-000403,2026-03-21,Compute,PROD_LIVE,CUST_106,51.71,11.11,14.73,77.55
BILL-000404,2026-03-18,Storage,PROD_ENCODE,CUST_102,309.27,67.6,39.57,416.44
BILL-000405,2026-03-22,Storage,PROD_ENCODE,CUST_101,289.65,89.77,67.21,446.62999999999994
BILL-000406,2026-03-14,Storage,PROD_VOD,CUST_106,47.92,14.74,37.56,100.22
BILL-000407,2026-03-26,Compute,PROD_VOD,CUST_105,44.3,16.41,27.22,87.92999999999999
BILL-000408,2026-03-09,Data Transfer,PROD_ENCODE,CUST_105,145.57,15.97,24.32,185.85999999999999
BILL-000409,2026-03-13,Data Transfer,PROD_VOD,CUST_103,65.76,21.03,15.25,102.04
BILL-000410,2026-03-22,Data Transfer,PROD_OTT,CUST_105,96.72,28.52,21.15,146.39
BILL-000411,2026-03-08,Storage,PROD_VOD,CUST_102,171.32,24.87,60.79,256.98
BILL-000412,2026-03-20,Compute,PROD_ENCODE,CUST_104,44.15,27.24,37.12,108.50999999999999
BILL-000413,2026-03-21,Compute,PROD_LIVE,CUST_104,57.55,11.55,43.36,112.46
BILL-000414,2026-03-20,Compute,PROD_OTT,CUST_101,207.5,29.57,60.31,297.38
BILL-000415,2026-03-18,Data Transfer,PROD_ENCODE,CUST_104,109.01,19.55,43.28,171.84
BILL-000416,2026-03-16,Compute,PROD_VOD,CUST_105,24.01,31.64,20.27,75.92
BILL-000417,2026-03-09,Compute,PROD_OTT,CUST_102,303.74,61.99,101.12,466.85
BILL-000418,2026-03-16,Data Transfer,PROD_VOD,CUST_105,34.85,32.13,42.58,109.56
BILL-000419,2026-03-12,Data Transfer,PROD_VOD,CUST_106,77.38,12.65,25.86,115.89
BILL-000420,2026-03-24,Data Transfer,PROD_LIVE,CUST_103,133.73,6.13,19.04,158.89999999999998
BILL-000421,2026-03-28,Compute,PROD_ENCODE,CUST_101,302.08,33.23,105.12,440.43
BILL-000422,2026-03-19,Data Transfer,PROD_OTT,CUST_106,99.33,19.99,33.88,153.2
BILL-000423,2026-03-26,Compute,PROD_LIVE,CUST_101,235.27,59.07,82.67,377.01000000000005
BILL-000424,2026-03-06,Storage,PROD_OTT,CUST_103,94.46,38.33,29.61,162.39999999999998
BILL-000425,2026-03-29,Data Transfer,PROD_VOD,CUST_102,362.9,81.25,116.47,560.62
BILL-000426,2026-03-09,Data Transfer,PROD_LIVE,CUST_106,132.59,13.74,37.88,184.21
BILL-000427,2026-03-27,Compute,PROD_ENCODE,CUST_104,38.48,27.13,34.37,99.97999999999999
BILL-000428,2026-03-13,Storage,PROD_VOD,CUST_106,123.3,31.91,24.92,180.13
BILL-000429,2026-03-24,Storage,PROD_OTT,CUST_104,143.53,16.46,8.1,168.09
BILL-000430,2026-03-25,Data Transfer,PROD_VOD,CUST_106,146.38,27.22,37.29,210.89
BILL-000431,2026-03-28,Compute,PROD_ENCODE,CUST_102,364.64,84.67,71.95,521.26
BILL-000432,2026-03-11,Storage,PROD_OTT,CUST_105,95.13,24.81,28.38,148.32
BILL-000433,2026-03-11,Data Transfer,PROD_VOD,CUST_101,82.36,81.09,68.26,231.70999999999998
BILL-000434,2026-03-04,Compute,PROD_ENCODE,CUST_104,20.09,38.53,16.5,75.12
BILL-000435,2026-03-23,Compute,PROD_OTT,CUST_102,334.19,89.2,29.8,453.19
BILL-000436,2026-03-12,Storage,PROD_VOD,CUST_103,106.39,27.71,10.18,144.28
BILL-000437,2026-03-21,Storage,PROD_LIVE,CUST_104,105.21,29.63,8.05,142.89000000000001
BILL-000438,2026-03-16,Compute,PROD_LIVE,CUST_105,49.4,28.8,8.39,86.59
BILL-000439,2026-03-23,Storage,PROD_VOD,CUST_104,110.22,21.72,17.62,149.56
BILL-000440,2026-03-03,Data Transfer,PROD_VOD,CUST_101,151.84,89.59,34.4,275.83
BILL-000441,2026-03-25,Compute,PROD_LIVE,CUST_101,222.42,13.24,88.25,323.90999999999997
BILL-000442,2026-03-15,Storage,PROD_LIVE,CUST_106,117.27,37.2,33.88,188.35
BILL-000443,2026-03-15,Compute,PROD_VOD,CUST_101,95.5,23.28,96.65,215.43
BILL-000444,2026-03-12,Storage,PROD_OTT,CUST_102,130.53,68.9,46.06,245.49
BILL-000445,2026-03-20,Data Transfer,PROD_OTT,CUST_106,23.49,34.65,44.78,102.92
BILL-000446,2026-03-07,Data Transfer,PROD_LIVE,CUST_106,70.93,27.62,40.92,139.47000000000003
BILL-000447,2026-03-26,Compute,PROD_ENCODE,CUST_104,34.66,22.49,32.95,90.1
BILL-000448,2026-03-17,Compute,PROD_OTT,CUST_103,37.16,35.13,31.87,104.16
BILL-000449,2026-03-12,Data Transfer,PROD_LIVE,CUST_104,144.08,31.96,8.7,184.74
BILL-000450,2026-03-03,Compute,UNALLOCATED_RECOVERY,CUST_102,45.0,17.79,102.88,165.67
BILL-000451,2026-03-17,Storage,PROD_ENCODE,CUST_104,111.24,7.88,30.54,149.66
BILL-000452,2026-03-20,Compute,PROD_OTT,CUST_101,150.72,57.24,41.34,249.3
BILL-000453,2026-03-26,Compute,PROD_OTT,CUST_104,96.24,31.71,35.29,163.23999999999998
BILL-000454,2026-03-21,Compute,PROD_OTT,CUST_106,76.87,38.37,18.02,133.26000000000002
BILL-000455,2026-03-08,Compute,PROD_ENCODE,CUST_101,197.35,65.77,52.48,315.6
BILL-000456,2026-03-24,Data Transfer,PROD_LIVE,CUST_101,54.12,24.51,21.19,99.82
BILL-000457,2026-03-16,Storage,PROD_OTT,CUST_102,170.86,78.11,111.71,360.68
BILL-000458,2026-03-24,Compute,PROD_VOD,CUST_103,124.92,14.52,10.68,150.12
BILL-000459,2026-03-23,Data Transfer,PROD_VOD,CUST_104,79.18,17.6,28.98,125.76
BILL-000460,2026-03-19,Compute,PROD_OTT,CUST_102,132.91,21.5,80.26,234.67000000000002
BILL-000461,2026-03-24,Compute,PROD_LIVE,CUST_106,86.15,6.54,44.24,136.93
BILL-000462,2026-03-08,Compute,PROD_ENCODE,CUST_103,69.79,10.25,47.11,127.15
BILL-000463,2026-03-28,Compute,PROD_ENCODE,CUST_102,154.59,48.92,95.63,299.14
BILL-000464,2026-03-09,Compute,PROD_OTT,CUST_101,213.16,91.42,38.83,343.40999999999997
BILL-000465,2026-03-26,Data Transfer,PROD_VOD,CUST_104,28.96,21.28,19.86,70.1
BILL-000466,2026-03-28,Storage,PROD_OTT,CUST_101,229.75,13.2,41.07,284.02
BILL-000467,2026-03-19,Storage,PROD_LIVE,CUST_104,67.88,39.02,49.91,156.81
BILL-000468,2026-03-25,Compute,PROD_LIVE,CUST_102,52.07,48.38,44.46,144.91
BILL-000469,2026-03-12,Data Transfer,PROD_VOD,CUST_103,20.19,28.01,43.66,91.86
BILL-000470,2026-03-24,Storage,PROD_VOD,CUST_102,222.19,33.34,71.66,327.19
BILL-000471,2026-03-02,Compute,PROD_OTT,CUST_101,64.27,32.75,108.78,205.8
BILL-000472,2026-03-14,Data Transfer,PROD_OTT,CUST_104,146.69,7.97,12.01,166.67
BILL-000473,2026-03-05,Data Transfer,PROD_ENCODE,CUST_101,242.37,17.95,89.56,349.88
BILL-000474,2026-03-05,Compute,PROD_OTT,CUST_103,130.62,37.41,24.5,192.53
BILL-000475,2026-03-27,Data Transfer,PROD_OTT,CUST_103,78.86,13.18,47.63,139.67
BILL-000476,2026-03-05,Data Transfer,PROD_VOD,CUST_102,84.34,51.84,52.97,189.15
BILL-000477,2026-03-04,Data Transfer,PROD_OTT,CUST_102,196.87,53.04,109.51,359.42
BILL-000478,2026-03-03,Compute,PROD_OTT,CUST_106,110.59,6.41,43.11,160.11
BILL-000479,2026-03-11,Compute,PROD_VOD,CUST_106,52.27,17.45,29.57,99.28999999999999
BILL-000480,2026-03-22,Storage,PROD_OTT,CUST_102,60.1,47.88,67.48,175.46
BILL-000481,2026-03-24,Data Transfer,PROD_LIVE,CUST_101,200.16,82.84,34.68,317.68
BILL-000482,2026-03-01,Compute,PROD_LIVE,CUST_102,114.39,47.55,92.06,254.0
BILL-000483,2026-03-21,Compute,PROD_OTT,CUST_101,57.09,18.14,114.76,189.99
BILL-000484,2026-03-15,Compute,PROD_VOD,CUST_103,35.93,37.98,10.13,84.03999999999999
BILL-000485,2026-03-30,Data Transfer,PROD_ENCODE,CUST_106,71.35,6.03,36.69,114.07
BILL-000486,2026-03-06,Storage,PROD_LIVE,CUST_102,139.37,51.53,35.61,226.51
BILL-000487,2026-03-20,Data Transfer,PROD_LIVE,CUST_106,58.36,19.42,31.13,108.91
BILL-000488,2026-03-02,Compute,PROD_OTT,CUST_104,37.84,11.98,45.16,94.98
BILL-000489,2026-03-17,Compute,PROD_VOD,CUST_104,121.65,17.57,30.87,170.09
BILL-000490,2026-03-16,Storage,PROD_OTT,CUST_104,55.16,5.91,33.08,94.14999999999999
BILL-000491,2026-03-01,Storage,PROD_VOD,CUST_104,88.83,31.84,49.98,170.65
BILL-000492,2026-03-06,Compute,PROD_LIVE,CUST_106,51.35,23.68,41.23,116.25999999999999
BILL-000493,2026-03-24,Compute,PROD_LIVE,CUST_105,130.05,32.91,22.9,185.86
BILL-000494,2026-03-27,Compute,PROD_LIVE,CUST_102,242.57,83.04,93.25,418.86
BILL-000495,2026-03-30,Data Transfer,PROD_VOD,CUST_106,111.07,38.16,31.67,180.89999999999998
BILL-000496,2026-03-19,Compute,PROD_ENCODE,CUST_105,60.18,22.17,11.79,94.13999999999999
BILL-000497,2026-03-08,Data Transfer,PROD_LIVE,CUST_101,221.1,12.56,116.38,350.03999999999996
BILL-000498,2026-03-07,Compute,PROD_OTT,CUST_106,43.07,33.08,44.47,120.62
BILL-000499,2026-03-02,Compute,PROD_LIVE,CUST_105,111.61,9.96,12.66,134.23
BILL-000500,2026-03-17,Storage,UNALLOCATED_RECOVERY,CUST_103,111.59,28.17,32.61,172.37
BILL-000501,2026-03-11,Storage,PROD_OTT,CUST_102,367.15,76.58,65.87,509.59999999999997
BILL-000502,2026-03-21,Storage,PROD_OTT,CUST_102,279.83,61.67,113.41,454.90999999999997
BILL-000503,2026-03-20,Storage,PROD_LIVE,CUST_106,96.56,11.14,20.89,128.59
BILL-000504,2026-03-23,Storage,PROD_LIVE,CUST_102,286.87,95.52,119.61,502.0
BILL-000505,2026-03-13,Data Transfer,PROD_VOD,CUST_102,245.78,93.09,121.59,460.46000000000004
BILL-000506,2026-03-08,Data Transfer,PROD_VOD,CUST_104,38.28,31.09,18.0,87.37
BILL-000507,2026-03-11,Compute,PROD_VOD,CUST_106,107.1,30.53,22.1,159.73
BILL-000508,2026-03-01,Storage,PROD_LIVE,CUST_102,275.28,43.17,102.64,421.09
BILL-000509,2026-03-24,Compute,PROD_VOD,CUST_104,76.97,19.69,14.99,111.64999999999999
BILL-000510,2026-03-14,Storage,PROD_ENCODE,CUST_103,90.98,8.55,28.14,127.67
BILL-000511,2026-03-28,Data Transfer,PROD_LIVE,CUST_102,196.67,82.43,23.51,302.61
BILL-000512,2026-03-01,Storage,PROD_OTT,CUST_101,74.12,27.38,59.42,160.92000000000002
BILL-000513,2026-03-24,Compute,PROD_VOD,CUST_103,97.22,26.48,28.27,151.97
BILL-000514,2026-03-01,Storage,PROD_LIVE,CUST_105,135.67,10.5,12.25,158.42
BILL-000515,2026-03-07,Compute,PROD_ENCODE,CUST_106,92.03,37.4,30.69,160.12
BILL-000516,2026-03-22,Storage,PROD_OTT,CUST_102,81.17,46.88,77.71,205.76
BILL-000517,2026-03-16,Compute,PROD_VOD,CUST_103,20.5,8.07,42.6,71.17
BILL-000518,2026-03-21,Data Transfer,PROD_ENCODE,CUST_102,81.52,30.61,87.01,199.14
BILL-000519,2026-03-03,Storage,PROD_VOD,CUST_103,122.03,21.48,45.58,189.08999999999997
BILL-000520,2026-03-09,Compute,PROD_ENCODE,CUST_102,170.58,45.88,39.59,256.05
BILL-000521,2026-03-02,Storage,PROD_ENCODE,CUST_104,54.24,34.3,31.7,120.24
BILL-000522,2026-03-05,Data Transfer,PROD_VOD,CUST_101,267.15,83.22,63.47,413.84000000000003
BILL-000523,2026-03-25,Data Transfer,PROD_LIVE,CUST_105,27.93,18.55,29.95,76.43
BILL-000524,2026-03-18,Data Transfer,PROD_ENCODE,CUST_105,134.62,21.67,11.32,167.61
BILL-000525,2026-03-29,Data Transfer,PROD_VOD,CUST_105,45.0,23.09,32.0,100.09
BILL-000526,2026-03-20,Compute,PROD_VOD,CUST_104,42.47,39.45,48.83,130.75
BILL-000527,2026-03-26,Compute,PROD_LIVE,CUST_101,187.6,98.97,65.72,352.28999999999996
BILL-000528,2026-03-27,Data Transfer,PROD_LIVE,CUST_105,53.53,36.88,46.4,136.81
BILL-000529,2026-03-03,Compute,PROD_ENCODE,CUST_105,71.66,16.41,19.6,107.66999999999999
BILL-000530,2026-03-15,Compute,PROD_ENCODE,CUST_101,184.69,25.47,81.73,291.89
BILL-000531,2026-03-25,Compute,PROD_VOD,CUST_105,121.34,32.5,44.43,198.27
BILL-000532,2026-03-29,Storage,PROD_ENCODE,CUST_103,69.8,22.0,33.58,125.38
BILL-000533,2026-03-02,Compute,PROD_OTT,CUST_104,38.7,26.3,37.13,102.13
BILL-000534,2026-03-02,Storage,PROD_OTT,CUST_106,50.89,31.1,46.68,128.67000000000002
BILL-000535,2026-03-29,Storage,PROD_VOD,CUST_103,126.26,15.61,19.77,161.64000000000001
BILL-000536,2026-03-16,Data Transfer,PROD_VOD,CUST_102,93.68,97.74,66.53,257.95000000000005
BILL-000537,2026-03-27,Storage,PROD_OTT,CUST_106,74.18,27.59,15.89,117.66000000000001
BILL-000538,2026-03-07,Storage,PROD_ENCODE,CUST_105,132.73,33.74,29.64,196.11
BILL-000539,2026-03-06,Compute,PROD_OTT,CUST_106,85.88,9.75,43.75,139.38
BILL-000540,2026-03-29,Data Transfer,PROD_VOD,CUST_102,112.65,85.38,107.88,305.90999999999997
BILL-000541,2026-03-08,Compute,PROD_ENCODE,CUST_101,348.36,74.16,48.77,471.28999999999996
BILL-000542,2026-03-27,Storage,PROD_ENCODE,CUST_106,140.0,28.84,18.16,187.0
BILL-000543,2026-03-16,Data Transfer,PROD_ENCODE,CUST_102,362.17,54.03,77.89,494.09000000000003
BILL-000544,2026-03-12,Compute,PROD_OTT,CUST_106,128.01,8.16,9.15,145.32
BILL-000545,2026-03-02,Compute,PROD_LIVE,CUST_102,260.4,71.8,48.25,380.45
BILL-000546,2026-03-14,Data Transfer,PROD_VOD,CUST_106,21.16,36.9,35.19,93.25
BILL-000547,2026-03-20,Compute,PROD_LIVE,CUST_103,99.08,38.01,37.94,175.03
BILL-000548,2026-03-23,Data Transfer,PROD_OTT,CUST_104,136.41,34.81,27.28,198.5
BILL-000549,2026-03-07,Storage,PROD_OTT,CUST_106,87.68,26.83,32.55,147.06
BILL-000550,2026-03-01,Data Transfer,UNALLOCATED_RECOVERY,CUST_105,104.15,26.32,20.54,151.01
BILL-000551,2026-03-04,Storage,PROD_VOD,CUST_103,148.49,27.42,44.18,220.09000000000003
BILL-000552,2026-03-09,Data Transfer,PROD_OTT,CUST_102,98.73,79.48,114.47,292.68
BILL-000553,2026-03-26,Data Transfer,PROD_ENCODE,CUST_106,61.55,9.9,9.07,80.52000000000001
BILL-000554,2026-03-16,Storage,PROD_OTT,CUST_104,72.6,30.79,32.49,135.88
BILL-000555,2026-03-19,Compute,PROD_OTT,CUST_106,112.74,29.02,34.81,176.57
BILL-000556,2026-03-16,Data Transfer,PROD_OTT,CUST_105,59.03,10.95,35.62,105.6
BILL-000557,2026-03-18,Compute,PROD_OTT,CUST_101,203.0,77.33,96.14,376.46999999999997
BILL-000558,2026-03-18,Compute,PROD_OTT,CUST_106,31.61,17.43,39.26,88.3
BILL-000559,2026-03-10,Storage,PROD_OTT,CUST_103,53.87,15.29,43.75,112.91
BILL-000560,2026-03-16,Compute,PROD_VOD,CUST_104,135.63,22.52,44.43,202.58
BILL-000561,2026-03-13,Data Transfer,PROD_OTT,CUST_104,27.03,34.9,13.77,75.7
BILL-000562,2026-03-07,Storage,PROD_ENCODE,CUST_105,136.07,39.53,14.02,189.62
BILL-000563,2026-03-28,Data Transfer,PROD_LIVE,CUST_101,208.46,67.72,38.57,314.75
BILL-000564,2026-03-21,Compute,PROD_VOD,CUST_104,55.56,31.64,15.08,102.28
BILL-000565,2026-03-25,Compute,PROD_ENCODE,CUST_101,92.06,50.45,65.09,207.6
BILL-000566,2026-03-14,Storage,PROD_ENCODE,CUST_101,62.26,29.95,59.18,151.39
BILL-000567,2026-03-01,Storage,PROD_LIVE,CUST_101,269.94,67.34,46.13,383.40999999999997
BILL-000568,2026-03-23,Storage,PROD_OTT,CUST_102,83.38,56.54,52.14,192.06
BILL-000569,2026-03-03,Compute,PROD_OTT,CUST_103,79.27,23.21,30.01,132.48999999999998
BILL-000570,2026-03-14,Data Transfer,PROD_LIVE,CUST_103,149.5,22.16,39.5,211.16
BILL-000571,2026-03-06,Storage,PROD_VOD,CUST_102,122.9,98.68,42.17,263.75
BILL-000572,2026-03-01,Data Transfer,PROD_LIVE,CUST_101,169.14,69.42,23.92,262.48
BILL-000573,2026-03-29,Data Transfer,PROD_OTT,CUST_105,101.01,25.79,10.01,136.81
BILL-000574,2026-03-04,Data Transfer,PROD_VOD,CUST_101,274.17,48.97,59.93,383.07
BILL-000575,2026-03-18,Storage,PROD_ENCODE,CUST_106,39.91,29.33,34.47,103.71
BILL-000576,2026-03-10,Storage,PROD_VOD,CUST_106,87.64,26.8,37.43,151.87
BILL-000577,2026-03-14,Compute,PROD_VOD,CUST_103,34.82,8.72,16.34,59.879999999999995
BILL-000578,2026-03-07,Storage,PROD_LIVE,CUST_103,111.45,15.34,9.66,136.45000000000002
BILL-000579,2026-03-16,Compute,PROD_ENCODE,CUST_103,50.49,5.45,11.74,67.68
BILL-000580,2026-03-04,Data Transfer,PROD_ENCODE,CUST_102,358.57,80.71,27.88,467.15999999999997
BILL-000581,2026-03-24,Compute,PROD_OTT,CUST_106,50.05,39.6,20.43,110.08000000000001
BILL-000582,2026-03-15,Compute,PROD_VOD,CUST_102,334.1,87.07,57.82,478.99
BILL-000583,2026-03-22,Storage,PROD_ENCODE,CUST_106,35.07,34.79,45.39,115.25
BILL-000584,2026-03-01,Compute,PROD_LIVE,CUST_103,66.48,20.32,34.12,120.92000000000002
BILL-000585,2026-03-29,Data Transfer,PROD_VOD,CUST_103,125.95,11.4,24.83,162.18
BILL-000586,2026-03-15,Storage,PROD_ENCODE,CUST_106,130.59,33.0,35.25,198.84
BILL-000587,2026-03-26,Compute,PROD_VOD,CUST_102,276.26,17.63,118.96,412.84999999999997
BILL-000588,2026-03-06,Compute,PROD_ENCODE,CUST_105,82.75,24.91,26.4,134.06
BILL-000589,2026-03-20,Storage,PROD_OTT,CUST_105,23.75,28.96,43.22,95.93
BILL-000590,2026-03-29,Compute,PROD_ENCODE,CUST_104,34.68,19.39,9.93,64.0
BILL-000591,2026-03-09,Data Transfer,PROD_OTT,CUST_101,278.98,71.82,100.59,451.39
BILL-000592,2026-03-19,Data Transfer,PROD_LIVE,CUST_106,133.51,23.17,36.91,193.59
BILL-000593,2026-03-20,Compute,PROD_ENCODE,CUST_106,114.46,21.87,35.88,172.20999999999998
BILL-000594,2026-03-21,Storage,PROD_LIVE,CUST_105,135.97,26.45,8.49,170.91
BILL-000595,2026-03-30,Compute,PROD_ENCODE,CUST_104,133.02,7.62,28.65,169.29000000000002
BILL-000596,2026-03-08,Storage,PROD_OTT,CUST_101,214.75,60.67,59.76,335.18
BILL-000597,2026-03-27,Compute,PROD_VOD,CUST_104,77.74,25.06,11.7,114.5
BILL-000598,2026-03-16,Storage,PROD_OTT,CUST_101,368.72,77.71,21.87,468.3
BILL-000599,2026-03-13,Storage,PROD_VOD,CUST_105,91.38,33.91,41.25,166.54
BILL-000600,2026-03-20,Data Transfer,UNALLOCATED_RECOVERY,CUST_105,45.0,27.91,27.16,100.07
BILL-000601,2026-03-11,Storage,PROD_VOD,CUST_102,324.4,41.55,100.58,466.53
BILL-000602,2026-03-20,Storage,PROD_OTT,CUST_106,78.83,8.41,35.67,122.91
BILL-000603,2026-03-01,Storage,PROD_OTT,CUST_106,145.38,15.22,29.92,190.51999999999998
BILL-000604,2026-03-23,Compute,PROD_VOD,CUST_102,210.04,84.41,97.96,392.40999999999997
BILL-000605,2026-03-14,Compute,PROD_OTT,CUST_105,45.47,9.23,43.79,98.49000000000001
BILL-000606,2026-03-07,Storage,PROD_LIVE,CUST_106,63.93,31.5,9.95,105.38000000000001
BILL-000607,2026-03-21,Data Transfer,PROD_VOD,CUST_104,79.46,25.63,29.18,134.26999999999998
BILL-000608,2026-03-16,Compute,PROD_VOD,CUST_105,141.59,34.36,28.28,204.23
BILL-000609,2026-03-17,Compute,PROD_LIVE,CUST_106,125.98,8.62,35.62,170.22
BILL-000610,2026-03-20,Storage,PROD_ENCODE,CUST_104,147.34,37.06,40.02,224.42000000000002
BILL-000611,2026-03-09,Storage,PROD_OTT,CUST_103,78.87,9.67,25.34,113.88000000000001
BILL-000612,2026-03-23,Data Transfer,PROD_OTT,CUST_106,91.21,15.99,38.95,146.14999999999998
BILL-000613,2026-03-18,Data Transfer,PROD_LIVE,CUST_102,118.16,75.01,92.09,285.26
BILL-000614,2026-03-30,Data Transfer,PROD_LIVE,CUST_106,104.51,38.54,29.16,172.21
BILL-000615,2026-03-23,Data Transfer,PROD_OTT,CUST_106,35.0,17.33,28.18,80.50999999999999
BILL-000616,2026-03-19,Data Transfer,PROD_ENCODE,CUST_106,117.22,34.45,20.01,171.68
BILL-000617,2026-03-28,Storage,PROD_VOD,CUST_105,33.84,18.33,10.23,62.400000000000006
BILL-000618,2026-03-02,Compute,PROD_OTT,CUST_102,369.65,72.3,35.37,477.32
BILL-000619,2026-03-02,Data Transfer,PROD_OTT,CUST_102,294.92,15.33,105.47,415.72
BILL-000620,2026-03-04,Data Transfer,PROD_LIVE,CUST_106,104.13,18.61,29.46,152.2
BILL-000621,2026-03-26,Data Transfer,PROD_OTT,CUST_106,106.38,37.43,24.28,168.09
BILL-000622,2026-03-26,Data Transfer,PROD_OTT,CUST_105,26.99,31.03,16.53,74.55
BILL-000623,2026-03-28,Storage,PROD_LIVE,CUST_106,111.6,27.67,39.71,178.98
BILL-000624,2026-03-18,Data Transfer,PROD_LIVE,CUST_106,145.36,15.3,15.45,176.11
BILL-000625,2026-03-22,Compute,PROD_LIVE,CUST_102,288.9,22.94,24.27,336.10999999999996
BILL-000626,2026-03-09,Data Transfer,PROD_OTT,CUST_102,102.3,86.53,20.59,209.42
BILL-000627,2026-03-15,Data Transfer,PROD_LIVE,CUST_101,99.95,40.73,25.34,166.02
BILL-000628,2026-03-30,Data Transfer,PROD_OTT,CUST_104,122.69,24.26,11.06,158.01
BILL-000629,2026-03-23,Storage,PROD_LIVE,CUST_102,219.2,81.3,36.73,337.23
BILL-000630,2026-03-18,Data Transfer,PROD_ENCODE,CUST_101,163.56,89.8,89.65,343.01
BILL-000631,2026-03-11,Storage,PROD_OTT,CUST_102,358.85,66.6,69.86,495.31000000000006
BILL-000632,2026-03-18,Data Transfer,PROD_VOD,CUST_101,267.41,51.5,114.97,433.88
BILL-000633,2026-03-20,Data Transfer,PROD_LIVE,CUST_101,271.83,40.58,116.17,428.58
BILL-000634,2026-03-04,Storage,PROD_OTT,CUST_105,114.12,5.86,29.71,149.69
BILL-000635,2026-03-25,Storage,PROD_ENCODE,CUST_104,25.7,36.44,16.09,78.23
BILL-000636,2026-03-17,Compute,PROD_VOD,CUST_102,365.78,80.17,75.99,521.9399999999999
BILL-000637,2026-03-21,Compute,PROD_LIVE,CUST_106,101.84,12.46,36.79,151.09
BILL-000638,2026-03-27,Compute,PROD_LIVE,CUST_105,127.74,35.75,39.14,202.63
BILL-000639,2026-03-14,Data Transfer,PROD_VOD,CUST_106,109.19,5.83,38.11,153.13
BILL-000640,2026-03-02,Compute,PROD_VOD,CUST_101,107.85,34.54,27.4,169.79
BILL-000641,2026-03-27,Compute,PROD_OTT,CUST_104,70.44,27.06,26.19,123.69
BILL-000642,2026-03-01,Storage,PROD_VOD,CUST_105,20.77,30.21,10.66,61.64
BILL-000643,2026-03-24,Data Transfer,PROD_VOD,CUST_106,130.27,17.52,29.12,176.91000000000003
BILL-000644,2026-03-10,Data Transfer,PROD_OTT,CUST_105,31.25,31.78,26.38,89.41
BILL-000645,2026-03-13,Data Transfer,PROD_VOD,CUST_104,40.32,12.7,39.36,92.38
BILL-000646,2026-03-26,Data Transfer,PROD_OTT,CUST_106,38.73,28.71,46.4,113.84
BILL-000647,2026-03-26,Data Transfer,PROD_OTT,CUST_101,229.9,61.07,32.94,323.91
BILL-000648,2026-03-01,Data Transfer,PROD_ENCODE,CUST_105,91.18,7.98,16.82,115.98000000000002
BILL-000649,2026-03-24,Data Transfer,PROD_OTT,CUST_102,184.11,69.02,73.82,326.95
BILL-000650,2026-03-06,Compute,UNALLOCATED_RECOVERY,CUST_105,128.52,11.8,15.62,155.94000000000003
BILL-000651,2026-03-26,Data Transfer,PROD_VOD,CUST_105,79.96,24.24,20.21,124.41
BILL-000652,2026-03-03,Storage,PROD_VOD,CUST_102,285.82,55.13,54.74,395.69
BILL-000653,2026-03-05,Data Transfer,PROD_LIVE,CUST_101,142.67,18.61,40.32,201.59999999999997
BILL-000654,2026-03-16,Storage,PROD_OTT,CUST_105,105.72,29.27,14.4,149.39000000000001
BILL-000655,2026-03-19,Storage,PROD_OTT,CUST_104,41.92,15.96,41.0,98.88
BILL-000656,2026-03-23,Data Transfer,PROD_ENCODE,CUST_103,129.21,9.7,38.78,177.69
BILL-000657,2026-03-29,Storage,PROD_ENCODE,CUST_104,66.64,15.69,31.17,113.5
BILL-000658,2026-03-06,Data Transfer,PROD_VOD,CUST_103,131.63,9.9,30.62,172.15
BILL-000659,2026-03-09,Data Transfer,PROD_VOD,CUST_106,29.8,5.65,29.3,64.75
BILL-000660,2026-03-01,Data Transfer,PROD_ENCODE,CUST_105,47.66,6.28,18.95,72.89
BILL-000661,2026-03-29,Data Transfer,PROD_ENCODE,CUST_106,120.78,17.8,17.38,155.96
BILL-000662,2026-03-25,Data Transfer,PROD_OTT,CUST_102,201.03,57.16,61.66,319.85
BILL-000663,2026-03-17,Compute,PROD_LIVE,CUST_105,108.94,31.5,13.9,154.34
BILL-000664,2026-03-06,Compute,PROD_LIVE,CUST_106,115.16,37.87,9.7,162.73
BILL-000665,2026-03-25,Storage,PROD_LIVE,CUST_101,135.92,32.98,90.2,259.09999999999997
BILL-000666,2026-03-17,Storage,PROD_ENCODE,CUST_104,139.33,35.85,9.68,184.86
BILL-000667,2026-03-21,Storage,PROD_VOD,CUST_106,145.9,27.17,19.49,192.56
BILL-000668,2026-03-24,Storage,PROD_LIVE,CUST_104,104.98,17.79,35.44,158.21
BILL-000669,2026-03-27,Compute,PROD_OTT,CUST_104,146.45,12.8,25.05,184.3
BILL-000670,2026-03-27,Storage,PROD_ENCODE,CUST_104,135.33,5.23,45.05,185.61
BILL-000671,2026-03-15,Compute,PROD_LIVE,CUST_101,217.23,37.07,35.78,290.08
BILL-000672,2026-03-06,Storage,PROD_VOD,CUST_106,49.95,33.39,38.25,121.59
BILL-000673,2026-03-16,Data Transfer,PROD_ENCODE,CUST_104,47.39,10.64,43.0,101.03
BILL-000674,2026-03-01,Compute,PROD_VOD,CUST_102,236.38,26.6,86.1,349.08000000000004
BILL-000675,2026-03-02,Data Transfer,PROD_LIVE,CUST_101,45.0,93.21,74.25,212.45999999999998
BILL-000676,2026-03-13,Data Transfer,PROD_VOD,CUST_106,114.64,33.75,47.78,196.17
BILL-000677,2026-03-07,Storage,PROD_ENCODE,CUST_104,42.17,34.06,33.24,109.47
BILL-000678,2026-03-26,Data Transfer,PROD_LIVE,CUST_105,105.75,14.26,38.42,158.43
BILL-000679,2026-03-11,Storage,PROD_VOD,CUST_102,172.92,24.07,21.74,218.73
BILL-000680,2026-03-17,Data Transfer,PROD_ENCODE,CUST_102,246.79,28.02,114.67,389.48
BILL-000681,2026-03-20,Compute,PROD_VOD,CUST_101,206.73,23.9,83.36,313.99
BILL-000682,2026-03-27,Compute,PROD_ENCODE,CUST_105,74.69,35.62,37.3,147.61
BILL-000683,2026-03-14,Compute,PROD_ENCODE,CUST_104,65.57,33.16,46.13,144.85999999999999
BILL-000684,2026-03-27,Data Transfer,PROD_VOD,CUST_104,37.4,21.7,17.77,76.86999999999999
BILL-000685,2026-03-28,Compute,PROD_OTT,CUST_105,133.98,19.3,15.94,169.22
BILL-000686,2026-03-23,Data Transfer,PROD_VOD,CUST_105,87.93,23.19,23.75,134.87
BILL-000687,2026-03-07,Data Transfer,PROD_OTT,CUST_104,67.1,10.42,35.37,112.88999999999999
BILL-000688,2026-03-09,Storage,PROD_ENCODE,CUST_105,67.53,14.64,36.59,118.76
BILL-000689,2026-03-25,Compute,PROD_ENCODE,CUST_105,121.89,21.89,23.55,167.33
BILL-000690,2026-03-18,Storage,PROD_OTT,CUST_103,95.09,32.1,24.72,151.91
BILL-000691,2026-03-05,Data Transfer,PROD_VOD,CUST_106,49.87,32.41,47.87,130.15
BILL-000692,2026-03-04,Compute,PROD_ENCODE,CUST_103,124.11,26.49,36.75,187.35
BILL-000693,2026-03-02,Compute,PROD_ENCODE,CUST_106,20.69,8.19,14.1,42.980000000000004
BILL-000694,2026-03-30,Data Transfer,PROD_ENCODE,CUST_101,70.83,31.9,28.4,131.13
BILL-000695,2026-03-02,Data Transfer,PROD_ENCODE,CUST_104,99.82,23.24,37.89,160.95
BILL-000696,2026-03-20,Compute,PROD_LIVE,CUST_106,84.27,5.37,43.72,133.36
BILL-000697,2026-03-30,Data Transfer,PROD_OTT,CUST_102,60.92,64.96,74.16,200.04
BILL-000698,2026-03-08,Data Transfer,PROD_LIVE,CUST_106,24.69,13.37,8.01,46.07
BILL-000699,2026-03-06,Compute,PROD_OTT,CUST_104,65.91,18.83,32.62,117.35999999999999
BILL-000700,2026-03-17,Compute,UNALLOCATED_RECOVERY,CUST_101,228.62,76.04,78.71,383.37
BILL-000701,2026-03-19,Storage,PROD_OTT,CUST_103,49.42,38.71,27.1,115.22999999999999
BILL-000702,2026-03-13,Data Transfer,PROD_VOD,CUST_103,42.75,22.72,31.46,96.93
BILL-000703,2026-03-17,Storage,PROD_OTT,CUST_101,310.96,96.21,111.99,519.16
BILL-000704,2026-03-27,Data Transfer,PROD_OTT,CUST_106,77.56,18.2,28.31,124.07000000000001
BILL-000705,2026-03-08,Storage,PROD_ENCODE,CUST_106,79.89,25.54,9.15,114.58000000000001
BILL-000706,2026-03-04,Storage,PROD_VOD,CUST_104,102.38,39.8,36.43,178.61
BILL-000707,2026-03-08,Storage,PROD_ENCODE,CUST_103,87.15,5.34,42.95,135.44
BILL-000708,2026-03-08,Storage,PROD_VOD,CUST_104,107.58,33.74,11.19,152.51
BILL-000709,2026-03-30,Compute,PROD_ENCODE,CUST_103,65.96,36.3,19.3,121.55999999999999
BILL-000710,2026-03-24,Data Transfer,PROD_LIVE,CUST_104,115.82,13.22,18.17,147.20999999999998
BILL-000711,2026-03-09,Compute,PROD_LIVE,CUST_102,321.36,85.68,57.38,464.42
BILL-000712,2026-03-25,Compute,PROD_VOD,CUST_101,269.64,70.55,84.45,424.64
BILL-000713,2026-03-25,Data Transfer,PROD_VOD,CUST_104,68.26,16.04,45.72,130.02
BILL-000714,2026-03-29,Data Transfer,PROD_OTT,CUST_104,43.77,31.75,29.47,104.99000000000001
BILL-000715,2026-03-13,Compute,PROD_LIVE,CUST_101,220.86,49.53,118.66,389.04999999999995
BILL-000716,2026-03-02,Data Transfer,PROD_OTT,CUST_104,131.85,32.16,27.2,191.20999999999998
BILL-000717,2026-03-04,Data Transfer,PROD_ENCODE,CUST_103,109.6,5.41,16.85,131.85999999999999
BILL-000718,2026-03-19,Compute,PROD_OTT,CUST_103,99.66,14.09,31.04,144.79
BILL-000719,2026-03-08,Storage,PROD_ENCODE,CUST_105,64.6,11.44,25.81,101.85
BILL-000720,2026-03-14,Data Transfer,PROD_OTT,CUST_103,131.06,14.79,15.56,161.41
BILL-000721,2026-03-05,Data Transfer,PROD_LIVE,CUST_101,284.27,82.86,78.31,445.44
BILL-000722,2026-03-28,Storage,PROD_LIVE,CUST_102,310.01,77.12,69.66,456.78999999999996
BILL-000723,2026-03-01,Compute,PROD_ENCODE,CUST_104,37.48,36.26,34.49,108.22999999999999
BILL-000724,2026-03-18,Data Transfer,PROD_OTT,CUST_104,59.0,24.67,31.85,115.52000000000001
BILL-000725,2026-03-13,Compute,PROD_LIVE,CUST_101,120.03,34.75,108.09,262.87
BILL-000726,2026-03-04,Storage,PROD_OTT,CUST_103,66.93,24.61,47.14,138.68
BILL-000727,2026-03-09,Storage,PROD_VOD,CUST_104,35.76,35.36,48.45,119.57000000000001
BILL-000728,2026-03-07,Data Transfer,PROD_LIVE,CUST_103,66.16,28.56,28.47,123.19
BILL-000729,2026-03-24,Storage,PROD_VOD,CUST_104,99.78,21.23,48.18,169.19
BILL-000730,2026-03-28,Compute,PROD_OTT,CUST_104,102.07,25.01,43.65,170.73
BILL-000731,2026-03-03,Compute,PROD_LIVE,CUST_103,49.67,16.09,20.24,86.0
BILL-000732,2026-03-09,Data Transfer,PROD_ENCODE,CUST_103,135.4,32.33,47.43,215.16000000000003
BILL-000733,2026-03-24,Data Transfer,PROD_ENCODE,CUST_104,41.75,34.9,13.25,89.9
BILL-000734,2026-03-08,Data Transfer,PROD_OTT,CUST_106,111.09,7.8,15.01,133.9
BILL-000735,2026-03-04,Compute,PROD_VOD,CUST_104,91.3,5.92,24.67,121.89
BILL-000736,2026-03-25,Compute,PROD_VOD,CUST_103,100.35,7.95,47.13,155.43
BILL-000737,2026-03-13,Storage,PROD_LIVE,CUST_102,289.72,51.28,33.27,374.27
BILL-000738,2026-03-17,Compute,PROD_VOD,CUST_101,265.65,87.78,54.15,407.5799999999999
BILL-000739,2026-03-16,Storage,PROD_OTT,CUST_105,77.83,38.93,37.3,154.06
BILL-000740,2026-03-06,Data Transfer,PROD_ENCODE,CUST_106,117.36,35.71,26.27,179.34
BILL-000741,2026-03-21,Data Transfer,PROD_OTT,CUST_103,82.61,12.95,11.76,107.32000000000001
BILL-000742,2026-03-10,Storage,PROD_ENCODE,CUST_103,40.24,5.37,29.98,75.59
BILL-000743,2026-03-25,Compute,PROD_OTT,CUST_103,81.0,5.29,46.73,133.02
BILL-000744,2026-03-25,Storage,PROD_OTT,CUST_101,298.91,82.32,82.69,463.92
BILL-000745,2026-03-26,Compute,PROD_OTT,CUST_102,183.81,61.55,61.45,306.81
BILL-000746,2026-03-06,Data Transfer,PROD_ENCODE,CUST_104,48.68,7.77,34.26,90.71000000000001
BILL-000747,2026-03-17,Data Transfer,PROD_OTT,CUST_103,104.3,23.62,19.29,147.21
BILL-000748,2026-03-07,Compute,PROD_LIVE,CUST_102,144.12,68.23,84.86,297.21000000000004
BILL-000749,2026-03-09,Data Transfer,PROD_ENCODE,CUST_102,154.21,25.81,121.82,301.84000000000003
BILL-000750,2026-03-01,Compute,UNALLOCATED_RECOVERY,CUST_103,45.0,30.03,38.54,113.57
BILL-000751,2026-03-08,Compute,PROD_LIVE,CUST_101,210.41,42.42,52.72,305.54999999999995
BILL-000752,2026-03-26,Storage,PROD_OTT,CUST_104,110.6,6.11,11.37,128.07999999999998
BILL-000753,2026-03-25,Compute,PROD_VOD,CUST_103,120.83,7.5,27.75,156.07999999999998
BILL-000754,2026-03-07,Storage,PROD_ENCODE,CUST_101,89.64,79.71,46.14,215.49
BILL-000755,2026-03-25,Storage,PROD_LIVE,CUST_106,149.29,11.97,38.88,200.14
BILL-000756,2026-03-04,Data Transfer,PROD_LIVE,CUST_104,70.59,38.64,47.32,156.55
BILL-000757,2026-03-06,Data Transfer,PROD_VOD,CUST_106,141.86,23.23,18.64,183.73000000000002
BILL-000758,2026-03-21,Storage,PROD_LIVE,CUST_103,135.38,35.23,17.15,187.76
BILL-000759,2026-03-04,Compute,PROD_ENCODE,CUST_103,21.96,32.8,32.56,87.32
BILL-000760,2026-03-13,Compute,PROD_VOD,CUST_101,238.85,72.94,92.28,404.06999999999994
BILL-000761,2026-03-05,Storage,PROD_VOD,CUST_102,101.25,20.5,84.96,206.70999999999998
BILL-000762,2026-03-30,Data Transfer,PROD_VOD,CUST_101,165.54,25.97,76.32,267.83
BILL-000763,2026-03-04,Compute,PROD_ENCODE,CUST_102,152.94,61.36,87.69,301.99
BILL-000764,2026-03-12,Storage,PROD_LIVE,CUST_101,274.01,43.84,34.15,352.0
BILL-000765,2026-03-29,Compute,PROD_ENCODE,CUST_106,76.88,15.32,37.28,129.48
BILL-000766,2026-03-07,Data Transfer,PROD_LIVE,CUST_105,65.2,30.63,19.56,115.39
BILL-000767,2026-03-27,Data Transfer,PROD_LIVE,CUST_101,222.62,51.82,106.04,380.48
BILL-000768,2026-03-18,Storage,PROD_ENCODE,CUST_101,302.17,56.77,97.03,455.97
BILL-000769,2026-03-29,Compute,PROD_OTT,CUST_105,51.04,30.24,35.65,116.93
BILL-000770,2026-03-18,Storage,PROD_LIVE,CUST_105,108.82,31.8,14.47,155.09
BILL-000771,2026-03-10,Storage,PROD_ENCODE,CUST_106,61.86,8.37,35.67,105.9
BILL-000772,2026-03-02,Compute,PROD_LIVE,CUST_101,115.68,54.97,30.37,201.02
BILL-000773,2026-03-19,Data Transfer,PROD_ENCODE,CUST_106,83.69,26.84,32.79,143.32
BILL-000774,2026-03-02,Storage,PROD_LIVE,CUST_105,113.32,5.46,46.68,165.45999999999998
BILL-000775,2026-03-21,Storage,PROD_VOD,CUST_104,124.13,7.12,31.44,162.69
BILL-000776,2026-03-29,Storage,PROD_OTT,CUST_106,27.58,26.59,30.22,84.39
BILL-000777,2026-03-24,Compute,PROD_OTT,CUST_101,357.0,96.55,30.2,483.75
BILL-000778,2026-03-24,Compute,PROD_ENCODE,CUST_102,112.76,69.98,79.85,262.59000000000003
BILL-000779,2026-03-06,Data Transfer,PROD_ENCODE,CUST_106,33.72,27.35,23.03,84.1
BILL-000780,2026-03-15,Data Transfer,PROD_ENCODE,CUST_101,104.21,28.28,62.16,194.65
BILL-000781,2026-03-11,Data Transfer,PROD_LIVE,CUST_105,149.8,20.51,22.8,193.11
BILL-000782,2026-03-11,Data Transfer,PROD_OTT,CUST_103,73.6,27.16,42.7,143.45999999999998
BILL-000783,2026-03-11,Data Transfer,PROD_LIVE,CUST_105,90.93,18.13,31.11,140.17000000000002
BILL-000784,2026-03-24,Storage,PROD_OTT,CUST_104,78.17,18.9,38.51,135.57999999999998
BILL-000785,2026-03-10,Data Transfer,PROD_VOD,CUST_105,37.56,36.16,8.28,82.0
BILL-000786,2026-03-08,Compute,PROD_OTT,CUST_101,300.74,95.04,106.35,502.13
BILL-000787,2026-03-30,Data Transfer,PROD_LIVE,CUST_101,62.26,43.62,34.53,140.41
BILL-000788,2026-03-12,Data Transfer,PROD_LIVE,CUST_102,133.28,38.78,79.9,251.96
BILL-000789,2026-03-19,Compute,PROD_VOD,CUST_106,62.21,21.89,28.51,112.61
BILL-000790,2026-03-29,Data Transfer,PROD_VOD,CUST_105,103.49,6.31,41.95,151.75
BILL-000791,2026-03-13,Compute,PROD_VOD,CUST_103,65.23,33.6,25.49,124.32000000000001
BILL-000792,2026-03-28,Compute,PROD_LIVE,CUST_106,104.86,26.08,8.48,139.42
BILL-000793,2026-03-25,Data Transfer,PROD_ENCODE,CUST_101,149.05,16.1,76.69,241.84
BILL-000794,2026-03-05,Storage,PROD_LIVE,CUST_102,66.42,76.51,61.25,204.18
BILL-000795,2026-03-15,Data Transfer,PROD_VOD,CUST_102,190.38,81.31,35.54,307.23
BILL-000796,2026-03-11,Compute,PROD_ENCODE,CUST_105,116.89,24.19,19.03,160.11
BILL-000797,2026-03-13,Data Transfer,PROD_ENCODE,CUST_106,36.95,9.72,31.49,78.16
BILL-000798,2026-03-16,Storage,PROD_LIVE,CUST_105,100.08,30.75,18.34,149.17
BILL-000799,2026-03-03,Storage,PROD_ENCODE,CUST_103,109.02,25.16,12.73,146.91
BILL-000800,2026-03-14,Storage,UNALLOCATED_RECOVERY,CUST_103,44.76,17.06,35.53,97.35
BILL-000801,2026-03-25,Storage,PROD_LIVE,CUST_103,100.11,39.66,26.57,166.33999999999997
BILL-000802,2026-03-05,Storage,PROD_VOD,CUST_102,114.9,45.21,99.56,259.67
BILL-000803,2026-03-28,Compute,PROD_VOD,CUST_106,27.09,38.21,46.92,112.22
BILL-000804,2026-03-28,Storage,PROD_VOD,CUST_103,110.19,8.89,26.9,145.98
BILL-000805,2026-03-01,Storage,PROD_LIVE,CUST_106,89.94,12.13,29.98,132.04999999999998
BILL-000806,2026-03-09,Data Transfer,PROD_ENCODE,CUST_105,114.89,9.95,37.35,162.19
BILL-000807,2026-03-01,Storage,PROD_VOD,CUST_103,42.14,14.94,41.15,98.22999999999999
BILL-000808,2026-03-20,Storage,PROD_VOD,CUST_104,105.12,5.29,24.32,134.73000000000002
BILL-000809,2026-03-09,Data Transfer,PROD_OTT,CUST_101,56.2,88.4,88.19,232.79000000000002
BILL-000810,2026-03-08,Storage,PROD_VOD,CUST_103,83.01,25.9,11.7,120.61
BILL-000811,2026-03-07,Data Transfer,PROD_ENCODE,CUST_105,140.43,5.75,18.39,164.57
BILL-000812,2026-03-17,Storage,PROD_OTT,CUST_104,71.14,10.5,22.56,104.2
BILL-000813,2026-03-12,Storage,PROD_OTT,CUST_102,373.7,98.13,48.97,520.8
BILL-000814,2026-03-02,Data Transfer,PROD_OTT,CUST_104,135.75,33.52,9.24,178.51000000000002
BILL-000815,2026-03-18,Storage,PROD_LIVE,CUST_102,161.08,46.87,34.41,242.36
BILL-000816,2026-03-24,Storage,PROD_LIVE,CUST_104,51.25,10.35,48.76,110.36
BILL-000817,2026-03-30,Data Transfer,PROD_OTT,CUST_104,90.49,12.24,13.82,116.54999999999998
BILL-000818,2026-03-18,Data Transfer,PROD_LIVE,CUST_102,150.42,74.2,75.0,299.62
BILL-000819,2026-03-05,Storage,PROD_LIVE,CUST_106,141.29,37.1,21.33,199.71999999999997
BILL-000820,2026-03-18,Data Transfer,PROD_VOD,CUST_102,153.22,89.47,96.34,339.03
BILL-000821,2026-03-25,Storage,PROD_ENCODE,CUST_104,59.44,31.1,42.51,133.04999999999998
BILL-000822,2026-03-21,Data Transfer,PROD_OTT,CUST_102,303.21,21.84,39.4,364.44999999999993
BILL-000823,2026-03-25,Data Transfer,PROD_OTT,CUST_105,93.72,13.08,17.75,124.55
BILL-000824,2026-03-22,Compute,PROD_OTT,CUST_101,273.65,54.2,72.74,400.59
BILL-000825,2026-03-20,Storage,PROD_OTT,CUST_102,45.0,55.5,34.44,134.94
BILL-000826,2026-03-07,Compute,PROD_VOD,CUST_104,119.39,5.53,19.33,144.25
BILL-000827,2026-03-14,Compute,PROD_LIVE,CUST_102,71.49,93.62,123.49,288.6
BILL-000828,2026-03-28,Data Transfer,PROD_ENCODE,CUST_106,62.24,21.01,18.36,101.61
BILL-000829,2026-03-13,Compute,PROD_ENCODE,CUST_106,60.68,26.4,39.18,126.25999999999999
BILL-000830,2026-03-20,Data Transfer,PROD_VOD,CUST_105,34.21,20.99,44.87,100.07
BILL-000831,2026-03-29,Compute,PROD_ENCODE,CUST_106,25.1,18.56,40.14,83.8
BILL-000832,2026-03-02,Compute,PROD_OTT,CUST_104,71.75,15.66,42.76,130.17
BILL-000833,2026-03-15,Compute,PROD_ENCODE,CUST_103,99.71,6.91,29.71,136.32999999999998
BILL-000834,2026-03-05,Storage,PROD_ENCODE,CUST_101,284.86,22.4,101.77,409.03
BILL-000835,2026-03-29,Data Transfer,PROD_LIVE,CUST_104,73.76,20.78,15.51,110.05000000000001
BILL-000836,2026-03-19,Data Transfer,PROD_LIVE,CUST_104,31.72,16.34,35.24,83.30000000000001
BILL-000837,2026-03-23,Compute,PROD_VOD,CUST_101,87.1,51.82,58.11,197.02999999999997
BILL-000838,2026-03-17,Data Transfer,PROD_ENCODE,CUST_106,122.84,22.91,47.89,193.64
BILL-000839,2026-03-13,Data Transfer,PROD_ENCODE,CUST_101,299.68,92.32,79.38,471.38
BILL-000840,2026-03-22,Compute,PROD_LIVE,CUST_102,108.13,74.8,64.06,246.99
BILL-000841,2026-03-10,Data Transfer,PROD_ENCODE,CUST_103,101.44,9.11,13.53,124.08
BILL-000842,2026-03-07,Compute,PROD_OTT,CUST_101,199.06,87.35,77.07,363.47999999999996
BILL-000843,2026-03-01,Data Transfer,PROD_ENCODE,CUST_102,120.48,70.2,67.64,258.32
BILL-000844,2026-03-15,Compute,PROD_VOD,CUST_102,336.7,36.83,86.01,459.53999999999996
BILL-000845,2026-03-27,Compute,PROD_VOD,CUST_102,98.18,69.66,23.86,191.7
BILL-000846,2026-03-28,Compute,PROD_OTT,CUST_103,139.65,6.72,25.51,171.88
BILL-000847,2026-03-06,Compute,PROD_OTT,CUST_105,105.92,29.49,32.04,167.45
BILL-000848,2026-03-18,Compute,PROD_ENCODE,CUST_106,95.27,37.6,11.91,144.78
BILL-000849,2026-03-10,Storage,PROD_OTT,CUST_104,126.63,31.55,43.42,201.60000000000002
BILL-000850,2026-03-03,Storage,UNALLOCATED_RECOVERY,CUST_102,89.66,87.7,54.57,231.93
BILL-000851,2026-03-14,Data Transfer,PROD_LIVE,CUST_106,47.18,7.04,32.0,86.22
BILL-000852,2026-03-21,Data Transfer,PROD_VOD,CUST_104,114.13,26.17,41.1,181.4
BILL-000853,2026-03-23,Storage,PROD_ENCODE,CUST_105,130.21,14.09,32.16,176.46
BILL-000854,2026-03-20,Storage,PROD_LIVE,CUST_105,93.14,23.19,34.54,150.87
BILL-000855,2026-03-16,Compute,PROD_LIVE,CUST_106,57.76,11.77,12.96,82.49000000000001
BILL-000856,2026-03-15,Data Transfer,PROD_VOD,CUST_106,130.25,32.98,49.96,213.19
BILL-000857,2026-03-14,Compute,PROD_OTT,CUST_103,92.85,27.31,8.47,128.63
BILL-000858,2026-03-07,Data Transfer,PROD_OTT,CUST_103,122.73,15.77,29.28,167.78
BILL-000859,2026-03-11,Compute,PROD_VOD,CUST_106,63.33,18.86,31.89,114.08
BILL-000860,2026-03-01,Compute,PROD_LIVE,CUST_103,128.4,37.28,28.12,193.8
BILL-000861,2026-03-16,Compute,PROD_LIVE,CUST_104,40.2,21.12,44.34,105.66000000000001
BILL-000862,2026-03-29,Storage,PROD_ENCODE,CUST_104,140.61,6.96,29.89,177.46000000000004
BILL-000863,2026-03-19,Data Transfer,PROD_OTT,CUST_105,89.67,12.29,36.79,138.75
BILL-000864,2026-03-26,Storage,PROD_VOD,CUST_102,141.15,15.23,123.28,279.65999999999997
BILL-000865,2026-03-21,Data Transfer,PROD_LIVE,CUST_105,98.74,11.56,12.91,123.21
BILL-000866,2026-03-26,Storage,PROD_OTT,CUST_106,24.11,19.49,28.88,72.47999999999999
BILL-000867,2026-03-08,Storage,PROD_ENCODE,CUST_103,48.1,15.58,12.71,76.39
BILL-000868,2026-03-26,Compute,PROD_LIVE,CUST_101,194.23,14.68,70.68,279.59000000000003
BILL-000869,2026-03-17,Compute,PROD_LIVE,CUST_103,140.07,30.64,29.99,200.7
BILL-000870,2026-03-25,Storage,PROD_LIVE,CUST_101,317.2,94.58,91.06,502.84
BILL-000871,2026-03-05,Compute,PROD_VOD,CUST_104,70.39,35.27,12.87,118.53
BILL-000872,2026-03-10,Compute,PROD_VOD,CUST_103,80.69,6.61,29.86,117.16
BILL-000873,2026-03-22,Data Transfer,PROD_OTT,CUST_101,237.71,39.81,113.67,391.19
BILL-000874,2026-03-11,Compute,PROD_LIVE,CUST_103,55.96,16.17,26.53,98.66
BILL-000875,2026-03-04,Storage,PROD_LIVE,CUST_102,138.93,13.83,85.41,238.17000000000002
BILL-000876,2026-03-17,Compute,PROD_LIVE,CUST_105,65.54,16.15,13.95,95.64
BILL-000877,2026-03-23,Storage,PROD_LIVE,CUST_102,73.15,66.16,55.57,194.88
BILL-000878,2026-03-15,Compute,PROD_LIVE,CUST_101,202.99,71.61,31.12,305.72
BILL-000879,2026-03-02,Compute,PROD_ENCODE,CUST_104,43.27,25.86,32.9,102.03
BILL-000880,2026-03-27,Data Transfer,PROD_ENCODE,CUST_105,66.23,16.63,16.32,99.18
BILL-000881,2026-03-25,Data Transfer,PROD_VOD,CUST_104,93.81,8.25,41.7,143.76
BILL-000882,2026-03-23,Storage,PROD_VOD,CUST_104,60.35,27.55,40.19,128.09
BILL-000883,2026-03-16,Compute,PROD_LIVE,CUST_102,329.86,66.48,115.85,512.19
BILL-000884,2026-03-13,Compute,PROD_OTT,CUST_103,78.93,6.06,27.96,112.95000000000002
BILL-000885,2026-03-12,Storage,PROD_ENCODE,CUST_102,141.73,43.0,80.34,265.07
BILL-000886,2026-03-17,Compute,PROD_ENCODE,CUST_106,123.58,16.41,35.28,175.27
BILL-000887,2026-03-26,Storage,PROD_ENCODE,CUST_104,96.77,13.35,18.24,128.35999999999999
BILL-000888,2026-03-06,Storage,PROD_ENCODE,CUST_101,160.73,83.72,82.05,326.5
BILL-000889,2026-03-26,Storage,PROD_OTT,CUST_105,110.24,11.06,36.12,157.42
BILL-000890,2026-03-24,Data Transfer,PROD_ENCODE,CUST_101,242.45,53.0,78.28,373.73
BILL-000891,2026-03-27,Storage,PROD_LIVE,CUST_103,144.26,7.44,12.57,164.26999999999998
BILL-000892,2026-03-27,Data Transfer,PROD_ENCODE,CUST_103,84.26,28.11,11.8,124.17
BILL-000893,2026-03-27,Compute,PROD_VOD,CUST_102,264.79,52.14,50.61,367.54
BILL-000894,2026-03-20,Data Transfer,PROD_ENCODE,CUST_102,116.84,89.27,51.47,257.58000000000004
BILL-000895,2026-03-26,Data Transfer,PROD_OTT,CUST_104,113.31,37.03,49.59,199.93
BILL-000896,2026-03-19,Compute,PROD_ENCODE,CUST_102,327.06,17.96,114.61,459.63
BILL-000897,2026-03-02,Compute,PROD_OTT,CUST_101,329.91,88.25,44.7,462.86
BILL-000898,2026-03-23,Data Transfer,PROD_ENCODE,CUST_106,61.36,18.4,24.03,103.78999999999999
BILL-000899,2026-03-18,Compute,PROD_LIVE,CUST_104,38.08,24.44,43.42,105.94
BILL-000900,2026-03-12,Storage,UNALLOCATED_RECOVERY,CUST_103,45.0,28.45,13.64,87.09
BILL-000901,2026-03-03,Data Transfer,PROD_VOD,CUST_102,284.44,55.09,65.86,405.39
BILL-000902,2026-03-05,Compute,PROD_LIVE,CUST_106,124.77,35.11,45.53,205.41
BILL-000903,2026-03-23,Data Transfer,PROD_ENCODE,CUST_105,43.37,22.83,31.19,97.38999999999999
BILL-000904,2026-03-15,Storage,PROD_OTT,CUST_102,110.38,65.4,80.68,256.46000000000004
BILL-000905,2026-03-28,Data Transfer,PROD_LIVE,CUST_106,85.22,19.38,30.94,135.54
BILL-000906,2026-03-12,Compute,PROD_VOD,CUST_105,82.82,17.9,32.37,133.09
BILL-000907,2026-03-23,Compute,PROD_LIVE,CUST_106,115.07,39.43,49.31,203.81
BILL-000908,2026-03-25,Storage,PROD_ENCODE,CUST_105,30.17,36.15,11.71,78.03
BILL-000909,2026-03-16,Data Transfer,PROD_VOD,CUST_106,102.38,32.93,21.12,156.43
BILL-000910,2026-03-02,Storage,PROD_VOD,CUST_104,79.02,36.71,32.11,147.83999999999997
BILL-000911,2026-03-11,Storage,PROD_OTT,CUST_103,57.6,6.24,46.76,110.6
BILL-000912,2026-03-24,Storage,PROD_OTT,CUST_101,254.52,63.09,80.15,397.76
BILL-000913,2026-03-22,Storage,PROD_VOD,CUST_103,83.02,9.44,11.23,103.69
BILL-000914,2026-03-26,Storage,PROD_OTT,CUST_102,250.13,36.58,46.98,333.69
BILL-000915,2026-03-24,Compute,PROD_LIVE,CUST_105,116.07,28.07,23.53,167.67
BILL-000916,2026-03-06,Storage,PROD_LIVE,CUST_104,43.51,23.46,9.39,76.36
BILL-000917,2026-03-03,Compute,PROD_LIVE,CUST_104,117.86,19.45,24.09,161.4
BILL-000918,2026-03-22,Storage,PROD_LIVE,CUST_102,237.77,86.16,25.7,349.63
BILL-000919,2026-03-09,Compute,PROD_VOD,CUST_102,200.8,54.17,70.01,324.98
BILL-000920,2026-03-25,Data Transfer,PROD_LIVE,CUST_104,108.86,18.65,19.03,146.54
BILL-000921,2026-03-17,Storage,PROD_VOD,CUST_103,140.54,20.71,36.5,197.75
BILL-000922,2026-03-17,Data Transfer,PROD_VOD,CUST_101,348.26,68.27,120.4,536.93
BILL-000923,2026-03-14,Data Transfer,PROD_OTT,CUST_103,55.14,33.08,18.72,106.94
BILL-000924,2026-03-19,Storage,PROD_ENCODE,CUST_106,117.38,30.7,32.73,180.80999999999997
BILL-000925,2026-03-07,Data Transfer,PROD_OTT,CUST_106,109.74,11.3,31.0,152.04
BILL-000926,2026-03-22,Compute,PROD_VOD,CUST_101,183.66,58.46,91.98,334.1
BILL-000927,2026-03-12,Compute,PROD_OTT,CUST_103,45.1,5.83,11.86,62.79
BILL-000928,2026-03-20,Data Transfer,PROD_LIVE,CUST_105,102.95,29.78,13.04,145.77
BILL-000929,2026-03-28,Data Transfer,PROD_LIVE,CUST_104,105.33,36.5,31.77,173.6
BILL-000930,2026-03-06,Compute,PROD_LIVE,CUST_103,58.29,28.12,11.18,97.59
BILL-000931,2026-03-15,Storage,PROD_ENCODE,CUST_106,137.44,31.95,21.58,190.96999999999997
BILL-000932,2026-03-06,Compute,PROD_OTT,CUST_101,174.41,41.61,26.31,242.32999999999998
BILL-000933,2026-03-27,Storage,PROD_LIVE,CUST_104,29.02,39.28,16.43,84.72999999999999
BILL-000934,2026-03-13,Compute,PROD_ENCODE,CUST_101,96.76,79.76,42.93,219.45000000000002
BILL-000935,2026-03-21,Compute,PROD_ENCODE,CUST_106,53.67,6.22,10.96,70.85
BILL-000936,2026-03-24,Storage,PROD_ENCODE,CUST_101,341.37,25.52,87.24,454.13
BILL-000937,2026-03-30,Compute,PROD_ENCODE,CUST_103,39.71,16.54,24.44,80.69
BILL-000938,2026-03-01,Data Transfer,PROD_ENCODE,CUST_104,76.69,34.54,40.8,152.02999999999997
BILL-000939,2026-03-26,Compute,PROD_LIVE,CUST_101,174.94,72.81,101.88,349.63
BILL-000940,2026-03-04,Data Transfer,PROD_OTT,CUST_103,108.64,19.02,34.56,162.22
BILL-000941,2026-03-21,Compute,PROD_OTT,CUST_105,130.93,16.9,43.33,191.16000000000003
BILL-000942,2026-03-25,Storage,PROD_LIVE,CUST_102,230.2,97.16,89.38,416.74
BILL-000943,2026-03-10,Data Transfer,PROD_ENCODE,CUST_101,254.95,43.94,28.91,327.8
BILL-000944,2026-03-21,Storage,PROD_LIVE,CUST_102,61.6,14.72,124.62,200.94
BILL-000945,2026-03-08,Storage,PROD_ENCODE,CUST_101,307.64,68.8,72.47,448.90999999999997
BILL-000946,2026-03-27,Storage,PROD_VOD,CUST_101,160.27,42.05,95.71,298.03
BILL-000947,2026-03-13,Compute,PROD_LIVE,CUST_106,106.75,21.04,36.48,164.26999999999998
BILL-000948,2026-03-28,Data Transfer,PROD_LIVE,CUST_106,95.31,37.37,9.55,142.23000000000002
BILL-000949,2026-03-05,Storage,PROD_VOD,CUST_104,137.93,26.64,18.19,182.76
BILL-000950,2026-03-21,Compute,UNALLOCATED_RECOVERY,CUST_102,255.61,91.66,106.18,453.45
BILL-000951,2026-03-04,Storage,PROD_LIVE,CUST_105,28.31,33.61,12.8,74.72
BILL-000952,2026-03-20,Data Transfer,PROD_LIVE,CUST_101,311.45,49.79,105.21,466.45
BILL-000953,2026-03-24,Data Transfer,PROD_ENCODE,CUST_103,35.7,28.94,30.93,95.57
BILL-000954,2026-03-11,Compute,PROD_VOD,CUST_105,42.55,7.21,19.5,69.25999999999999
BILL-000955,2026-03-25,Storage,PROD_LIVE,CUST_106,68.09,10.78,18.23,97.10000000000001
BILL-000956,2026-03-19,Compute,PROD_LIVE,CUST_101,307.09,67.82,59.49,434.4
BILL-000957,2026-03-06,Compute,PROD_ENCODE,CUST_101,52.06,28.2,29.36,109.62
BILL-000958,2026-03-21,Data Transfer,PROD_OTT,CUST_104,110.16,32.73,27.99,170.88
BILL-000959,2026-03-05,Compute,PROD_LIVE,CUST_106,55.22,20.76,18.05,94.03
BILL-000960,2026-03-06,Data Transfer,PROD_VOD,CUST_105,43.4,22.5,47.91,113.81
BILL-000961,2026-03-21,Storage,PROD_OTT,CUST_104,20.59,13.25,12.94,46.78
BILL-000962,2026-03-17,Compute,PROD_OTT,CUST_105,85.98,21.25,34.31,141.54000000000002
BILL-000963,2026-03-07,Storage,PROD_VOD,CUST_102,86.62,25.56,108.6,220.78
BILL-000964,2026-03-30,Storage,PROD_ENCODE,CUST_102,101.92,93.23,25.67,220.82
BILL-000965,2026-03-12,Storage,PROD_LIVE,CUST_104,52.68,26.59,45.38,124.65
BILL-000966,2026-03-15,Compute,PROD_VOD,CUST_106,26.82,23.81,14.64,65.27
BILL-000967,2026-03-01,Storage,PROD_VOD,CUST_101,340.9,75.62,82.23,498.75
BILL-000968,2026-03-11,Storage,PROD_LIVE,CUST_106,107.99,16.4,40.72,165.10999999999999
BILL-000969,2026-03-11,Compute,PROD_VOD,CUST_102,289.77,88.62,59.43,437.82
BILL-000970,2026-03-08,Compute,PROD_ENCODE,CUST_105,82.97,36.17,14.09,133.23
BILL-000971,2026-03-30,Data Transfer,PROD_ENCODE,CUST_102,175.88,24.44,95.58,295.9
BILL-000972,2026-03-21,Storage,PROD_OTT,CUST_102,159.16,15.31,79.71,254.18
BILL-000973,2026-03-09,Compute,PROD_VOD,CUST_104,79.62,10.99,22.43,113.03999999999999
BILL-000974,2026-03-29,Storage,PROD_LIVE,CUST_106,143.86,36.7,32.28,212.84
BILL-000975,2026-03-18,Compute,PROD_VOD,CUST_104,45.0,22.12,49.82,116.94
BILL-000976,2026-03-19,Storage,PROD_ENCODE,CUST_103,21.89,19.98,44.65,86.52000000000001
BILL-000977,2026-03-08,Storage,PROD_ENCODE,CUST_105,48.91,37.46,47.74,134.11
BILL-000978,2026-03-30,Data Transfer,PROD_VOD,CUST_104,147.42,6.4,27.77,181.59
BILL-000979,2026-03-25,Data Transfer,PROD_VOD,CUST_104,89.05,21.77,41.52,152.34
BILL-000980,2026-03-27,Compute,PROD_ENCODE,CUST_104,51.27,24.55,8.52,84.34
BILL-000981,2026-03-24,Storage,PROD_LIVE,CUST_102,166.48,33.42,124.89,324.78999999999996
BILL-000982,2026-03-01,Storage,PROD_OTT,CUST_102,278.57,87.57,98.47,464.61
BILL-000983,2026-03-01,Storage,PROD_ENCODE,CUST_102,334.11,47.97,102.94,485.02000000000004
BILL-000984,2026-03-12,Data Transfer,PROD_ENCODE,CUST_106,102.34,35.11,10.97,148.42
BILL-000985,2026-03-29,Data Transfer,PROD_OTT,CUST_105,24.25,19.91,19.33,63.489999999999995
BILL-000986,2026-03-20,Data Transfer,PROD_LIVE,CUST_106,30.52,35.83,38.9,105.25
BILL-000987,2026-03-02,Data Transfer,PROD_OTT,CUST_101,86.06,44.49,85.01,215.56
BILL-000988,2026-03-12,Storage,PROD_LIVE,CUST_106,92.64,7.35,37.79,137.78
BILL-000989,2026-03-07,Compute,PROD_OTT,CUST_102,225.38,69.29,97.42,392.09000000000003
BILL-000990,2026-03-25,Data Transfer,PROD_LIVE,CUST_106,118.92,16.22,45.71,180.85
BILL-000991,2026-03-17,Data Transfer,PROD_ENCODE,CUST_103,27.08,18.05,27.0,72.13
BILL-000992,2026-03-17,Data Transfer,PROD_VOD,CUST_104,112.28,28.74,30.38,171.4
BILL-000993,2026-03-10,Storage,PROD_OTT,CUST_106,142.9,33.31,47.52,223.73000000000002
BILL-000994,2026-03-03,Compute,PROD_ENCODE,CUST_101,76.06,91.07,50.28,217.41
BILL-000995,2026-03-03,Compute,PROD_LIVE,CUST_103,34.56,10.18,14.32,59.06
BILL-000996,2026-03-07,Data Transfer,PROD_VOD,CUST_103,74.15,28.88,47.13,150.16
BILL-000997,2026-03-16,Storage,PROD_ENCODE,CUST_104,115.9,5.75,15.94,137.59
BILL-000998,2026-03-01,Compute,PROD_OTT,CUST_104,95.23,27.95,41.05,164.23000000000002
BILL-000999,2026-03-16,Data Transfer,PROD_ENCODE,CUST_104,59.53,9.62,41.15,110.30000000000001
BILL-001000,2026-03-06,Storage,UNALLOCATED_RECOVERY,CUST_104,68.35,15.09,43.51,126.94999999999999
BILL-001001,2026-03-05,Storage,PROD_OTT,CUST_104,144.31,26.65,14.75,185.71
BILL-001002,2026-03-18,Storage,PROD_LIVE,CUST_102,322.78,73.13,89.97,485.88
BILL-001003,2026-03-05,Compute,PROD_LIVE,CUST_101,63.37,40.2,33.28,136.85
BILL-001004,2026-03-09,Storage,PROD_LIVE,CUST_102,232.81,15.54,53.28,301.63
BILL-001005,2026-03-12,Compute,PROD_OTT,CUST_104,90.18,10.69,20.67,121.54
BILL-001006,2026-03-30,Compute,PROD_ENCODE,CUST_104,119.91,38.17,46.97,205.04999999999998
BILL-001007,2026-03-05,Compute,PROD_OTT,CUST_106,111.71,21.59,20.17,153.46999999999997
BILL-001008,2026-03-25,Data Transfer,PROD_LIVE,CUST_105,114.71,37.28,22.22,174.21
BILL-001009,2026-03-04,Data Transfer,PROD_ENCODE,CUST_101,95.31,60.71,52.35,208.37
BILL-001010,2026-03-13,Data Transfer,PROD_LIVE,CUST_104,66.46,16.42,33.54,116.41999999999999
BILL-001011,2026-03-07,Data Transfer,PROD_LIVE,CUST_103,45.44,7.93,43.68,97.05
BILL-001012,2026-03-22,Data Transfer,PROD_VOD,CUST_105,71.28,22.17,33.33,126.78
BILL-001013,2026-03-17,Compute,PROD_OTT,CUST_104,39.23,34.88,23.52,97.63
BILL-001014,2026-03-12,Compute,PROD_OTT,CUST_103,65.68,39.21,44.72,149.61
BILL-001015,2026-03-03,Compute,PROD_ENCODE,CUST_106,149.04,33.13,20.12,202.29
BILL-001016,2026-03-26,Data Transfer,PROD_ENCODE,CUST_106,136.54,9.88,32.66,179.07999999999998
BILL-001017,2026-03-03,Compute,PROD_LIVE,CUST_103,81.7,35.36,49.44,166.5
BILL-001018,2026-03-03,Data Transfer,PROD_ENCODE,CUST_101,52.15,68.4,48.7,169.25
BILL-001019,2026-03-06,Data Transfer,PROD_ENCODE,CUST_106,93.83,37.02,16.37,147.22
BILL-001020,2026-03-27,Storage,PROD_OTT,CUST_105,83.78,33.8,20.68,138.26
BILL-001021,2026-03-19,Storage,PROD_ENCODE,CUST_105,116.18,12.86,41.23,170.27
BILL-001022,2026-03-05,Storage,PROD_OTT,CUST_106,128.45,21.54,35.46,185.45
BILL-001023,2026-03-29,Storage,PROD_ENCODE,CUST_102,209.86,72.69,45.7,328.25
BILL-001024,2026-03-04,Storage,PROD_ENCODE,CUST_101,244.64,44.15,70.45,359.23999999999995
BILL-001025,2026-03-14,Storage,PROD_ENCODE,CUST_106,126.38,18.06,38.78,183.22
BILL-001026,2026-03-01,Storage,PROD_LIVE,CUST_105,27.61,16.19,44.89,88.69
BILL-001027,2026-03-05,Storage,PROD_LIVE,CUST_101,138.62,49.21,115.77,303.6
BILL-001028,2026-03-12,Compute,PROD_OTT,CUST_103,88.85,37.77,29.58,156.2
BILL-001029,2026-03-25,Data Transfer,PROD_LIVE,CUST_101,244.6,27.12,53.87,325.59
BILL-001030,2026-03-11,Data Transfer,PROD_OTT,CUST_103,109.11,29.09,12.03,150.23
BILL-001031,2026-03-19,Storage,PROD_LIVE,CUST_101,94.51,37.12,101.77,233.39999999999998
BILL-001032,2026-03-14,Storage,PROD_LIVE,CUST_101,120.81,56.55,107.32,284.68
BILL-001033,2026-03-26,Data Transfer,PROD_VOD,CUST_104,79.86,7.67,42.39,129.92000000000002
BILL-001034,2026-03-30,Compute,PROD_ENCODE,CUST_103,60.5,17.69,42.32,120.50999999999999
BILL-001035,2026-03-29,Data Transfer,PROD_OTT,CUST_102,280.72,15.02,105.53,401.27
BILL-001036,2026-03-08,Compute,PROD_LIVE,CUST_106,49.45,9.39,13.47,72.31
BILL-001037,2026-03-03,Storage,PROD_VOD,CUST_101,56.11,54.87,65.28,176.26
BILL-001038,2026-03-07,Compute,PROD_VOD,CUST_106,86.75,7.07,12.99,106.80999999999999
BILL-001039,2026-03-09,Compute,PROD_VOD,CUST_103,106.79,31.41,40.86,179.06
BILL-001040,2026-03-30,Data Transfer,PROD_LIVE,CUST_105,137.15,11.47,22.76,171.38
BILL-001041,2026-03-03,Compute,PROD_OTT,CUST_105,65.22,10.62,29.03,104.87
BILL-001042,2026-03-24,Data Transfer,PROD_LIVE,CUST_105,94.13,8.47,32.28,134.88
BILL-001043,2026-03-01,Data Transfer,PROD_LIVE,CUST_106,44.9,14.86,45.87,105.63
BILL-001044,2026-03-18,Compute,PROD_VOD,CUST_102,349.16,86.99,69.85,506.0
BILL-001045,2026-03-23,Data Transfer,PROD_LIVE,CUST_104,107.56,8.76,43.06,159.38
BILL-001046,2026-03-13,Storage,PROD_LIVE,CUST_105,49.58,8.95,49.35,107.88
BILL-001047,2026-03-04,Storage,PROD_VOD,CUST_105,37.67,31.68,37.6,106.94999999999999
BILL-001048,2026-03-18,Data Transfer,PROD_VOD,CUST_101,156.64,22.63,49.78,229.04999999999998
BILL-001049,2026-03-20,Data Transfer,PROD_OTT,CUST_106,146.9,20.54,31.26,198.7
BILL-001050,2026-03-10,Storage,UNALLOCATED_RECOVERY,CUST_101,45.0,82.71,118.6,246.31
BILL-001051,2026-03-12,Compute,PROD_VOD,CUST_106,83.91,8.68,26.4,118.99000000000001
BILL-001052,2026-03-22,Data Transfer,PROD_VOD,CUST_101,96.59,47.55,82.01,226.14999999999998
BILL-001053,2026-03-04,Data Transfer,PROD_LIVE,CUST_101,168.21,29.92,41.03,239.16
BILL-001054,2026-03-28,Storage,PROD_VOD,CUST_102,322.39,75.96,49.24,447.59
BILL-001055,2026-03-23,Data Transfer,PROD_OTT,CUST_106,142.62,17.46,36.0,196.08
BILL-001056,2026-03-13,Storage,PROD_OTT,CUST_102,299.6,21.95,46.32,367.87
BILL-001057,2026-03-16,Compute,PROD_LIVE,CUST_101,82.37,17.12,27.16,126.65
BILL-001058,2026-03-22,Compute,PROD_LIVE,CUST_104,98.6,16.44,20.72,135.76
BILL-001059,2026-03-20,Compute,PROD_VOD,CUST_106,117.71,31.87,41.29,190.86999999999998
BILL-001060,2026-03-07,Storage,PROD_ENCODE,CUST_104,85.62,23.99,42.0,151.61
BILL-001061,2026-03-18,Data Transfer,PROD_VOD,CUST_101,371.98,89.51,32.51,494.0
BILL-001062,2026-03-15,Storage,PROD_ENCODE,CUST_104,79.76,6.15,31.38,117.29
BILL-001063,2026-03-28,Storage,PROD_LIVE,CUST_104,75.99,15.94,24.34,116.27
BILL-001064,2026-03-25,Compute,PROD_ENCODE,CUST_106,91.99,23.88,27.73,143.6
BILL-001065,2026-03-18,Compute,PROD_VOD,CUST_104,54.24,25.69,23.87,103.80000000000001
BILL-001066,2026-03-22,Storage,PROD_OTT,CUST_103,27.99,25.67,13.38,67.03999999999999
BILL-001067,2026-03-12,Storage,PROD_VOD,CUST_106,64.36,8.41,22.5,95.27
BILL-001068,2026-03-12,Storage,PROD_OTT,CUST_101,264.9,34.17,88.05,387.12
BILL-001069,2026-03-19,Compute,PROD_VOD,CUST_103,34.88,10.94,30.61,76.43
BILL-001070,2026-03-02,Storage,PROD_ENCODE,CUST_105,86.92,19.74,8.86,115.52
BILL-001071,2026-03-16,Data Transfer,PROD_VOD,CUST_103,69.11,18.66,32.05,119.82
BILL-001072,2026-03-26,Storage,PROD_VOD,CUST_106,107.76,16.76,29.12,153.64000000000001
BILL-001073,2026-03-25,Data Transfer,PROD_OTT,CUST_102,249.82,44.29,65.78,359.89
BILL-001074,2026-03-16,Data Transfer,PROD_VOD,CUST_105,47.83,14.28,20.49,82.6
BILL-001075,2026-03-19,Storage,PROD_LIVE,CUST_105,116.58,8.22,43.46,168.26
BILL-001076,2026-03-04,Data Transfer,PROD_OTT,CUST_103,28.75,33.04,27.96,89.75
BILL-001077,2026-03-07,Storage,PROD_VOD,CUST_106,127.09,22.66,20.6,170.35
BILL-001078,2026-03-22,Data Transfer,PROD_OTT,CUST_102,184.65,34.49,74.11,293.25
BILL-001079,2026-03-22,Data Transfer,PROD_LIVE,CUST_101,254.05,57.67,39.59,351.31000000000006
BILL-001080,2026-03-16,Compute,PROD_ENCODE,CUST_103,141.83,23.65,33.81,199.29000000000002
BILL-001081,2026-03-25,Storage,PROD_VOD,CUST_105,46.08,21.19,18.1,85.37
BILL-001082,2026-03-24,Data Transfer,PROD_OTT,CUST_104,73.33,35.11,46.27,154.71
BILL-001083,2026-03-21,Compute,PROD_ENCODE,CUST_103,127.08,27.61,18.77,173.46
BILL-001084,2026-03-20,Compute,PROD_ENCODE,CUST_102,86.91,29.29,45.79,161.98999999999998
BILL-001085,2026-03-27,Storage,PROD_ENCODE,CUST_104,92.78,20.26,35.17,148.21
BILL-001086,2026-03-02,Compute,PROD_LIVE,CUST_103,37.74,14.04,41.75,93.53
BILL-001087,2026-03-22,Data Transfer,PROD_LIVE,CUST_106,130.83,38.73,28.41,197.97
BILL-001088,2026-03-01,Compute,PROD_VOD,CUST_103,98.21,35.35,45.82,179.38
BILL-001089,2026-03-14,Storage,PROD_VOD,CUST_104,142.61,30.35,13.9,186.86
BILL-001090,2026-03-04,Data Transfer,PROD_VOD,CUST_105,106.35,25.31,40.55,172.20999999999998
BILL-001091,2026-03-17,Storage,PROD_ENCODE,CUST_101,127.37,23.2,104.7,255.26999999999998
BILL-001092,2026-03-11,Data Transfer,PROD_ENCODE,CUST_106,116.71,37.74,17.16,171.60999999999999
BILL-001093,2026-03-04,Compute,PROD_LIVE,CUST_103,77.13,13.9,32.76,123.78999999999999
BILL-001094,2026-03-16,Data Transfer,PROD_OTT,CUST_106,143.33,16.08,25.8,185.21000000000004
BILL-001095,2026-03-22,Compute,PROD_OTT,CUST_102,167.97,75.12,106.24,349.33
BILL-001096,2026-03-01,Data Transfer,PROD_VOD,CUST_106,106.09,37.93,37.01,181.03
BILL-001097,2026-03-26,Data Transfer,PROD_LIVE,CUST_103,91.85,15.82,48.26,155.92999999999998
BILL-001098,2026-03-12,Data Transfer,PROD_VOD,CUST_105,132.7,35.02,24.32,192.04
BILL-001099,2026-03-30,Storage,PROD_OTT,CUST_103,31.73,33.79,17.89,83.41
BILL-001100,2026-03-07,Compute,UNALLOCATED_RECOVERY,CUST_106,61.23,33.43,35.07,129.73
BILL-001101,2026-03-26,Compute,PROD_OTT,CUST_101,317.54,94.79,69.46,481.79
BILL-001102,2026-03-14,Storage,PROD_ENCODE,CUST_101,317.93,73.62,73.17,464.72
BILL-001103,2026-03-12,Storage,PROD_OTT,CUST_104,110.38,31.67,34.94,176.99
BILL-001104,2026-03-06,Data Transfer,PROD_ENCODE,CUST_106,37.69,19.02,34.39,91.1
BILL-001105,2026-03-11,Data Transfer,PROD_VOD,CUST_101,101.29,57.68,121.81,280.78
BILL-001106,2026-03-27,Data Transfer,PROD_LIVE,CUST_105,109.15,32.74,21.41,163.3
BILL-001107,2026-03-16,Data Transfer,PROD_LIVE,CUST_103,42.55,25.76,21.76,90.07000000000001
BILL-001108,2026-03-10,Compute,PROD_VOD,CUST_104,67.79,18.77,23.85,110.41
BILL-001109,2026-03-27,Data Transfer,PROD_LIVE,CUST_101,358.14,93.27,87.95,539.36
BILL-001110,2026-03-21,Compute,PROD_VOD,CUST_104,45.77,29.54,15.09,90.4
BILL-001111,2026-03-13,Data Transfer,PROD_ENCODE,CUST_105,53.82,8.12,23.45,85.39
BILL-001112,2026-03-19,Compute,PROD_VOD,CUST_106,88.36,32.07,46.99,167.42000000000002
BILL-001113,2026-03-27,Data Transfer,PROD_ENCODE,CUST_101,122.96,30.28,119.34,272.58000000000004
BILL-001114,2026-03-27,Storage,PROD_OTT,CUST_106,84.24,9.56,43.97,137.76999999999998
BILL-001115,2026-03-20,Compute,PROD_OTT,CUST_106,108.03,19.64,25.16,152.83
BILL-001116,2026-03-05,Compute,PROD_OTT,CUST_103,50.61,20.78,18.43,89.82
BILL-001117,2026-03-19,Data Transfer,PROD_ENCODE,CUST_101,53.35,24.16,53.94,131.45
BILL-001118,2026-03-23,Storage,PROD_LIVE,CUST_106,69.85,19.82,33.08,122.74999999999999
BILL-001119,2026-03-03,Compute,PROD_VOD,CUST_101,158.18,33.05,115.36,306.59000000000003
BILL-001120,2026-03-20,Data Transfer,PROD_VOD,CUST_101,132.44,66.72,51.76,250.92
BILL-001121,2026-03-13,Data Transfer,PROD_OTT,CUST_102,364.62,61.46,80.95,507.03
BILL-001122,2026-03-09,Compute,PROD_ENCODE,CUST_103,134.13,9.62,21.33,165.07999999999998
BILL-001123,2026-03-17,Storage,PROD_LIVE,CUST_103,35.19,6.55,13.37,55.10999999999999
BILL-001124,2026-03-28,Storage,PROD_OTT,CUST_104,56.78,35.69,33.74,126.21000000000001
BILL-001125,2026-03-25,Storage,PROD_OTT,CUST_104,45.0,16.04,49.77,110.81
BILL-001126,2026-03-25,Compute,PROD_ENCODE,CUST_101,111.4,17.27,39.23,167.9
BILL-001127,2026-03-16,Storage,PROD_LIVE,CUST_106,80.73,9.06,45.6,135.39000000000001
BILL-001128,2026-03-16,Compute,PROD_ENCODE,CUST_103,148.55,24.63,27.23,200.41
BILL-001129,2026-03-04,Data Transfer,PROD_LIVE,CUST_101,163.62,30.33,49.83,243.77999999999997
BILL-001130,2026-03-27,Compute,PROD_OTT,CUST_105,135.82,25.5,32.51,193.82999999999998
BILL-001131,2026-03-01,Data Transfer,PROD_LIVE,CUST_104,139.65,13.62,28.92,182.19
BILL-001132,2026-03-04,Storage,PROD_VOD,CUST_103,108.57,28.82,24.56,161.95
BILL-001133,2026-03-19,Compute,PROD_OTT,CUST_102,59.38,52.77,94.31,206.46
BILL-001134,2026-03-16,Storage,PROD_OTT,CUST_105,105.54,16.53,9.84,131.91
BILL-001135,2026-03-20,Storage,PROD_OTT,CUST_106,149.98,36.74,41.48,228.2
BILL-001136,2026-03-05,Compute,PROD_VOD,CUST_106,56.78,32.94,39.24,128.96
BILL-001137,2026-03-18,Data Transfer,PROD_ENCODE,CUST_101,179.63,28.08,121.33,329.03999999999996
BILL-001138,2026-03-28,Storage,PROD_VOD,CUST_101,327.01,26.76,101.85,455.62
BILL-001139,2026-03-10,Data Transfer,PROD_LIVE,CUST_101,147.03,82.6,97.27,326.9
BILL-001140,2026-03-30,Storage,PROD_LIVE,CUST_103,106.52,34.12,29.53,170.17
BILL-001141,2026-03-16,Storage,PROD_ENCODE,CUST_104,54.9,26.01,11.79,92.69999999999999
BILL-001142,2026-03-14,Storage,PROD_LIVE,CUST_104,101.99,8.25,29.56,139.79999999999998
BILL-001143,2026-03-15,Data Transfer,PROD_LIVE,CUST_106,109.21,10.43,28.8,148.44
BILL-001144,2026-03-21,Data Transfer,PROD_VOD,CUST_103,80.87,7.77,41.66,130.3
BILL-001145,2026-03-10,Compute,PROD_LIVE,CUST_106,137.38,34.45,29.97,201.79999999999998
BILL-001146,2026-03-10,Data Transfer,PROD_VOD,CUST_105,29.95,6.58,12.52,49.05
BILL-001147,2026-03-14,Storage,PROD_VOD,CUST_104,105.91,24.9,18.64,149.45
BILL-001148,2026-03-09,Data Transfer,PROD_VOD,CUST_105,22.11,30.92,27.44,80.47
BILL-001149,2026-03-26,Compute,PROD_ENCODE,CUST_101,77.07,89.22,51.25,217.54
BILL-001150,2026-03-19,Data Transfer,UNALLOCATED_RECOVERY,CUST_106,78.49,33.27,22.34,134.1
BILL-001151,2026-03-30,Compute,PROD_LIVE,CUST_102,75.42,98.44,47.23,221.09
BILL-001152,2026-03-22,Compute,PROD_ENCODE,CUST_105,22.33,18.82,8.56,49.71
BILL-001153,2026-03-21,Storage,PROD_ENCODE,CUST_106,72.66,28.02,39.26,139.94
BILL-001154,2026-03-24,Storage,PROD_OTT,CUST_105,125.71,26.59,37.01,189.30999999999997
BILL-001155,2026-03-23,Data Transfer,PROD_ENCODE,CUST_103,31.39,9.73,16.01,57.13000000000001
BILL-001156,2026-03-27,Compute,PROD_LIVE,CUST_101,118.0,69.25,88.22,275.47
BILL-001157,2026-03-14,Data Transfer,PROD_LIVE,CUST_101,147.8,53.05,69.77,270.62
BILL-001158,2026-03-01,Compute,PROD_LIVE,CUST_102,290.1,51.46,70.93,412.49
BILL-001159,2026-03-01,Storage,PROD_LIVE,CUST_102,145.82,85.08,61.13,292.03
BILL-001160,2026-03-11,Compute,PROD_VOD,CUST_106,130.19,20.11,25.46,175.76000000000002
BILL-001161,2026-03-16,Data Transfer,PROD_OTT,CUST_101,208.44,55.03,82.06,345.53000000000003
BILL-001162,2026-03-20,Data Transfer,PROD_ENCODE,CUST_102,282.14,58.73,64.31,405.18
BILL-001163,2026-03-11,Data Transfer,PROD_VOD,CUST_103,136.07,19.6,27.88,183.54999999999998
BILL-001164,2026-03-16,Data Transfer,PROD_OTT,CUST_104,110.68,5.73,20.1,136.51000000000002
BILL-001165,2026-03-07,Storage,PROD_OTT,CUST_104,50.17,12.69,46.18,109.03999999999999
BILL-001166,2026-03-11,Data Transfer,PROD_ENCODE,CUST_102,337.03,75.76,60.99,473.78
BILL-001167,2026-03-14,Data Transfer,PROD_OTT,CUST_104,123.97,34.56,34.12,192.65
BILL-001168,2026-03-10,Data Transfer,PROD_VOD,CUST_106,82.78,11.07,14.57,108.41999999999999
BILL-001169,2026-03-16,Compute,PROD_ENCODE,CUST_104,59.47,12.33,9.98,81.78
BILL-001170,2026-03-01,Storage,PROD_OTT,CUST_103,108.0,11.12,44.1,163.22
BILL-001171,2026-03-17,Compute,PROD_VOD,CUST_103,75.98,26.61,13.07,115.66
BILL-001172,2026-03-08,Storage,PROD_OTT,CUST_103,122.04,31.93,40.34,194.31
BILL-001173,2026-03-18,Storage,PROD_LIVE,CUST_106,133.58,26.15,12.37,172.10000000000002
BILL-001174,2026-03-02,Storage,PROD_ENCODE,CUST_101,366.76,80.89,84.01,531.66
BILL-001175,2026-03-28,Compute,PROD_VOD,CUST_105,33.7,27.05,44.58,105.33
BILL-001176,2026-03-30,Storage,PROD_LIVE,CUST_106,57.98,20.45,29.25,107.67999999999999
BILL-001177,2026-03-24,Compute,PROD_LIVE,CUST_106,67.29,33.67,13.17,114.13000000000001
BILL-001178,2026-03-07,Storage,PROD_ENCODE,CUST_101,129.73,83.3,55.84,268.87
BILL-001179,2026-03-17,Compute,PROD_VOD,CUST_103,68.42,31.42,23.15,122.99000000000001
BILL-001180,2026-03-22,Compute,PROD_LIVE,CUST_105,74.82,12.99,41.67,129.48
BILL-001181,2026-03-14,Storage,PROD_ENCODE,CUST_105,123.3,17.66,9.25,150.21
BILL-001182,2026-03-05,Compute,PROD_VOD,CUST_101,159.95,47.64,101.1,308.68999999999994
BILL-001183,2026-03-14,Compute,PROD_ENCODE,CUST_101,264.56,68.63,114.76,447.95
BILL-001184,2026-03-02,Data Transfer,PROD_OTT,CUST_104,72.26,28.83,31.25,132.34
BILL-001185,2026-03-10,Data Transfer,PROD_OTT,CUST_103,21.03,14.79,30.17,65.99000000000001
BILL-001186,2026-03-30,Compute,PROD_ENCODE,CUST_104,103.7,36.07,34.22,173.99
BILL-001187,2026-03-20,Data Transfer,PROD_ENCODE,CUST_106,64.88,33.41,35.25,133.54
BILL-001188,2026-03-25,Compute,PROD_OTT,CUST_101,62.02,41.77,96.14,199.93
BILL-001189,2026-03-24,Compute,PROD_OTT,CUST_102,80.17,60.78,74.74,215.69
BILL-001190,2026-03-25,Data Transfer,PROD_LIVE,CUST_101,59.06,82.2,82.21,223.46999999999997
BILL-001191,2026-03-08,Storage,PROD_ENCODE,CUST_105,34.36,7.1,23.67,65.13
BILL-001192,2026-03-21,Data Transfer,PROD_OTT,CUST_101,65.51,69.46,33.1,168.07
BILL-001193,2026-03-10,Data Transfer,PROD_VOD,CUST_104,64.07,13.26,39.32,116.65
BILL-001194,2026-03-19,Data Transfer,PROD_LIVE,CUST_103,58.9,28.34,42.23,129.47
BILL-001195,2026-03-19,Data Transfer,PROD_LIVE,CUST_106,69.1,30.81,12.42,112.33
BILL-001196,2026-03-17,Data Transfer,PROD_LIVE,CUST_103,79.06,10.13,25.88,115.07
BILL-001197,2026-03-14,Compute,PROD_VOD,CUST_101,188.09,23.88,42.55,254.51999999999998
BILL-001198,2026-03-03,Storage,PROD_ENCODE,CUST_105,92.67,32.26,44.62,169.55
BILL-001199,2026-03-19,Storage,PROD_ENCODE,CUST_104,109.57,38.17,38.73,186.47
BILL-001200,2026-03-14,Compute,UNALLOCATED_RECOVERY,CUST_105,45.0,29.89,13.43,88.32
BILL-001201,2026-03-23,Data Transfer,PROD_VOD,CUST_106,47.64,21.57,39.35,108.56
BILL-001202,2026-03-18,Storage,PROD_VOD,CUST_105,130.8,8.86,23.52,163.18000000000004
BILL-001203,2026-03-10,Compute,PROD_LIVE,CUST_101,170.73,99.21,51.84,321.78
BILL-001204,2026-03-16,Compute,PROD_LIVE,CUST_102,304.73,49.4,118.37,472.5
BILL-001205,2026-03-10,Storage,PROD_LIVE,CUST_102,316.22,55.27,32.84,404.33000000000004
BILL-001206,2026-03-12,Compute,PROD_VOD,CUST_104,82.55,15.84,27.0,125.39
BILL-001207,2026-03-11,Storage,PROD_ENCODE,CUST_106,128.38,9.65,13.82,151.85
BILL-001208,2026-03-21,Storage,PROD_ENCODE,CUST_106,78.38,35.32,21.66,135.35999999999999
BILL-001209,2026-03-26,Data Transfer,PROD_ENCODE,CUST_104,50.27,18.84,30.72,99.83
BILL-001210,2026-03-22,Storage,PROD_OTT,CUST_106,31.51,10.8,9.04,51.35
BILL-001211,2026-03-21,Data Transfer,PROD_OTT,CUST_105,103.87,27.54,11.58,142.99
BILL-001212,2026-03-20,Data Transfer,PROD_VOD,CUST_105,87.83,31.27,29.11,148.20999999999998
BILL-001213,2026-03-01,Compute,PROD_LIVE,CUST_101,139.36,30.51,107.12,276.99
BILL-001214,2026-03-27,Data Transfer,PROD_ENCODE,CUST_101,312.25,65.6,62.19,440.04
BILL-001215,2026-03-02,Storage,PROD_VOD,CUST_103,76.81,19.52,44.11,140.44
BILL-001216,2026-03-11,Storage,PROD_OTT,CUST_101,87.26,21.19,37.66,146.11
BILL-001217,2026-03-05,Compute,PROD_OTT,CUST_101,100.12,95.81,91.25,287.18
BILL-001218,2026-03-02,Data Transfer,PROD_OTT,CUST_102,58.83,17.62,60.94,137.39
BILL-001219,2026-03-11,Compute,PROD_ENCODE,CUST_103,53.53,37.96,45.78,137.27
BILL-001220,2026-03-02,Compute,PROD_LIVE,CUST_105,96.18,22.25,39.6,158.03
BILL-001221,2026-03-13,Compute,PROD_OTT,CUST_101,153.46,60.9,26.87,241.23000000000002
BILL-001222,2026-03-01,Storage,PROD_LIVE,CUST_101,137.48,96.8,90.89,325.16999999999996
BILL-001223,2026-03-08,Data Transfer,PROD_LIVE,CUST_103,93.87,20.61,43.54,158.02
BILL-001224,2026-03-17,Compute,PROD_LIVE,CUST_103,90.26,10.89,18.3,119.45
BILL-001225,2026-03-14,Data Transfer,PROD_ENCODE,CUST_101,50.33,53.16,107.08,210.57
BILL-001226,2026-03-10,Data Transfer,PROD_LIVE,CUST_101,69.56,93.16,48.7,211.42000000000002
BILL-001227,2026-03-09,Data Transfer,PROD_ENCODE,CUST_103,129.52,12.45,43.31,185.28
BILL-001228,2026-03-10,Compute,PROD_LIVE,CUST_106,89.43,7.45,11.77,108.65
BILL-001229,2026-03-23,Compute,PROD_LIVE,CUST_106,92.34,14.78,26.14,133.26
BILL-001230,2026-03-20,Data Transfer,PROD_OTT,CUST_106,142.9,27.23,49.14,219.26999999999998
BILL-001231,2026-03-23,Storage,PROD_OTT,CUST_102,265.24,40.64,42.12,348.0
BILL-001232,2026-03-20,Storage,PROD_VOD,CUST_106,37.38,37.28,33.57,108.22999999999999
BILL-001233,2026-03-01,Compute,PROD_LIVE,CUST_104,92.25,29.38,28.54,150.17
BILL-001234,2026-03-13,Data Transfer,PROD_VOD,CUST_106,104.66,23.85,45.49,174.0
BILL-001235,2026-03-27,Data Transfer,PROD_ENCODE,CUST_106,36.04,39.02,23.81,98.87
BILL-001236,2026-03-20,Storage,PROD_ENCODE,CUST_102,322.72,83.54,123.3,529.5600000000001
BILL-001237,2026-03-04,Storage,PROD_OTT,CUST_102,194.49,31.88,22.08,248.45
BILL-001238,2026-03-09,Data Transfer,PROD_OTT,CUST_102,79.24,66.18,51.83,197.25
BILL-001239,2026-03-23,Compute,PROD_LIVE,CUST_104,145.75,6.29,28.7,180.73999999999998
BILL-001240,2026-03-23,Data Transfer,PROD_LIVE,CUST_101,113.73,84.35,61.59,259.66999999999996
BILL-001241,2026-03-28,Storage,PROD_ENCODE,CUST_102,229.33,70.24,79.4,378.97
BILL-001242,2026-03-22,Data Transfer,PROD_LIVE,CUST_101,241.15,77.77,33.38,352.3
BILL-001243,2026-03-30,Data Transfer,PROD_LIVE,CUST_105,114.76,14.6,43.6,172.96
BILL-001244,2026-03-01,Data Transfer,PROD_OTT,CUST_106,92.82,20.89,47.39,161.1
BILL-001245,2026-03-21,Data Transfer,PROD_VOD,CUST_103,76.23,39.83,19.51,135.57
BILL-001246,2026-03-22,Data Transfer,PROD_ENCODE,CUST_104,66.99,31.57,45.12,143.68
BILL-001247,2026-03-08,Compute,PROD_OTT,CUST_104,89.21,16.07,24.46,129.74
BILL-001248,2026-03-11,Compute,PROD_VOD,CUST_106,49.33,29.13,48.23,126.69
BILL-001249,2026-03-30,Compute,PROD_LIVE,CUST_102,157.0,18.0,85.66,260.65999999999997
BILL-001250,2026-03-01,Storage,UNALLOCATED_RECOVERY,CUST_101,242.57,67.3,55.1,364.97
BILL-001251,2026-03-09,Compute,PROD_VOD,CUST_104,50.99,16.93,10.29,78.21000000000001
BILL-001252,2026-03-11,Data Transfer,PROD_LIVE,CUST_101,302.12,66.71,100.23,469.06
BILL-001253,2026-03-21,Storage,PROD_VOD,CUST_101,366.72,92.71,59.63,519.0600000000001
BILL-001254,2026-03-29,Data Transfer,PROD_VOD,CUST_102,70.15,82.71,25.75,178.61
BILL-001255,2026-03-20,Data Transfer,PROD_ENCODE,CUST_101,83.09,17.38,25.48,125.95
BILL-001256,2026-03-28,Storage,PROD_ENCODE,CUST_101,250.62,48.47,110.78,409.87
BILL-001257,2026-03-26,Data Transfer,PROD_VOD,CUST_104,69.91,32.83,44.96,147.7
BILL-001258,2026-03-20,Compute,PROD_OTT,CUST_106,141.89,32.4,27.07,201.35999999999999
BILL-001259,2026-03-11,Data Transfer,PROD_LIVE,CUST_101,83.37,64.58,27.09,175.04
BILL-001260,2026-03-26,Compute,PROD_LIVE,CUST_106,86.16,17.44,28.22,131.82
BILL-001261,2026-03-20,Storage,PROD_LIVE,CUST_102,94.74,16.36,33.41,144.51
BILL-001262,2026-03-19,Storage,PROD_OTT,CUST_103,95.88,23.94,14.12,133.94
BILL-001263,2026-03-16,Storage,PROD_OTT,CUST_103,67.95,5.28,32.63,105.86000000000001
BILL-001264,2026-03-22,Compute,PROD_VOD,CUST_102,214.81,85.58,110.16,410.54999999999995
BILL-001265,2026-03-14,Storage,PROD_LIVE,CUST_102,258.18,30.11,27.18,315.47
BILL-001266,2026-03-07,Data Transfer,PROD_ENCODE,CUST_106,109.94,21.36,37.08,168.38
BILL-001267,2026-03-28,Data Transfer,PROD_OTT,CUST_105,58.95,16.5,12.4,87.85000000000001
BILL-001268,2026-03-29,Compute,PROD_ENCODE,CUST_102,348.98,68.39,92.79,510.16
BILL-001269,2026-03-15,Data Transfer,PROD_LIVE,CUST_102,206.24,79.73,105.54,391.51000000000005
BILL-001270,2026-03-26,Data Transfer,PROD_ENCODE,CUST_102,180.1,84.78,20.71,285.59
BILL-001271,2026-03-01,Compute,PROD_OTT,CUST_101,230.27,24.96,66.24,321.47
BILL-001272,2026-03-21,Data Transfer,PROD_OTT,CUST_101,366.98,29.92,49.83,446.73
BILL-001273,2026-03-08,Storage,PROD_LIVE,CUST_103,130.18,13.61,16.23,160.02
BILL-001274,2026-03-06,Storage,PROD_VOD,CUST_101,320.22,24.51,88.76,433.49
BILL-001275,2026-03-29,Compute,PROD_OTT,CUST_102,45.0,33.51,105.0,183.51
BILL-001276,2026-03-22,Compute,PROD_ENCODE,CUST_106,28.5,10.06,46.81,85.37
BILL-001277,2026-03-26,Compute,PROD_LIVE,CUST_105,69.17,18.1,33.18,120.45000000000002
BILL-001278,2026-03-21,Compute,PROD_VOD,CUST_105,96.35,34.91,20.36,151.62
BILL-001279,2026-03-05,Storage,PROD_LIVE,CUST_101,254.57,37.01,33.28,324.86
BILL-001280,2026-03-17,Data Transfer,PROD_ENCODE,CUST_102,286.37,81.16,103.05,470.58
BILL-001281,2026-03-20,Compute,PROD_LIVE,CUST_105,70.46,35.88,39.55,145.89
BILL-001282,2026-03-12,Storage,PROD_ENCODE,CUST_102,154.59,45.21,92.92,292.72
BILL-001283,2026-03-23,Storage,PROD_ENCODE,CUST_103,95.55,27.33,41.21,164.09
BILL-001284,2026-03-21,Compute,PROD_LIVE,CUST_102,340.84,52.06,44.61,437.51
BILL-001285,2026-03-07,Storage,PROD_ENCODE,CUST_104,94.28,37.74,23.71,155.73000000000002
BILL-001286,2026-03-18,Compute,PROD_LIVE,CUST_101,145.89,57.9,44.17,247.95999999999998
BILL-001287,2026-03-02,Storage,PROD_OTT,CUST_104,78.65,20.14,23.44,122.23
BILL-001288,2026-03-16,Storage,PROD_OTT,CUST_104,23.21,20.46,19.16,62.83
BILL-001289,2026-03-03,Storage,PROD_VOD,CUST_103,129.54,22.95,35.03,187.51999999999998
BILL-001290,2026-03-26,Storage,PROD_LIVE,CUST_101,88.54,44.02,77.33,209.89
BILL-001291,2026-03-11,Compute,PROD_OTT,CUST_103,59.35,33.54,36.71,129.6
BILL-001292,2026-03-09,Compute,PROD_LIVE,CUST_106,116.18,36.93,8.36,161.47000000000003
BILL-001293,2026-03-10,Storage,PROD_OTT,CUST_104,142.96,33.77,39.83,216.56
BILL-001294,2026-03-01,Storage,PROD_LIVE,CUST_104,49.59,30.32,16.81,96.72
BILL-001295,2026-03-08,Data Transfer,PROD_ENCODE,CUST_106,125.87,16.92,11.61,154.40000000000003
BILL-001296,2026-03-28,Compute,PROD_ENCODE,CUST_106,74.3,20.35,43.82,138.47
BILL-001297,2026-03-01,Storage,PROD_LIVE,CUST_105,133.59,15.7,38.99,188.28
BILL-001298,2026-03-16,Data Transfer,PROD_OTT,CUST_103,49.31,19.9,39.61,108.82000000000001
BILL-001299,2026-03-25,Data Transfer,PROD_OTT,CUST_103,96.3,24.87,9.35,130.52
BILL-001300,2026-03-05,Compute,UNALLOCATED_RECOVERY,CUST_105,101.88,26.11,33.53,161.51999999999998
BILL-001301,2026-03-28,Storage,PROD_ENCODE,CUST_102,358.33,18.07,60.58,436.97999999999996
BILL-001302,2026-03-16,Compute,PROD_OTT,CUST_105,145.05,27.37,20.8,193.22000000000003
BILL-001303,2026-03-06,Compute,PROD_LIVE,CUST_101,318.6,65.29,22.82,406.71000000000004
BILL-001304,2026-03-07,Compute,PROD_ENCODE,CUST_103,46.77,15.19,30.02,91.98
BILL-001305,2026-03-15,Compute,PROD_OTT,CUST_105,21.44,16.44,46.21,84.09
BILL-001306,2026-03-13,Compute,PROD_VOD,CUST_102,224.35,54.35,27.22,305.91999999999996
BILL-001307,2026-03-29,Compute,PROD_LIVE,CUST_102,150.67,84.07,89.8,324.53999999999996
BILL-001308,2026-03-06,Data Transfer,PROD_OTT,CUST_105,46.39,30.09,27.28,103.76
BILL-001309,2026-03-07,Compute,PROD_LIVE,CUST_104,28.32,18.97,41.92,89.21000000000001
BILL-001310,2026-03-17,Storage,PROD_ENCODE,CUST_104,80.15,6.37,11.83,98.35000000000001
BILL-001311,2026-03-21,Storage,PROD_OTT,CUST_106,129.54,32.73,24.43,186.7
BILL-001312,2026-03-27,Compute,PROD_ENCODE,CUST_102,108.36,66.55,65.37,240.28
BILL-001313,2026-03-13,Data Transfer,PROD_LIVE,CUST_106,93.92,18.77,47.72,160.41
BILL-001314,2026-03-08,Compute,PROD_OTT,CUST_106,89.91,28.33,10.8,129.04
BILL-001315,2026-03-24,Data Transfer,PROD_LIVE,CUST_104,73.47,31.67,13.09,118.23
BILL-001316,2026-03-12,Compute,PROD_VOD,CUST_105,119.65,16.41,26.94,163.0
BILL-001317,2026-03-09,Compute,PROD_VOD,CUST_104,23.47,27.36,36.38,87.21000000000001
BILL-001318,2026-03-15,Storage,PROD_OTT,CUST_106,71.91,11.8,9.59,93.3
BILL-001319,2026-03-09,Compute,PROD_LIVE,CUST_103,107.14,21.25,27.38,155.76999999999998
BILL-001320,2026-03-03,Data Transfer,PROD_LIVE,CUST_106,143.5,9.91,42.46,195.87
BILL-001321,2026-03-27,Compute,PROD_LIVE,CUST_101,247.27,28.01,33.04,308.32000000000005
BILL-001322,2026-03-24,Storage,PROD_LIVE,CUST_101,268.2,13.48,48.69,330.37
BILL-001323,2026-03-15,Storage,PROD_LIVE,CUST_102,282.18,90.61,75.89,448.68
BILL-001324,2026-03-15,Data Transfer,PROD_VOD,CUST_106,125.5,27.44,38.09,191.03
BILL-001325,2026-03-29,Compute,PROD_ENCODE,CUST_106,60.08,6.83,8.2,75.11
BILL-001326,2026-03-25,Storage,PROD_LIVE,CUST_102,171.76,33.37,29.6,234.73
BILL-001327,2026-03-14,Compute,PROD_VOD,CUST_103,126.67,28.8,10.65,166.12
BILL-001328,2026-03-29,Compute,PROD_LIVE,CUST_106,41.72,19.55,12.52,73.78999999999999
BILL-001329,2026-03-11,Storage,PROD_LIVE,CUST_105,46.93,23.96,47.43,118.32
BILL-001330,2026-03-04,Compute,PROD_LIVE,CUST_101,165.89,27.69,62.22,255.79999999999998
BILL-001331,2026-03-11,Compute,PROD_ENCODE,CUST_102,199.1,18.28,105.58,322.96
BILL-001332,2026-03-21,Data Transfer,PROD_OTT,CUST_101,71.88,31.62,51.66,155.16
BILL-001333,2026-03-20,Storage,PROD_VOD,CUST_106,89.7,39.67,43.72,173.09
BILL-001334,2026-03-06,Storage,PROD_VOD,CUST_105,62.17,27.08,24.32,113.57
BILL-001335,2026-03-30,Data Transfer,PROD_LIVE,CUST_103,42.79,31.66,36.88,111.33000000000001
BILL-001336,2026-03-28,Data Transfer,PROD_ENCODE,CUST_101,158.91,65.75,81.43,306.09000000000003
BILL-001337,2026-03-13,Data Transfer,PROD_LIVE,CUST_105,96.37,39.59,17.77,153.73000000000002
BILL-001338,2026-03-20,Compute,PROD_OTT,CUST_102,289.82,78.76,85.08,453.65999999999997
BILL-001339,2026-03-02,Compute,PROD_OTT,CUST_104,58.56,10.31,16.58,85.45
BILL-001340,2026-03-02,Compute,PROD_ENCODE,CUST_106,134.05,9.7,21.34,165.09
BILL-001341,2026-03-26,Compute,PROD_ENCODE,CUST_106,125.65,31.27,17.62,174.54000000000002
BILL-001342,2026-03-24,Storage,PROD_OTT,CUST_102,116.89,17.23,116.36,250.48000000000002
BILL-001343,2026-03-08,Data Transfer,PROD_LIVE,CUST_105,133.45,23.25,15.71,172.41
BILL-001344,2026-03-21,Compute,PROD_VOD,CUST_104,29.1,11.74,34.64,75.48
BILL-001345,2026-03-05,Compute,PROD_LIVE,CUST_101,106.44,60.52,103.5,270.46000000000004
BILL-001346,2026-03-07,Compute,PROD_VOD,CUST_104,114.25,15.9,38.31,168.46
BILL-001347,2026-03-08,Storage,PROD_LIVE,CUST_105,52.37,14.99,26.83,94.19
BILL-001348,2026-03-21,Compute,PROD_OTT,CUST_104,30.4,39.04,24.73,94.17
BILL-001349,2026-03-06,Storage,PROD_ENCODE,CUST_104,85.69,30.72,39.93,156.34
BILL-001350,2026-03-27,Storage,UNALLOCATED_RECOVERY,CUST_104,45.0,7.91,46.07,98.97999999999999
BILL-001351,2026-03-10,Data Transfer,PROD_LIVE,CUST_105,114.46,14.01,27.47,155.94
BILL-001352,2026-03-15,Storage,PROD_ENCODE,CUST_105,98.78,7.52,13.74,120.03999999999999
BILL-001353,2026-03-16,Compute,PROD_LIVE,CUST_102,51.36,87.89,96.69,235.94
BILL-001354,2026-03-12,Storage,PROD_ENCODE,CUST_104,142.24,38.97,23.67,204.88
BILL-001355,2026-03-16,Storage,PROD_VOD,CUST_104,135.05,39.74,13.23,188.02
BILL-001356,2026-03-30,Data Transfer,PROD_LIVE,CUST_102,297.96,96.25,100.98,495.19
BILL-001357,2026-03-25,Data Transfer,PROD_OTT,CUST_105,112.19,27.22,23.46,162.87
BILL-001358,2026-03-02,Data Transfer,PROD_ENCODE,CUST_104,115.64,13.48,9.45,138.57
BILL-001359,2026-03-27,Storage,PROD_VOD,CUST_106,106.54,10.18,33.43,150.15
BILL-001360,2026-03-22,Compute,PROD_OTT,CUST_102,245.7,95.78,108.36,449.84000000000003
BILL-001361,2026-03-01,Compute,PROD_VOD,CUST_106,112.51,18.45,37.65,168.61
BILL-001362,2026-03-29,Compute,PROD_LIVE,CUST_104,41.56,19.94,37.06,98.56
BILL-001363,2026-03-17,Data Transfer,PROD_ENCODE,CUST_105,60.04,19.41,44.81,124.26
BILL-001364,2026-03-24,Compute,PROD_VOD,CUST_106,94.44,32.91,42.2,169.55
BILL-001365,2026-03-09,Data Transfer,PROD_LIVE,CUST_106,71.74,15.78,49.46,136.98
BILL-001366,2026-03-27,Storage,PROD_VOD,CUST_101,72.7,73.43,75.12,221.25
BILL-001367,2026-03-21,Storage,PROD_ENCODE,CUST_102,107.33,28.81,34.1,170.23999999999998
BILL-001368,2026-03-16,Compute,PROD_VOD,CUST_104,93.72,12.44,16.44,122.6
BILL-001369,2026-03-24,Compute,PROD_LIVE,CUST_103,147.78,35.51,26.51,209.79999999999998
BILL-001370,2026-03-30,Data Transfer,PROD_VOD,CUST_106,41.6,15.26,23.86,80.72
BILL-001371,2026-03-09,Compute,PROD_OTT,CUST_101,240.34,54.32,90.64,385.3
BILL-001372,2026-03-04,Compute,PROD_VOD,CUST_103,117.73,5.25,32.46,155.44
BILL-001373,2026-03-02,Compute,PROD_LIVE,CUST_105,122.93,18.15,29.84,170.92000000000002
BILL-001374,2026-03-25,Storage,PROD_ENCODE,CUST_104,118.4,26.15,22.14,166.69
BILL-001375,2026-03-22,Storage,PROD_OTT,CUST_102,355.82,70.69,59.74,486.25
BILL-001376,2026-03-02,Storage,PROD_OTT,CUST_101,51.0,88.67,62.19,201.86
BILL-001377,2026-03-27,Compute,PROD_VOD,CUST_105,35.98,23.57,47.94,107.49
BILL-001378,2026-03-25,Compute,PROD_OTT,CUST_104,100.39,28.06,27.96,156.41
BILL-001379,2026-03-14,Data Transfer,PROD_LIVE,CUST_101,370.51,96.29,105.33,572.13
BILL-001380,2026-03-01,Data Transfer,PROD_OTT,CUST_101,365.12,76.88,91.18,533.1800000000001
BILL-001381,2026-03-08,Data Transfer,PROD_ENCODE,CUST_104,116.1,32.79,22.63,171.51999999999998
BILL-001382,2026-03-30,Storage,PROD_VOD,CUST_106,70.03,26.25,37.9,134.18
BILL-001383,2026-03-28,Data Transfer,PROD_VOD,CUST_102,211.83,20.12,107.4,339.35
BILL-001384,2026-03-18,Storage,PROD_LIVE,CUST_104,144.16,21.88,30.71,196.75
BILL-001385,2026-03-08,Compute,PROD_LIVE,CUST_106,110.99,8.69,49.72,169.39999999999998
BILL-001386,2026-03-01,Compute,PROD_OTT,CUST_104,119.62,12.71,18.82,151.15
BILL-001387,2026-03-16,Data Transfer,PROD_VOD,CUST_106,37.65,23.71,38.47,99.83
BILL-001388,2026-03-03,Data Transfer,PROD_OTT,CUST_102,352.83,79.55,83.07,515.45
BILL-001389,2026-03-21,Storage,PROD_ENCODE,CUST_106,116.59,30.38,35.46,182.43
BILL-001390,2026-03-26,Data Transfer,PROD_ENCODE,CUST_102,122.65,22.62,29.21,174.48000000000002
BILL-001391,2026-03-03,Storage,PROD_LIVE,CUST_106,142.46,25.05,13.35,180.86
BILL-001392,2026-03-11,Storage,PROD_VOD,CUST_103,28.05,23.75,43.58,95.38
BILL-001393,2026-03-14,Storage,PROD_OTT,CUST_106,141.41,9.42,35.88,186.70999999999998
BILL-001394,2026-03-19,Compute,PROD_VOD,CUST_104,21.19,34.83,21.27,77.28999999999999
BILL-001395,2026-03-27,Storage,PROD_LIVE,CUST_104,108.4,10.16,19.9,138.46
BILL-001396,2026-03-24,Data Transfer,PROD_VOD,CUST_105,61.62,22.58,36.92,121.11999999999999
BILL-001397,2026-03-09,Data Transfer,PROD_ENCODE,CUST_106,127.73,22.33,37.57,187.63
BILL-001398,2026-03-13,Compute,PROD_OTT,CUST_102,319.06,30.93,96.93,446.92
BILL-001399,2026-03-26,Compute,PROD_VOD,CUST_102,328.45,76.15,51.41,456.01
BILL-001400,2026-03-27,Data Transfer,UNALLOCATED_RECOVERY,CUST_101,228.08,42.02,91.18,361.28000000000003
BILL-001401,2026-03-12,Storage,PROD_ENCODE,CUST_101,221.55,37.27,93.12,351.94
BILL-001402,2026-03-07,Data Transfer,PROD_ENCODE,CUST_101,92.54,78.32,80.94,251.8
BILL-001403,2026-03-26,Compute,PROD_OTT,CUST_104,105.1,25.2,26.56,156.85999999999999
BILL-001404,2026-03-16,Storage,PROD_LIVE,CUST_102,120.89,77.98,97.21,296.08
BILL-001405,2026-03-01,Storage,PROD_VOD,CUST_106,122.11,35.05,23.82,180.98
BILL-001406,2026-03-14,Data Transfer,PROD_LIVE,CUST_101,81.22,97.74,38.86,217.82
BILL-001407,2026-03-02,Compute,PROD_OTT,CUST_105,76.4,10.2,38.35,124.95000000000002
BILL-001408,2026-03-08,Compute,PROD_VOD,CUST_102,178.91,38.99,82.6,300.5
BILL-001409,2026-03-06,Data Transfer,PROD_ENCODE,CUST_106,148.85,28.48,11.76,189.08999999999997
BILL-001410,2026-03-15,Data Transfer,PROD_ENCODE,CUST_103,102.2,20.58,8.49,131.27
BILL-001411,2026-03-04,Compute,PROD_VOD,CUST_104,103.38,36.8,17.45,157.63
BILL-001412,2026-03-19,Data Transfer,PROD_ENCODE,CUST_103,110.18,8.31,32.9,151.39000000000001
BILL-001413,2026-03-13,Storage,PROD_ENCODE,CUST_103,94.29,8.48,10.67,113.44000000000001
BILL-001414,2026-03-30,Data Transfer,PROD_LIVE,CUST_104,125.67,5.69,31.35,162.71
BILL-001415,2026-03-18,Data Transfer,PROD_ENCODE,CUST_101,218.64,63.66,94.94,377.23999999999995
BILL-001416,2026-03-26,Data Transfer,PROD_VOD,CUST_102,363.85,91.04,38.97,493.86
BILL-001417,2026-03-20,Data Transfer,PROD_LIVE,CUST_101,230.28,82.54,32.92,345.74
BILL-001418,2026-03-05,Data Transfer,PROD_LIVE,CUST_106,40.96,24.69,43.76,109.41
BILL-001419,2026-03-02,Compute,PROD_VOD,CUST_105,58.82,38.82,15.21,112.85
BILL-001420,2026-03-22,Compute,PROD_LIVE,CUST_103,26.0,38.1,45.99,110.09
BILL-001421,2026-03-10,Data Transfer,PROD_ENCODE,CUST_102,237.55,73.32,74.88,385.75
BILL-001422,2026-03-12,Data Transfer,PROD_LIVE,CUST_106,32.87,33.69,17.96,84.52000000000001
BILL-001423,2026-03-07,Compute,PROD_OTT,CUST_102,361.16,65.19,42.68,469.03000000000003
BILL-001424,2026-03-12,Storage,PROD_LIVE,CUST_106,100.9,7.6,18.71,127.21000000000001
BILL-001425,2026-03-13,Data Transfer,PROD_LIVE,CUST_104,45.0,38.07,36.41,119.47999999999999
BILL-001426,2026-03-23,Compute,PROD_LIVE,CUST_101,254.61,36.07,86.48,377.16
BILL-001427,2026-03-21,Compute,PROD_OTT,CUST_105,105.45,33.72,33.41,172.58
BILL-001428,2026-03-14,Compute,PROD_OTT,CUST_104,69.26,38.74,18.39,126.39
BILL-001429,2026-03-09,Compute,PROD_VOD,CUST_106,91.29,7.31,34.89,133.49
BILL-001430,2026-03-12,Storage,PROD_OTT,CUST_102,332.38,32.25,21.04,385.67
BILL-001431,2026-03-13,Compute,PROD_ENCODE,CUST_101,304.39,23.31,75.28,402.98
BILL-001432,2026-03-29,Storage,PROD_ENCODE,CUST_101,221.91,73.79,110.87,406.57
BILL-001433,2026-03-18,Storage,PROD_VOD,CUST_101,105.49,95.32,60.9,261.71
BILL-001434,2026-03-12,Data Transfer,PROD_ENCODE,CUST_104,97.0,14.07,36.84,147.91
BILL-001435,2026-03-23,Compute,PROD_LIVE,CUST_102,173.11,76.85,25.55,275.51
BILL-001436,2026-03-24,Data Transfer,PROD_OTT,CUST_106,121.08,28.74,25.57,175.39
BILL-001437,2026-03-15,Compute,PROD_ENCODE,CUST_103,123.8,22.58,19.58,165.95999999999998
BILL-001438,2026-03-14,Data Transfer,PROD_LIVE,CUST_103,102.63,8.04,20.84,131.51
BILL-001439,2026-03-25,Storage,PROD_VOD,CUST_106,30.33,30.55,47.68,108.56
BILL-001440,2026-03-06,Data Transfer,PROD_VOD,CUST_101,291.61,60.99,71.75,424.35
BILL-001441,2026-03-28,Compute,PROD_ENCODE,CUST_106,86.13,30.58,28.15,144.85999999999999
BILL-001442,2026-03-17,Data Transfer,PROD_VOD,CUST_104,21.81,11.66,42.92,76.39
BILL-001443,2026-03-01,Data Transfer,PROD_ENCODE,CUST_106,89.46,17.08,49.76,156.29999999999998
BILL-001444,2026-03-22,Data Transfer,PROD_VOD,CUST_105,78.32,10.9,47.07,136.29
BILL-001445,2026-03-25,Data Transfer,PROD_LIVE,CUST_102,74.41,85.95,73.94,234.3
BILL-001446,2026-03-02,Storage,PROD_ENCODE,CUST_104,42.16,38.94,22.19,103.28999999999999
BILL-001447,2026-03-22,Compute,PROD_VOD,CUST_103,58.89,15.27,16.95,91.11
BILL-001448,2026-03-24,Data Transfer,PROD_ENCODE,CUST_102,349.99,93.8,120.71,564.5
BILL-001449,2026-03-17,Compute,PROD_ENCODE,CUST_105,130.29,7.01,8.25,145.54999999999998
BILL-001450,2026-03-15,Storage,UNALLOCATED_RECOVERY,CUST_103,33.93,17.24,38.34,89.51
BILL-001451,2026-03-13,Storage,PROD_VOD,CUST_101,190.01,29.79,75.56,295.36
BILL-001452,2026-03-29,Compute,PROD_ENCODE,CUST_101,346.76,13.1,100.79,460.65000000000003
BILL-001453,2026-03-09,Compute,PROD_ENCODE,CUST_104,68.66,17.76,45.47,131.89
BILL-001454,2026-03-18,Storage,PROD_VOD,CUST_104,105.32,20.38,13.87,139.57
BILL-001455,2026-03-24,Storage,PROD_VOD,CUST_103,134.86,29.82,12.65,177.33
BILL-001456,2026-03-10,Compute,PROD_LIVE,CUST_104,74.74,16.59,9.33,100.66
BILL-001457,2026-03-22,Compute,PROD_ENCODE,CUST_106,147.78,9.16,28.54,185.48
BILL-001458,2026-03-16,Data Transfer,PROD_LIVE,CUST_103,117.64,32.31,24.79,174.73999999999998
BILL-001459,2026-03-24,Data Transfer,PROD_ENCODE,CUST_102,85.66,21.94,22.22,129.82
BILL-001460,2026-03-05,Storage,PROD_VOD,CUST_106,50.75,28.74,22.37,101.86
BILL-001461,2026-03-20,Data Transfer,PROD_VOD,CUST_104,82.43,14.88,11.47,108.78
BILL-001462,2026-03-14,Compute,PROD_LIVE,CUST_106,86.46,13.73,40.2,140.39
BILL-001463,2026-03-28,Storage,PROD_LIVE,CUST_106,126.68,11.94,37.67,176.29000000000002
BILL-001464,2026-03-26,Compute,PROD_LIVE,CUST_102,372.58,64.23,86.62,523.4300000000001
BILL-001465,2026-03-08,Compute,PROD_LIVE,CUST_104,24.99,39.66,47.02,111.66999999999999
BILL-001466,2026-03-14,Compute,PROD_LIVE,CUST_101,330.91,45.78,75.12,451.81000000000006
BILL-001467,2026-03-23,Data Transfer,PROD_LIVE,CUST_102,159.26,54.43,73.54,287.23
BILL-001468,2026-03-21,Compute,PROD_OTT,CUST_101,137.5,37.05,56.86,231.41000000000003
BILL-001469,2026-03-14,Compute,PROD_OTT,CUST_101,109.07,12.55,89.35,210.96999999999997
BILL-001470,2026-03-11,Compute,PROD_OTT,CUST_104,56.42,26.23,26.1,108.75
BILL-001471,2026-03-09,Storage,PROD_OTT,CUST_103,59.57,8.39,8.57,76.53
BILL-001472,2026-03-18,Compute,PROD_OTT,CUST_103,116.37,17.65,40.71,174.73000000000002
BILL-001473,2026-03-17,Data Transfer,PROD_OTT,CUST_102,261.33,30.88,60.33,352.53999999999996
BILL-001474,2026-03-29,Compute,PROD_LIVE,CUST_106,116.54,9.21,32.64,158.39
BILL-001475,2026-03-30,Data Transfer,PROD_LIVE,CUST_102,279.01,93.48,27.86,400.35
BILL-001476,2026-03-18,Data Transfer,PROD_OTT,CUST_103,114.3,39.64,16.48,170.42
BILL-001477,2026-03-24,Compute,PROD_VOD,CUST_102,112.3,60.67,46.52,219.49
BILL-001478,2026-03-29,Data Transfer,PROD_OTT,CUST_103,78.3,30.11,46.26,154.67
BILL-001479,2026-03-03,Storage,PROD_ENCODE,CUST_105,141.07,22.64,8.92,172.62999999999997
BILL-001480,2026-03-20,Storage,PROD_LIVE,CUST_103,25.91,24.82,41.36,92.09
BILL-001481,2026-03-23,Compute,PROD_ENCODE,CUST_104,109.01,35.46,48.8,193.26999999999998
BILL-001482,2026-03-06,Storage,PROD_ENCODE,CUST_105,121.32,19.03,19.4,159.75
BILL-001483,2026-03-06,Compute,PROD_LIVE,CUST_105,48.32,29.39,44.92,122.63000000000001
BILL-001484,2026-03-26,Data Transfer,PROD_ENCODE,CUST_105,112.01,23.38,20.74,156.13000000000002
BILL-001485,2026-03-08,Storage,PROD_OTT,CUST_105,35.48,12.84,30.41,78.72999999999999
BILL-001486,2026-03-10,Compute,PROD_LIVE,CUST_103,140.54,14.47,41.21,196.22
BILL-001487,2026-03-21,Compute,PROD_LIVE,CUST_105,35.1,27.7,34.57,97.37
BILL-001488,2026-03-12,Storage,PROD_VOD,CUST_106,134.92,14.24,13.61,162.76999999999998
BILL-001489,2026-03-29,Data Transfer,PROD_OTT,CUST_103,148.08,26.91,8.44,183.43
BILL-001490,2026-03-12,Compute,PROD_OTT,CUST_102,133.2,13.87,89.02,236.08999999999997
BILL-001491,2026-03-28,Data Transfer,PROD_VOD,CUST_106,116.95,18.37,35.46,170.78
BILL-001492,2026-03-28,Data Transfer,PROD_LIVE,CUST_104,48.68,14.41,32.43,95.52000000000001
BILL-001493,2026-03-26,Storage,PROD_LIVE,CUST_104,50.12,30.42,23.48,104.02
BILL-001494,2026-03-29,Storage,PROD_VOD,CUST_104,43.6,11.48,44.22,99.3
BILL-001495,2026-03-07,Data Transfer,PROD_ENCODE,CUST_106,43.45,14.87,21.03,79.35
BILL-001496,2026-03-29,Compute,PROD_ENCODE,CUST_106,99.02,7.43,11.03,117.47999999999999
BILL-001497,2026-03-08,Storage,PROD_ENCODE,CUST_101,285.4,24.51,98.8,408.71
BILL-001498,2026-03-01,Data Transfer,PROD_VOD,CUST_104,69.92,8.85,8.57,87.34
BILL-001499,2026-03-27,Data Transfer,PROD_VOD,CUST_102,130.71,19.81,34.98,185.5
BILL-001500,2026-03-21,Data Transfer,UNALLOCATED_RECOVERY,CUST_101,45.0,21.8,97.29,164.09
BILL-001501,2026-03-11,Data Transfer,PROD_VOD,CUST_102,95.25,78.97,113.7,287.92
BILL-001502,2026-03-27,Compute,PROD_OTT,CUST_103,82.26,13.53,30.83,126.62
BILL-001503,2026-03-09,Data Transfer,PROD_VOD,CUST_101,318.1,21.5,51.16,390.76
BILL-001504,2026-03-17,Storage,PROD_LIVE,CUST_101,346.45,14.6,64.85,425.9
BILL-001505,2026-03-05,Storage,PROD_OTT,CUST_102,349.55,72.39,92.11,514.05
BILL-001506,2026-03-23,Compute,PROD_ENCODE,CUST_102,372.0,32.15,120.43,524.5799999999999
BILL-001507,2026-03-10,Storage,PROD_VOD,CUST_105,63.38,17.62,46.84,127.84
BILL-001508,2026-03-03,Compute,PROD_LIVE,CUST_102,189.3,41.8,39.04,270.14000000000004
BILL-001509,2026-03-14,Compute,PROD_OTT,CUST_105,126.28,17.19,12.36,155.82999999999998
BILL-001510,2026-03-30,Storage,PROD_OTT,CUST_103,125.39,29.9,11.21,166.5
BILL-001511,2026-03-01,Compute,PROD_LIVE,CUST_103,39.21,20.63,41.47,101.31
BILL-001512,2026-03-16,Compute,PROD_VOD,CUST_105,75.57,30.43,14.08,120.08
BILL-001513,2026-03-11,Compute,PROD_LIVE,CUST_104,65.84,22.3,28.21,116.35
BILL-001514,2026-03-14,Data Transfer,PROD_OTT,CUST_102,310.7,69.72,45.82,426.23999999999995
BILL-001515,2026-03-14,Data Transfer,PROD_ENCODE,CUST_105,89.39,23.64,42.5,155.53
BILL-001516,2026-03-13,Compute,PROD_ENCODE,CUST_105,95.12,29.27,39.43,163.82
BILL-001517,2026-03-23,Compute,PROD_LIVE,CUST_103,20.37,39.79,8.72,68.88
BILL-001518,2026-03-18,Storage,PROD_LIVE,CUST_101,69.36,43.07,109.12,221.55
BILL-001519,2026-03-28,Compute,PROD_OTT,CUST_104,38.74,34.87,48.82,122.43
BILL-001520,2026-03-30,Storage,PROD_LIVE,CUST_102,319.04,17.39,34.47,370.9
BILL-001521,2026-03-23,Data Transfer,PROD_LIVE,CUST_104,115.3,29.36,25.84,170.5
BILL-001522,2026-03-02,Data Transfer,PROD_VOD,CUST_106,95.61,21.69,32.94,150.24
BILL-001523,2026-03-06,Compute,PROD_LIVE,CUST_103,38.37,13.58,8.52,60.47
BILL-001524,2026-03-27,Storage,PROD_LIVE,CUST_102,202.67,24.76,75.38,302.80999999999995
BILL-001525,2026-03-10,Storage,PROD_ENCODE,CUST_106,63.85,32.35,37.2,133.4
BILL-001526,2026-03-10,Compute,PROD_LIVE,CUST_101,336.38,15.31,98.87,450.56
BILL-001527,2026-03-17,Compute,PROD_VOD,CUST_104,128.25,28.8,44.79,201.84
BILL-001528,2026-03-18,Data Transfer,PROD_OTT,CUST_105,85.24,29.83,25.79,140.85999999999999
BILL-001529,2026-03-06,Storage,PROD_VOD,CUST_105,69.08,38.29,39.21,146.58
BILL-001530,2026-03-13,Data Transfer,PROD_VOD,CUST_102,177.49,84.47,122.48,384.44000000000005
BILL-001531,2026-03-20,Compute,PROD_ENCODE,CUST_104,60.71,27.47,42.74,130.92000000000002
BILL-001532,2026-03-06,Compute,PROD_OTT,CUST_106,75.15,14.45,12.38,101.98
BILL-001533,2026-03-12,Data Transfer,PROD_OTT,CUST_101,127.85,26.74,31.18,185.77
BILL-001534,2026-03-07,Data Transfer,PROD_VOD,CUST_103,44.41,12.06,47.03,103.5
BILL-001535,2026-03-08,Storage,PROD_VOD,CUST_105,93.42,24.73,41.19,159.34
BILL-001536,2026-03-02,Compute,PROD_OTT,CUST_101,356.64,13.24,57.45,427.33
BILL-001537,2026-03-10,Storage,PROD_LIVE,CUST_103,117.74,30.4,48.9,197.04
BILL-001538,2026-03-23,Data Transfer,PROD_VOD,CUST_103,72.95,30.95,12.24,116.14
BILL-001539,2026-03-26,Compute,PROD_VOD,CUST_105,123.49,21.69,44.49,189.67000000000002
BILL-001540,2026-03-02,Storage,PROD_LIVE,CUST_102,271.77,19.39,85.73,376.89
BILL-001541,2026-03-23,Compute,PROD_LIVE,CUST_106,105.05,31.91,14.76,151.72
BILL-001542,2026-03-17,Data Transfer,PROD_OTT,CUST_104,122.1,16.87,23.13,162.1
BILL-001543,2026-03-28,Storage,PROD_VOD,CUST_106,120.64,18.57,16.77,155.98000000000002
BILL-001544,2026-03-20,Data Transfer,PROD_VOD,CUST_102,234.24,99.51,30.23,363.98
BILL-001545,2026-03-01,Compute,PROD_OTT,CUST_105,132.78,32.91,45.6,211.29
BILL-001546,2026-03-16,Compute,PROD_ENCODE,CUST_103,42.06,15.35,10.86,68.27000000000001
BILL-001547,2026-03-19,Storage,PROD_OTT,CUST_101,73.12,74.68,68.38,216.18
BILL-001548,2026-03-16,Storage,PROD_ENCODE,CUST_106,140.14,37.89,48.81,226.83999999999997
BILL-001549,2026-03-16,Compute,PROD_OTT,CUST_103,72.12,35.0,46.52,153.64000000000001
BILL-001550,2026-03-05,Storage,UNALLOCATED_RECOVERY,CUST_105,129.83,38.32,23.69,191.84
BILL-001551,2026-03-22,Storage,PROD_ENCODE,CUST_103,134.06,39.69,9.79,183.54
BILL-001552,2026-03-21,Compute,PROD_LIVE,CUST_106,126.76,5.28,43.83,175.87
BILL-001553,2026-03-10,Storage,PROD_LIVE,CUST_105,71.91,7.55,24.31,103.77
BILL-001554,2026-03-15,Data Transfer,PROD_VOD,CUST_103,80.56,27.49,45.81,153.86
BILL-001555,2026-03-15,Compute,PROD_VOD,CUST_102,287.83,92.78,116.86,497.47
BILL-001556,2026-03-25,Storage,PROD_LIVE,CUST_104,62.73,16.1,49.85,128.68
BILL-001557,2026-03-16,Compute,PROD_ENCODE,CUST_101,140.47,15.85,36.35,192.67
BILL-001558,2026-03-16,Compute,PROD_LIVE,CUST_103,93.87,39.57,40.52,173.96
BILL-001559,2026-03-02,Storage,PROD_ENCODE,CUST_104,47.74,12.4,8.96,69.1
BILL-001560,2026-03-25,Data Transfer,PROD_ENCODE,CUST_103,52.77,11.16,13.95,77.88000000000001
BILL-001561,2026-03-09,Storage,PROD_VOD,CUST_103,133.59,20.8,25.63,180.02
BILL-001562,2026-03-07,Data Transfer,PROD_OTT,CUST_102,319.93,20.59,114.67,455.19
BILL-001563,2026-03-11,Storage,PROD_LIVE,CUST_102,163.51,49.17,69.93,282.61
BILL-001564,2026-03-23,Compute,PROD_ENCODE,CUST_103,138.64,24.96,42.57,206.17
BILL-001565,2026-03-18,Data Transfer,PROD_LIVE,CUST_101,284.89,63.12,35.18,383.19
BILL-001566,2026-03-22,Data Transfer,PROD_OTT,CUST_101,98.91,52.63,35.49,187.03
BILL-001567,2026-03-28,Storage,PROD_VOD,CUST_106,72.83,23.22,8.15,104.2
BILL-001568,2026-03-15,Compute,PROD_ENCODE,CUST_106,146.03,8.41,17.18,171.62
BILL-001569,2026-03-07,Storage,PROD_LIVE,CUST_105,69.08,17.18,48.0,134.26
BILL-001570,2026-03-22,Data Transfer,PROD_VOD,CUST_103,125.79,5.57,45.66,177.02
BILL-001571,2026-03-17,Compute,PROD_ENCODE,CUST_106,149.88,19.49,22.77,192.14000000000001
BILL-001572,2026-03-27,Data Transfer,PROD_ENCODE,CUST_105,146.63,16.75,46.91,210.29
BILL-001573,2026-03-15,Storage,PROD_OTT,CUST_102,229.64,26.73,65.77,322.14
BILL-001574,2026-03-10,Data Transfer,PROD_ENCODE,CUST_106,56.82,26.71,46.86,130.39
BILL-001575,2026-03-28,Compute,PROD_VOD,CUST_101,45.0,13.94,117.91,176.85
BILL-001576,2026-03-04,Storage,PROD_VOD,CUST_106,77.73,25.34,9.37,112.44000000000001
BILL-001577,2026-03-10,Storage,PROD_LIVE,CUST_102,302.49,60.76,32.02,395.27
BILL-001578,2026-03-28,Storage,PROD_VOD,CUST_103,145.79,36.99,25.34,208.12
BILL-001579,2026-03-27,Data Transfer,PROD_ENCODE,CUST_101,355.38,80.94,73.29,509.61
BILL-001580,2026-03-09,Data Transfer,PROD_OTT,CUST_103,129.0,32.83,25.42,187.25
BILL-001581,2026-03-08,Compute,PROD_ENCODE,CUST_101,55.05,25.92,59.31,140.28
BILL-001582,2026-03-27,Data Transfer,PROD_OTT,CUST_103,42.15,25.03,26.06,93.24000000000001
BILL-001583,2026-03-18,Storage,PROD_LIVE,CUST_105,103.78,34.0,41.66,179.44
BILL-001584,2026-03-19,Storage,PROD_LIVE,CUST_106,70.75,30.48,24.93,126.16
BILL-001585,2026-03-11,Data Transfer,PROD_LIVE,CUST_104,50.03,29.85,13.31,93.19
BILL-001586,2026-03-04,Data Transfer,PROD_ENCODE,CUST_106,139.17,34.31,14.68,188.16
BILL-001587,2026-03-11,Compute,PROD_VOD,CUST_101,58.33,13.51,100.85,172.69
BILL-001588,2026-03-05,Compute,PROD_VOD,CUST_105,69.71,30.98,13.48,114.17
BILL-001589,2026-03-15,Data Transfer,PROD_OTT,CUST_102,127.91,91.07,51.18,270.15999999999997
BILL-001590,2026-03-18,Compute,PROD_ENCODE,CUST_103,105.7,14.62,47.27,167.59
BILL-001591,2026-03-21,Compute,PROD_VOD,CUST_101,199.22,64.64,31.24,295.1
BILL-001592,2026-03-10,Storage,PROD_LIVE,CUST_101,75.15,86.4,115.84,277.39
BILL-001593,2026-03-07,Storage,PROD_VOD,CUST_104,123.41,19.48,28.43,171.32
BILL-001594,2026-03-21,Compute,PROD_LIVE,CUST_106,74.59,36.14,34.61,145.34
BILL-001595,2026-03-15,Compute,PROD_LIVE,CUST_103,21.32,11.25,31.83,64.4
BILL-001596,2026-03-20,Compute,PROD_VOD,CUST_103,149.19,21.94,33.79,204.92
BILL-001597,2026-03-18,Compute,PROD_LIVE,CUST_105,116.42,37.43,16.1,169.95
BILL-001598,2026-03-01,Data Transfer,PROD_VOD,CUST_105,86.53,10.33,44.41,141.26999999999998
BILL-001599,2026-03-04,Compute,PROD_VOD,CUST_103,38.01,7.92,37.05,82.97999999999999
BILL-001600,2026-03-05,Storage,UNALLOCATED_RECOVERY,CUST_104,45.9,8.22,37.74,91.86
BILL-001601,2026-03-21,Storage,PROD_ENCODE,CUST_106,125.17,20.26,47.75,193.18
BILL-001602,2026-03-30,Compute,PROD_OTT,CUST_102,114.31,86.53,95.33,296.17
BILL-001603,2026-03-13,Compute,PROD_OTT,CUST_102,308.08,95.95,71.22,475.25
BILL-001604,2026-03-29,Storage,PROD_ENCODE,CUST_105,117.12,33.56,34.16,184.84
BILL-001605,2026-03-20,Storage,PROD_ENCODE,CUST_102,234.32,45.22,86.43,365.96999999999997
BILL-001606,2026-03-03,Storage,PROD_LIVE,CUST_101,361.38,34.64,63.03,459.04999999999995
BILL-001607,2026-03-20,Data Transfer,PROD_OTT,CUST_104,23.89,11.3,21.55,56.739999999999995
BILL-001608,2026-03-26,Compute,PROD_OTT,CUST_102,73.61,69.98,59.06,202.65
BILL-001609,2026-03-25,Storage,PROD_VOD,CUST_101,153.54,13.45,54.53,221.51999999999998
BILL-001610,2026-03-15,Data Transfer,PROD_OTT,CUST_102,232.53,46.24,83.19,361.96
BILL-001611,2026-03-17,Compute,PROD_VOD,CUST_105,56.15,26.28,45.1,127.53
BILL-001612,2026-03-28,Data Transfer,PROD_VOD,CUST_105,136.05,19.76,39.76,195.57
BILL-001613,2026-03-11,Storage,PROD_LIVE,CUST_102,66.14,55.72,24.91,146.77
BILL-001614,2026-03-09,Storage,PROD_VOD,CUST_101,197.16,65.13,82.07,344.35999999999996
BILL-001615,2026-03-08,Data Transfer,PROD_VOD,CUST_103,22.32,32.42,32.18,86.92
BILL-001616,2026-03-01,Storage,PROD_OTT,CUST_102,323.53,47.75,114.06,485.34
BILL-001617,2026-03-30,Data Transfer,PROD_VOD,CUST_103,103.82,7.43,12.0,123.25
BILL-001618,2026-03-26,Storage,PROD_OTT,CUST_103,61.23,17.1,11.35,89.67999999999999
BILL-001619,2026-03-25,Storage,PROD_ENCODE,CUST_105,26.12,15.45,49.33,90.9
BILL-001620,2026-03-16,Data Transfer,PROD_VOD,CUST_103,141.9,8.6,17.41,167.91
BILL-001621,2026-03-27,Compute,PROD_LIVE,CUST_101,372.9,87.87,96.05,556.8199999999999
BILL-001622,2026-03-08,Compute,PROD_VOD,CUST_102,285.34,83.57,105.7,474.60999999999996
BILL-001623,2026-03-18,Compute,PROD_VOD,CUST_103,134.83,6.51,10.02,151.36
BILL-001624,2026-03-10,Compute,PROD_OTT,CUST_103,109.43,32.71,23.94,166.08
BILL-001625,2026-03-23,Compute,PROD_LIVE,CUST_105,79.89,9.42,44.2,133.51
BILL-001626,2026-03-25,Data Transfer,PROD_ENCODE,CUST_106,78.08,9.28,30.16,117.52
BILL-001627,2026-03-19,Storage,PROD_ENCODE,CUST_103,61.85,30.58,17.48,109.91000000000001
BILL-001628,2026-03-09,Storage,PROD_VOD,CUST_103,92.61,35.55,35.7,163.86
BILL-001629,2026-03-24,Compute,PROD_VOD,CUST_101,365.82,17.77,21.38,404.96999999999997
BILL-001630,2026-03-07,Storage,PROD_ENCODE,CUST_102,208.48,42.29,105.47,356.24
BILL-001631,2026-03-25,Data Transfer,PROD_OTT,CUST_103,112.11,27.94,43.61,183.66000000000003
BILL-001632,2026-03-04,Compute,PROD_LIVE,CUST_103,70.12,20.84,34.06,125.02000000000001
BILL-001633,2026-03-07,Storage,PROD_LIVE,CUST_101,140.3,26.87,52.25,219.42000000000002
BILL-001634,2026-03-28,Data Transfer,PROD_VOD,CUST_102,199.81,21.88,31.57,253.26
BILL-001635,2026-03-01,Storage,PROD_LIVE,CUST_103,23.72,28.17,27.01,78.9
BILL-001636,2026-03-09,Compute,PROD_VOD,CUST_103,76.09,10.27,29.09,115.45
BILL-001637,2026-03-17,Storage,PROD_VOD,CUST_104,55.44,8.42,35.24,99.1
BILL-001638,2026-03-24,Storage,PROD_LIVE,CUST_103,44.63,11.18,19.59,75.4
BILL-001639,2026-03-20,Storage,PROD_ENCODE,CUST_101,271.38,69.06,120.69,461.13
BILL-001640,2026-03-08,Compute,PROD_VOD,CUST_101,236.95,33.39,75.87,346.21
BILL-001641,2026-03-09,Compute,PROD_ENCODE,CUST_104,71.08,12.7,42.61,126.39
BILL-001642,2026-03-23,Storage,PROD_ENCODE,CUST_102,105.58,30.31,86.87,222.76
BILL-001643,2026-03-23,Data Transfer,PROD_OTT,CUST_106,20.4,11.48,46.13,78.01
BILL-001644,2026-03-20,Storage,PROD_OTT,CUST_106,51.02,16.03,10.92,77.97000000000001
BILL-001645,2026-03-06,Storage,PROD_ENCODE,CUST_102,362.73,70.78,64.93,498.44
BILL-001646,2026-03-01,Compute,PROD_OTT,CUST_101,105.49,79.02,21.02,205.53
BILL-001647,2026-03-12,Storage,PROD_VOD,CUST_104,133.52,21.54,9.9,164.96
BILL-001648,2026-03-01,Data Transfer,PROD_OTT,CUST_102,220.71,27.14,35.39,283.24
BILL-001649,2026-03-04,Compute,PROD_OTT,CUST_106,63.64,22.17,22.73,108.54
BILL-001650,2026-03-18,Storage,UNALLOCATED_RECOVERY,CUST_103,45.0,5.47,22.81,73.28
BILL-001651,2026-03-23,Storage,PROD_ENCODE,CUST_101,137.73,57.94,87.18,282.85
BILL-001652,2026-03-05,Storage,PROD_LIVE,CUST_106,149.23,17.5,9.3,176.03
BILL-001653,2026-03-19,Data Transfer,PROD_ENCODE,CUST_103,46.82,8.12,46.67,101.61
BILL-001654,2026-03-13,Data Transfer,PROD_VOD,CUST_103,134.03,28.76,45.77,208.56
BILL-001655,2026-03-15,Data Transfer,PROD_LIVE,CUST_103,138.34,17.21,21.91,177.46
BILL-001656,2026-03-19,Storage,PROD_OTT,CUST_103,44.77,25.28,37.48,107.53
BILL-001657,2026-03-27,Data Transfer,PROD_VOD,CUST_104,123.39,24.83,41.29,189.51
BILL-001658,2026-03-12,Storage,PROD_VOD,CUST_101,212.15,72.48,68.96,353.59
BILL-001659,2026-03-05,Data Transfer,PROD_OTT,CUST_105,92.56,10.69,28.45,131.7
BILL-001660,2026-03-03,Storage,PROD_VOD,CUST_104,25.32,14.91,32.91,73.14
BILL-001661,2026-03-02,Storage,PROD_OTT,CUST_101,189.85,70.27,20.07,280.19
BILL-001662,2026-03-09,Compute,PROD_OTT,CUST_103,122.08,22.57,48.26,192.91
BILL-001663,2026-03-18,Compute,PROD_VOD,CUST_106,55.19,39.86,16.26,111.31
BILL-001664,2026-03-19,Compute,PROD_OTT,CUST_102,60.44,94.13,46.12,200.69
BILL-001665,2026-03-22,Data Transfer,PROD_ENCODE,CUST_104,71.88,36.65,45.51,154.04
BILL-001666,2026-03-30,Storage,PROD_OTT,CUST_102,233.27,71.91,53.86,359.04
BILL-001667,2026-03-19,Compute,PROD_LIVE,CUST_103,37.64,24.4,20.64,82.68
BILL-001668,2026-03-03,Storage,PROD_ENCODE,CUST_105,43.84,32.38,43.02,119.24000000000001
BILL-001669,2026-03-04,Compute,PROD_ENCODE,CUST_106,60.72,37.72,37.93,136.37
BILL-001670,2026-03-15,Storage,PROD_ENCODE,CUST_104,74.67,19.36,9.16,103.19
BILL-001671,2026-03-18,Compute,PROD_ENCODE,CUST_101,295.65,66.33,51.75,413.72999999999996
BILL-001672,2026-03-08,Data Transfer,PROD_OTT,CUST_102,251.79,91.24,112.17,455.2
BILL-001673,2026-03-02,Storage,PROD_LIVE,CUST_104,107.11,21.2,40.05,168.36
BILL-001674,2026-03-17,Storage,PROD_VOD,CUST_101,67.78,85.12,88.24,241.14
BILL-001675,2026-03-11,Data Transfer,PROD_VOD,CUST_103,93.51,29.17,44.3,166.98000000000002
BILL-001676,2026-03-04,Data Transfer,PROD_VOD,CUST_106,46.66,10.05,39.1,95.81
BILL-001677,2026-03-16,Compute,PROD_LIVE,CUST_106,103.16,10.42,34.39,147.97
BILL-001678,2026-03-24,Compute,PROD_ENCODE,CUST_105,109.41,9.01,8.0,126.42
BILL-001679,2026-03-20,Compute,PROD_VOD,CUST_102,116.4,53.95,107.44,277.79
BILL-001680,2026-03-15,Storage,PROD_VOD,CUST_101,147.48,54.83,39.32,241.63
BILL-001681,2026-03-08,Data Transfer,PROD_OTT,CUST_105,108.57,35.08,33.92,177.57
BILL-001682,2026-03-14,Compute,PROD_VOD,CUST_102,96.05,77.65,45.27,218.97
BILL-001683,2026-03-17,Data Transfer,PROD_LIVE,CUST_104,82.46,15.13,12.2,109.78999999999999
BILL-001684,2026-03-19,Storage,PROD_OTT,CUST_106,55.77,18.5,41.59,115.86000000000001
BILL-001685,2026-03-15,Storage,PROD_ENCODE,CUST_102,59.09,52.49,79.24,190.82
BILL-001686,2026-03-01,Data Transfer,PROD_OTT,CUST_101,259.66,90.66,85.09,435.4100000000001
BILL-001687,2026-03-02,Storage,PROD_LIVE,CUST_104,134.72,21.04,8.38,164.14
BILL-001688,2026-03-06,Storage,PROD_LIVE,CUST_103,137.33,23.38,29.55,190.26000000000002
BILL-001689,2026-03-06,Data Transfer,PROD_LIVE,CUST_103,105.27,24.71,27.3,157.28
BILL-001690,2026-03-28,Compute,PROD_OTT,CUST_106,59.38,18.79,46.48,124.65
BILL-001691,2026-03-21,Storage,PROD_ENCODE,CUST_104,98.76,11.31,37.76,147.83
BILL-001692,2026-03-17,Data Transfer,PROD_OTT,CUST_102,276.77,64.02,80.98,421.77
BILL-001693,2026-03-19,Data Transfer,PROD_ENCODE,CUST_101,64.6,87.05,36.71,188.35999999999999
BILL-001694,2026-03-04,Data Transfer,PROD_VOD,CUST_104,141.45,21.67,39.92,203.04000000000002
BILL-001695,2026-03-25,Data Transfer,PROD_LIVE,CUST_101,342.43,27.72,113.71,483.85999999999996
BILL-001696,2026-03-25,Storage,PROD_VOD,CUST_101,248.87,22.52,108.91,380.29999999999995
BILL-001697,2026-03-03,Storage,PROD_OTT,CUST_105,102.07,6.03,15.31,123.41
BILL-001698,2026-03-04,Data Transfer,PROD_ENCODE,CUST_104,37.32,27.31,31.37,96.0
BILL-001699,2026-03-07,Storage,PROD_ENCODE,CUST_104,108.25,12.89,39.17,160.31
BILL-001700,2026-03-14,Data Transfer,UNALLOCATED_RECOVERY,CUST_101,239.19,67.55,90.21,396.95
BILL-001701,2026-03-07,Compute,PROD_LIVE,CUST_101,166.86,48.2,77.39,292.45
BILL-001702,2026-03-03,Storage,PROD_LIVE,CUST_106,114.9,36.88,34.97,186.75
BILL-001703,2026-03-16,Compute,PROD_LIVE,CUST_105,127.58,22.53,22.97,173.08
BILL-001704,2026-03-29,Data Transfer,PROD_LIVE,CUST_101,192.64,67.23,111.77,371.64
BILL-001705,2026-03-19,Compute,PROD_LIVE,CUST_105,58.77,9.13,17.68,85.58000000000001
BILL-001706,2026-03-20,Data Transfer,PROD_OTT,CUST_101,122.81,94.8,116.84,334.45000000000005
BILL-001707,2026-03-09,Storage,PROD_OTT,CUST_101,333.54,26.31,50.25,410.1
BILL-001708,2026-03-18,Data Transfer,PROD_LIVE,CUST_105,141.14,22.5,24.77,188.41
BILL-001709,2026-03-02,Data Transfer,PROD_VOD,CUST_105,81.23,37.11,19.05,137.39000000000001
BILL-001710,2026-03-01,Compute,PROD_OTT,CUST_104,53.91,16.71,40.12,110.74000000000001
BILL-001711,2026-03-05,Compute,PROD_OTT,CUST_106,138.6,7.18,28.73,174.51
BILL-001712,2026-03-26,Data Transfer,PROD_VOD,CUST_103,147.54,38.25,33.12,218.91
BILL-001713,2026-03-20,Compute,PROD_ENCODE,CUST_102,137.92,16.15,23.74,177.81
BILL-001714,2026-03-17,Compute,PROD_OTT,CUST_104,82.09,32.35,44.81,159.25
BILL-001715,2026-03-08,Compute,PROD_VOD,CUST_101,301.42,83.49,76.09,461.0
BILL-001716,2026-03-28,Storage,PROD_VOD,CUST_105,82.68,18.55,23.84,125.07000000000001
BILL-001717,2026-03-05,Storage,PROD_ENCODE,CUST_105,37.91,20.33,45.68,103.91999999999999
BILL-001718,2026-03-29,Storage,PROD_OTT,CUST_102,161.52,92.83,45.01,299.36
BILL-001719,2026-03-03,Data Transfer,PROD_VOD,CUST_102,184.25,78.35,104.81,367.41
BILL-001720,2026-03-18,Data Transfer,PROD_VOD,CUST_101,333.81,34.37,25.97,394.15
BILL-001721,2026-03-02,Compute,PROD_ENCODE,CUST_102,141.84,39.99,83.25,265.08000000000004
BILL-001722,2026-03-29,Compute,PROD_OTT,CUST_102,246.99,54.39,32.85,334.23
BILL-001723,2026-03-03,Compute,PROD_OTT,CUST_105,46.76,29.68,42.16,118.6
BILL-001724,2026-03-29,Compute,PROD_ENCODE,CUST_106,59.35,17.84,31.16,108.35
BILL-001725,2026-03-28,Data Transfer,PROD_LIVE,CUST_105,45.0,16.16,30.74,91.89999999999999
BILL-001726,2026-03-04,Compute,PROD_OTT,CUST_104,111.72,26.77,19.75,158.24
BILL-001727,2026-03-07,Compute,PROD_LIVE,CUST_103,116.45,12.38,23.64,152.47000000000003
BILL-001728,2026-03-27,Compute,PROD_VOD,CUST_102,276.96,69.37,67.65,413.98
BILL-001729,2026-03-04,Compute,PROD_ENCODE,CUST_101,137.85,63.97,51.54,253.35999999999999
BILL-001730,2026-03-03,Compute,PROD_OTT,CUST_105,69.91,5.66,24.07,99.63999999999999
BILL-001731,2026-03-15,Compute,PROD_LIVE,CUST_102,173.28,70.24,75.91,319.42999999999995
BILL-001732,2026-03-22,Storage,PROD_VOD,CUST_105,119.19,37.8,46.22,203.21
BILL-001733,2026-03-25,Storage,PROD_OTT,CUST_105,48.15,5.96,38.48,92.59
BILL-001734,2026-03-20,Storage,PROD_ENCODE,CUST_106,140.71,31.33,41.91,213.95000000000002
BILL-001735,2026-03-18,Storage,PROD_OTT,CUST_105,80.26,25.04,31.87,137.17000000000002
BILL-001736,2026-03-17,Storage,PROD_LIVE,CUST_104,80.75,39.74,18.01,138.5
BILL-001737,2026-03-30,Compute,PROD_OTT,CUST_106,143.63,7.99,18.5,170.12
BILL-001738,2026-03-18,Storage,PROD_OTT,CUST_105,71.3,26.54,23.19,121.03
BILL-001739,2026-03-22,Storage,PROD_VOD,CUST_101,149.74,70.32,107.78,327.84000000000003
BILL-001740,2026-03-28,Compute,PROD_ENCODE,CUST_104,22.24,5.31,9.55,37.099999999999994
BILL-001741,2026-03-12,Storage,PROD_LIVE,CUST_104,27.62,37.86,19.61,85.09
BILL-001742,2026-03-20,Data Transfer,PROD_OTT,CUST_101,193.14,35.08,102.61,330.83
BILL-001743,2026-03-09,Storage,PROD_LIVE,CUST_102,254.86,25.35,84.88,365.09000000000003
BILL-001744,2026-03-02,Compute,PROD_VOD,CUST_106,25.01,28.96,44.14,98.11
BILL-001745,2026-03-19,Storage,PROD_VOD,CUST_105,113.26,7.13,38.01,158.4
BILL-001746,2026-03-09,Storage,PROD_VOD,CUST_106,129.84,34.73,30.7,195.26999999999998
BILL-001747,2026-03-02,Data Transfer,PROD_LIVE,CUST_103,34.19,22.74,12.75,69.67999999999999
BILL-001748,2026-03-03,Compute,PROD_LIVE,CUST_103,94.15,34.02,36.6,164.77
BILL-001749,2026-03-03,Data Transfer,PROD_ENCODE,CUST_103,38.6,16.43,41.1,96.13
BILL-001750,2026-03-11,Storage,UNALLOCATED_RECOVERY,CUST_104,142.52,15.29,9.31,167.12
BILL-001751,2026-03-12,Compute,PROD_OTT,CUST_102,346.36,14.73,83.95,445.04
BILL-001752,2026-03-26,Storage,PROD_OTT,CUST_102,173.12,63.49,88.99,325.6
BILL-001753,2026-03-05,Storage,PROD_VOD,CUST_101,361.55,99.33,79.37,540.25
BILL-001754,2026-03-19,Data Transfer,PROD_ENCODE,CUST_105,115.3,34.67,30.17,180.14
BILL-001755,2026-03-02,Data Transfer,PROD_ENCODE,CUST_106,88.18,20.44,19.31,127.93
BILL-001756,2026-03-27,Data Transfer,PROD_OTT,CUST_102,156.82,82.41,122.63,361.86
BILL-001757,2026-03-08,Storage,PROD_OTT,CUST_106,146.41,29.26,26.69,202.35999999999999
BILL-001758,2026-03-29,Storage,PROD_OTT,CUST_101,164.39,56.74,116.04,337.17
BILL-001759,2026-03-21,Storage,PROD_LIVE,CUST_104,122.22,13.04,42.77,178.03
BILL-001760,2026-03-05,Data Transfer,PROD_LIVE,CUST_104,107.63,28.31,33.43,169.37
BILL-001761,2026-03-26,Storage,PROD_OTT,CUST_103,35.34,19.3,29.21,83.85
BILL-001762,2026-03-05,Data Transfer,PROD_ENCODE,CUST_106,134.59,11.93,15.56,162.08
BILL-001763,2026-03-15,Compute,PROD_LIVE,CUST_101,186.05,79.48,94.7,360.23
BILL-001764,2026-03-16,Data Transfer,PROD_VOD,CUST_102,332.57,85.46,22.51,440.53999999999996
BILL-001765,2026-03-06,Compute,PROD_LIVE,CUST_105,132.69,37.15,45.98,215.82
BILL-001766,2026-03-12,Compute,PROD_ENCODE,CUST_106,92.4,29.92,13.0,135.32
BILL-001767,2026-03-29,Storage,PROD_VOD,CUST_106,25.88,30.86,22.91,79.64999999999999
BILL-001768,2026-03-15,Storage,PROD_ENCODE,CUST_106,128.52,15.13,28.04,171.69
BILL-001769,2026-03-05,Data Transfer,PROD_LIVE,CUST_106,119.57,37.07,47.34,203.98
BILL-001770,2026-03-03,Compute,PROD_VOD,CUST_105,97.1,28.59,27.05,152.74
BILL-001771,2026-03-11,Storage,PROD_LIVE,CUST_105,113.93,14.78,40.47,169.18
BILL-001772,2026-03-08,Storage,PROD_ENCODE,CUST_103,26.28,23.12,30.06,79.46000000000001
BILL-001773,2026-03-17,Storage,PROD_OTT,CUST_103,69.93,31.51,48.05,149.49
BILL-001774,2026-03-02,Data Transfer,PROD_LIVE,CUST_104,87.49,25.13,33.85,146.47
BILL-001775,2026-03-04,Storage,PROD_OTT,CUST_102,88.53,36.46,66.09,191.08
BILL-001776,2026-03-29,Compute,PROD_OTT,CUST_103,148.54,31.37,46.83,226.74
BILL-001777,2026-03-22,Storage,PROD_LIVE,CUST_101,117.22,85.89,99.26,302.37
BILL-001778,2026-03-01,Data Transfer,PROD_VOD,CUST_105,89.93,11.83,28.51,130.27
BILL-001779,2026-03-27,Compute,PROD_OTT,CUST_102,141.6,95.44,64.78,301.82
BILL-001780,2026-03-15,Data Transfer,PROD_LIVE,CUST_104,58.34,8.84,37.67,104.85000000000001
BILL-001781,2026-03-28,Compute,PROD_ENCODE,CUST_104,84.12,8.04,13.75,105.91
BILL-001782,2026-03-09,Data Transfer,PROD_VOD,CUST_103,124.47,31.05,17.34,172.86
BILL-001783,2026-03-03,Storage,PROD_LIVE,CUST_105,63.59,20.87,38.89,123.35000000000001
BILL-001784,2026-03-22,Compute,PROD_OTT,CUST_101,190.85,94.08,103.39,388.32
BILL-001785,2026-03-11,Compute,PROD_VOD,CUST_106,101.55,13.61,32.63,147.79
BILL-001786,2026-03-28,Compute,PROD_LIVE,CUST_103,81.12,21.96,15.86,118.94000000000001
BILL-001787,2026-03-16,Storage,PROD_LIVE,CUST_102,256.3,20.26,74.21,350.77
BILL-001788,2026-03-24,Data Transfer,PROD_LIVE,CUST_101,191.15,55.44,84.18,330.77
BILL-001789,2026-03-23,Compute,PROD_VOD,CUST_104,109.44,26.47,34.5,170.41
BILL-001790,2026-03-08,Data Transfer,PROD_OTT,CUST_104,88.96,38.4,44.87,172.23
BILL-001791,2026-03-27,Compute,PROD_OTT,CUST_106,83.06,32.89,24.47,140.42000000000002
BILL-001792,2026-03-12,Data Transfer,PROD_ENCODE,CUST_103,32.55,8.93,45.0,86.47999999999999
BILL-001793,2026-03-25,Storage,PROD_ENCODE,CUST_104,62.3,28.18,12.86,103.33999999999999
BILL-001794,2026-03-15,Storage,PROD_VOD,CUST_103,110.61,29.67,40.49,180.77
BILL-001795,2026-03-16,Storage,PROD_ENCODE,CUST_106,50.53,15.18,29.31,95.02000000000001
BILL-001796,2026-03-29,Storage,PROD_VOD,CUST_105,120.33,14.16,21.34,155.83
BILL-001797,2026-03-13,Storage,PROD_ENCODE,CUST_104,53.89,6.91,28.39,89.19
BILL-001798,2026-03-08,Storage,PROD_VOD,CUST_103,78.19,12.75,44.78,135.72
BILL-001799,2026-03-18,Compute,PROD_VOD,CUST_105,99.4,9.52,30.67,139.59
BILL-001800,2026-03-24,Compute,UNALLOCATED_RECOVERY,CUST_101,45.0,41.66,57.03,143.69
BILL-001801,2026-03-25,Data Transfer,PROD_VOD,CUST_106,26.4,12.37,30.49,69.25999999999999
BILL-001802,2026-03-06,Data Transfer,PROD_ENCODE,CUST_106,49.81,33.04,46.25,129.1
BILL-001803,2026-03-11,Storage,PROD_LIVE,CUST_105,115.33,37.9,9.52,162.75
BILL-001804,2026-03-01,Data Transfer,PROD_VOD,CUST_105,71.73,21.97,14.59,108.29
BILL-001805,2026-03-10,Compute,PROD_LIVE,CUST_106,120.41,13.66,19.44,153.51
BILL-001806,2026-03-04,Storage,PROD_ENCODE,CUST_102,315.95,89.2,110.51,515.66
BILL-001807,2026-03-03,Compute,PROD_ENCODE,CUST_101,54.79,85.15,83.51,223.45
BILL-001808,2026-03-05,Compute,PROD_ENCODE,CUST_102,320.23,87.69,102.4,510.32000000000005
BILL-001809,2026-03-14,Data Transfer,PROD_VOD,CUST_103,55.63,12.09,19.1,86.82
BILL-001810,2026-03-21,Data Transfer,PROD_ENCODE,CUST_104,57.86,8.26,48.61,114.73
BILL-001811,2026-03-18,Storage,PROD_ENCODE,CUST_103,138.0,23.66,18.27,179.93
BILL-001812,2026-03-01,Storage,PROD_ENCODE,CUST_103,119.15,30.01,27.0,176.16
BILL-001813,2026-03-19,Compute,PROD_ENCODE,CUST_102,195.3,54.22,31.44,280.96000000000004
BILL-001814,2026-03-10,Storage,PROD_LIVE,CUST_106,146.86,8.34,15.11,170.31
BILL-001815,2026-03-28,Storage,PROD_LIVE,CUST_101,95.93,66.44,69.72,232.09
BILL-001816,2026-03-24,Data Transfer,PROD_LIVE,CUST_101,299.41,34.55,52.7,386.66
BILL-001817,2026-03-11,Compute,PROD_VOD,CUST_103,109.57,25.96,44.6,180.13
BILL-001818,2026-03-09,Data Transfer,PROD_LIVE,CUST_105,123.31,24.1,21.15,168.56
BILL-001819,2026-03-21,Compute,PROD_OTT,CUST_104,112.15,23.01,44.06,179.22
BILL-001820,2026-03-24,Compute,PROD_VOD,CUST_104,110.9,18.15,39.79,168.84
BILL-001821,2026-03-06,Data Transfer,PROD_VOD,CUST_102,114.14,88.6,31.93,234.67000000000002
BILL-001822,2026-03-29,Storage,PROD_ENCODE,CUST_102,253.5,58.4,34.69,346.59
BILL-001823,2026-03-28,Data Transfer,PROD_ENCODE,CUST_104,21.2,9.12,49.82,80.14
BILL-001824,2026-03-24,Data Transfer,PROD_OTT,CUST_105,61.91,36.13,31.68,129.72
BILL-001825,2026-03-06,Compute,PROD_OTT,CUST_105,109.05,33.1,47.98,190.13
BILL-001826,2026-03-12,Data Transfer,PROD_OTT,CUST_104,80.17,37.77,46.94,164.88
BILL-001827,2026-03-24,Compute,PROD_LIVE,CUST_105,112.96,21.59,21.34,155.89
BILL-001828,2026-03-06,Compute,PROD_ENCODE,CUST_101,372.83,12.99,93.65,479.47
BILL-001829,2026-03-07,Data Transfer,PROD_VOD,CUST_105,79.62,8.32,34.25,122.19
BILL-001830,2026-03-20,Compute,PROD_VOD,CUST_103,102.72,35.92,22.49,161.13
BILL-001831,2026-03-01,Compute,PROD_OTT,CUST_103,126.7,35.38,32.55,194.63
BILL-001832,2026-03-10,Storage,PROD_ENCODE,CUST_103,92.94,27.46,16.51,136.91
BILL-001833,2026-03-19,Compute,PROD_VOD,CUST_106,48.14,11.24,31.67,91.05000000000001
BILL-001834,2026-03-05,Data Transfer,PROD_ENCODE,CUST_103,94.84,34.87,33.4,163.11
BILL-001835,2026-03-26,Data Transfer,PROD_ENCODE,CUST_102,104.63,81.04,123.85,309.52
BILL-001836,2026-03-03,Data Transfer,PROD_LIVE,CUST_102,103.57,89.03,53.95,246.55
BILL-001837,2026-03-29,Compute,PROD_LIVE,CUST_105,124.94,19.89,27.81,172.64
BILL-001838,2026-03-10,Data Transfer,PROD_VOD,CUST_102,232.05,45.51,60.48,338.04
BILL-001839,2026-03-16,Storage,PROD_OTT,CUST_105,61.21,7.74,33.43,102.38
BILL-001840,2026-03-07,Compute,PROD_OTT,CUST_106,38.57,20.3,26.55,85.42
BILL-001841,2026-03-23,Storage,PROD_VOD,CUST_105,136.97,27.82,15.48,180.26999999999998
BILL-001842,2026-03-28,Storage,PROD_ENCODE,CUST_106,64.98,19.84,33.91,118.73
BILL-001843,2026-03-29,Compute,PROD_ENCODE,CUST_103,43.27,31.17,8.45,82.89
BILL-001844,2026-03-15,Storage,PROD_LIVE,CUST_101,240.51,41.24,115.66,397.40999999999997
BILL-001845,2026-03-30,Storage,PROD_VOD,CUST_105,55.49,27.65,34.95,118.09
BILL-001846,2026-03-13,Compute,PROD_OTT,CUST_103,101.29,38.99,42.58,182.86
BILL-001847,2026-03-28,Data Transfer,PROD_ENCODE,CUST_105,102.19,22.16,27.88,152.23
BILL-001848,2026-03-28,Data Transfer,PROD_VOD,CUST_101,170.1,66.13,94.9,331.13
BILL-001849,2026-03-23,Data Transfer,PROD_LIVE,CUST_102,76.92,85.48,32.54,194.94
BILL-001850,2026-03-15,Data Transfer,UNALLOCATED_RECOVERY,CUST_103,32.67,24.04,49.3,106.00999999999999
BILL-001851,2026-03-07,Data Transfer,PROD_VOD,CUST_103,128.85,34.69,21.29,184.82999999999998
BILL-001852,2026-03-23,Compute,PROD_OTT,CUST_105,21.84,28.26,25.49,75.59
BILL-001853,2026-03-22,Data Transfer,PROD_VOD,CUST_101,112.71,79.11,35.49,227.31
BILL-001854,2026-03-09,Compute,PROD_LIVE,CUST_104,25.79,26.3,36.93,89.02000000000001
BILL-001855,2026-03-14,Compute,PROD_VOD,CUST_103,55.59,17.27,22.34,95.2
BILL-001856,2026-03-19,Data Transfer,PROD_VOD,CUST_105,140.94,8.09,46.56,195.59
BILL-001857,2026-03-06,Data Transfer,PROD_VOD,CUST_102,153.19,67.33,22.11,242.63
BILL-001858,2026-03-06,Compute,PROD_LIVE,CUST_106,68.69,7.84,38.42,114.95
BILL-001859,2026-03-08,Storage,PROD_LIVE,CUST_106,118.26,9.65,10.24,138.15
BILL-001860,2026-03-23,Storage,PROD_LIVE,CUST_103,38.26,16.04,17.49,71.78999999999999
BILL-001861,2026-03-07,Storage,PROD_LIVE,CUST_102,368.27,35.19,66.16,469.62
BILL-001862,2026-03-03,Storage,PROD_OTT,CUST_105,67.27,32.03,29.97,129.26999999999998
BILL-001863,2026-03-27,Data Transfer,PROD_LIVE,CUST_101,358.64,63.71,36.35,458.7
BILL-001864,2026-03-19,Compute,PROD_ENCODE,CUST_103,103.98,28.87,20.12,152.97
BILL-001865,2026-03-11,Data Transfer,PROD_OTT,CUST_101,216.81,30.94,42.92,290.67
BILL-001866,2026-03-09,Compute,PROD_VOD,CUST_105,105.58,11.52,13.87,130.97
BILL-001867,2026-03-19,Storage,PROD_OTT,CUST_105,69.13,25.59,9.42,104.14
BILL-001868,2026-03-23,Compute,PROD_OTT,CUST_101,101.59,54.11,55.35,211.04999999999998
BILL-001869,2026-03-29,Compute,PROD_LIVE,CUST_103,59.82,21.34,15.82,96.97999999999999
BILL-001870,2026-03-01,Storage,PROD_ENCODE,CUST_105,94.88,20.22,24.77,139.87
BILL-001871,2026-03-27,Compute,PROD_OTT,CUST_106,68.52,16.83,36.5,121.85
BILL-001872,2026-03-10,Compute,PROD_LIVE,CUST_105,34.02,19.91,19.31,73.24000000000001
BILL-001873,2026-03-19,Storage,PROD_VOD,CUST_102,216.47,93.21,113.09,422.77
BILL-001874,2026-03-23,Data Transfer,PROD_LIVE,CUST_105,117.74,9.55,21.99,149.28
BILL-001875,2026-03-02,Compute,PROD_OTT,CUST_102,45.0,52.64,37.36,135.0
BILL-001876,2026-03-01,Data Transfer,PROD_LIVE,CUST_102,336.96,38.86,28.44,404.26
BILL-001877,2026-03-08,Compute,PROD_ENCODE,CUST_101,285.34,25.99,78.31,389.64
BILL-001878,2026-03-25,Storage,PROD_VOD,CUST_104,40.71,8.5,31.09,80.3
BILL-001879,2026-03-13,Data Transfer,PROD_LIVE,CUST_104,106.9,34.1,37.66,178.66
BILL-001880,2026-03-25,Compute,PROD_ENCODE,CUST_102,153.47,94.34,61.99,309.8
BILL-001881,2026-03-11,Storage,PROD_ENCODE,CUST_105,71.2,7.51,28.51,107.22000000000001
BILL-001882,2026-03-24,Data Transfer,PROD_VOD,CUST_102,337.82,28.09,44.69,410.59999999999997
BILL-001883,2026-03-12,Storage,PROD_VOD,CUST_105,97.89,18.94,11.25,128.07999999999998
BILL-001884,2026-03-08,Compute,PROD_ENCODE,CUST_102,64.38,38.92,29.75,133.05
BILL-001885,2026-03-13,Data Transfer,PROD_LIVE,CUST_104,39.6,15.89,36.36,91.85
BILL-001886,2026-03-16,Compute,PROD_OTT,CUST_104,43.34,18.94,29.73,92.01
BILL-001887,2026-03-04,Storage,PROD_VOD,CUST_103,109.19,8.55,44.22,161.95999999999998
BILL-001888,2026-03-26,Compute,PROD_LIVE,CUST_103,36.74,22.74,36.82,96.30000000000001
BILL-001889,2026-03-01,Storage,PROD_ENCODE,CUST_104,120.28,15.6,18.86,154.74
BILL-001890,2026-03-21,Compute,PROD_ENCODE,CUST_105,68.47,21.57,22.07,112.10999999999999
BILL-001891,2026-03-18,Storage,PROD_VOD,CUST_102,368.74,59.02,60.26,488.02
BILL-001892,2026-03-22,Compute,PROD_LIVE,CUST_101,159.56,94.24,81.97,335.77
BILL-001893,2026-03-07,Data Transfer,PROD_ENCODE,CUST_104,26.31,14.86,13.11,54.28
BILL-001894,2026-03-16,Storage,PROD_OTT,CUST_101,338.98,72.56,46.49,458.03000000000003
BILL-001895,2026-03-11,Data Transfer,PROD_OTT,CUST_101,226.39,28.14,57.47,312.0
BILL-001896,2026-03-01,Storage,PROD_OTT,CUST_103,102.68,25.85,23.0,151.53
BILL-001897,2026-03-02,Data Transfer,PROD_ENCODE,CUST_102,106.95,59.31,33.24,199.5
BILL-001898,2026-03-05,Data Transfer,PROD_ENCODE,CUST_104,136.05,17.09,27.24,180.38000000000002
BILL-001899,2026-03-20,Compute,PROD_ENCODE,CUST_101,74.87,45.12,35.41,155.4
BILL-001900,2026-03-24,Data Transfer,UNALLOCATED_RECOVERY,CUST_104,86.64,30.39,22.19,139.22
BILL-001901,2026-03-21,Data Transfer,PROD_OTT,CUST_104,72.1,11.44,39.36,122.89999999999999
BILL-001902,2026-03-24,Data Transfer,PROD_VOD,CUST_104,145.47,32.78,31.98,210.23
BILL-001903,2026-03-10,Data Transfer,PROD_LIVE,CUST_106,123.86,18.1,27.86,169.82
BILL-001904,2026-03-25,Storage,PROD_OTT,CUST_106,109.55,11.5,29.07,150.12
BILL-001905,2026-03-02,Data Transfer,PROD_ENCODE,CUST_102,270.42,36.36,62.75,369.53000000000003
BILL-001906,2026-03-01,Storage,PROD_LIVE,CUST_103,54.72,25.97,48.99,129.68
BILL-001907,2026-03-11,Compute,PROD_LIVE,CUST_102,55.87,40.9,26.69,123.46
BILL-001908,2026-03-10,Data Transfer,PROD_ENCODE,CUST_105,74.7,25.83,30.74,131.27
BILL-001909,2026-03-16,Data Transfer,PROD_VOD,CUST_103,64.28,17.12,26.66,108.06
BILL-001910,2026-03-15,Data Transfer,PROD_ENCODE,CUST_102,222.98,27.38,60.96,311.32
BILL-001911,2026-03-13,Compute,PROD_VOD,CUST_106,83.25,39.47,11.49,134.21
BILL-001912,2026-03-24,Data Transfer,PROD_OTT,CUST_103,57.94,16.04,36.33,110.30999999999999
BILL-001913,2026-03-01,Compute,PROD_LIVE,CUST_105,65.71,20.1,49.82,135.63
BILL-001914,2026-03-01,Storage,PROD_ENCODE,CUST_102,171.97,59.54,59.74,291.25
BILL-001915,2026-03-28,Compute,PROD_VOD,CUST_104,48.38,39.72,31.97,120.07
BILL-001916,2026-03-06,Compute,PROD_ENCODE,CUST_105,73.11,31.29,25.56,129.96
BILL-001917,2026-03-20,Storage,PROD_OTT,CUST_103,101.94,28.25,36.85,167.04
BILL-001918,2026-03-21,Data Transfer,PROD_OTT,CUST_105,89.63,18.73,44.08,152.44
BILL-001919,2026-03-16,Storage,PROD_OTT,CUST_104,40.41,35.57,24.8,100.77999999999999
BILL-001920,2026-03-01,Data Transfer,PROD_OTT,CUST_104,105.3,28.92,12.13,146.35
BILL-001921,2026-03-19,Data Transfer,PROD_ENCODE,CUST_104,73.34,27.27,33.99,134.6
BILL-001922,2026-03-05,Data Transfer,PROD_VOD,CUST_105,94.18,19.31,8.96,122.45000000000002
BILL-001923,2026-03-20,Compute,PROD_LIVE,CUST_105,101.31,28.95,47.98,178.23999999999998
BILL-001924,2026-03-01,Data Transfer,PROD_ENCODE,CUST_105,86.47,11.76,46.35,144.58
BILL-001925,2026-03-15,Storage,PROD_LIVE,CUST_102,203.45,74.87,40.98,319.3
BILL-001926,2026-03-05,Storage,PROD_VOD,CUST_101,117.28,52.85,45.73,215.85999999999999
BILL-001927,2026-03-20,Storage,PROD_LIVE,CUST_102,366.16,56.27,31.67,454.1
BILL-001928,2026-03-20,Storage,PROD_LIVE,CUST_102,200.22,96.72,20.72,317.65999999999997
BILL-001929,2026-03-02,Data Transfer,PROD_ENCODE,CUST_105,149.42,35.18,10.96,195.56
BILL-001930,2026-03-14,Storage,PROD_VOD,CUST_106,120.96,27.65,30.44,179.04999999999998
BILL-001931,2026-03-01,Storage,PROD_ENCODE,CUST_106,27.77,33.41,42.79,103.97
BILL-001932,2026-03-24,Compute,PROD_OTT,CUST_104,113.16,22.9,35.28,171.34
BILL-001933,2026-03-14,Compute,PROD_VOD,CUST_102,325.3,78.82,80.88,485.0
BILL-001934,2026-03-26,Compute,PROD_LIVE,CUST_103,73.68,16.89,46.34,136.91000000000003
BILL-001935,2026-03-26,Storage,PROD_LIVE,CUST_103,32.63,27.47,11.11,71.21000000000001
BILL-001936,2026-03-29,Data Transfer,PROD_ENCODE,CUST_102,296.02,42.46,92.37,430.84999999999997
BILL-001937,2026-03-11,Storage,PROD_OTT,CUST_105,55.79,6.25,13.88,75.92
BILL-001938,2026-03-17,Storage,PROD_VOD,CUST_102,336.06,61.81,94.95,492.82
BILL-001939,2026-03-10,Data Transfer,PROD_LIVE,CUST_105,102.41,21.63,26.47,150.51
BILL-001940,2026-03-10,Compute,PROD_LIVE,CUST_102,247.42,87.68,47.02,382.12
BILL-001941,2026-03-08,Compute,PROD_LIVE,CUST_105,59.38,25.45,18.9,103.72999999999999
BILL-001942,2026-03-24,Data Transfer,PROD_ENCODE,CUST_104,100.4,10.96,22.46,133.82000000000002
BILL-001943,2026-03-05,Data Transfer,PROD_OTT,CUST_105,68.67,35.29,28.38,132.34
BILL-001944,2026-03-06,Data Transfer,PROD_ENCODE,CUST_102,207.3,45.74,90.22,343.26
BILL-001945,2026-03-03,Storage,PROD_LIVE,CUST_103,46.84,10.25,33.56,90.65
BILL-001946,2026-03-24,Compute,PROD_LIVE,CUST_103,84.84,24.93,34.82,144.59
BILL-001947,2026-03-01,Data Transfer,PROD_LIVE,CUST_106,46.33,28.25,24.74,99.32
BILL-001948,2026-03-04,Storage,PROD_VOD,CUST_103,91.93,23.72,39.13,154.78
BILL-001949,2026-03-28,Compute,PROD_VOD,CUST_104,93.67,13.68,18.76,126.11
BILL-001950,2026-03-24,Compute,UNALLOCATED_RECOVERY,CUST_102,45.0,52.41,24.22,121.63
BILL-001951,2026-03-20,Storage,PROD_OTT,CUST_101,291.51,76.67,116.33,484.51
BILL-001952,2026-03-29,Compute,PROD_OTT,CUST_101,117.51,33.84,99.98,251.33000000000004
BILL-001953,2026-03-16,Storage,PROD_VOD,CUST_105,134.61,6.79,41.18,182.58
BILL-001954,2026-03-03,Compute,PROD_ENCODE,CUST_101,193.62,54.15,30.49,278.26
BILL-001955,2026-03-19,Compute,PROD_ENCODE,CUST_103,94.01,25.36,44.17,163.54000000000002
BILL-001956,2026-03-04,Data Transfer,PROD_ENCODE,CUST_106,45.32,33.2,33.81,112.33000000000001
BILL-001957,2026-03-15,Compute,PROD_OTT,CUST_104,98.18,22.24,15.41,135.83
BILL-001958,2026-03-17,Storage,PROD_OTT,CUST_106,58.95,35.35,18.46,112.76000000000002
BILL-001959,2026-03-09,Data Transfer,PROD_OTT,CUST_106,77.21,39.2,47.72,164.13
BILL-001960,2026-03-16,Compute,PROD_OTT,CUST_105,81.17,10.71,10.75,102.63
BILL-001961,2026-03-14,Data Transfer,PROD_OTT,CUST_101,350.72,51.28,86.98,488.98
BILL-001962,2026-03-18,Compute,PROD_LIVE,CUST_101,297.93,31.16,72.69,401.78000000000003
BILL-001963,2026-03-11,Data Transfer,PROD_ENCODE,CUST_101,272.54,93.66,42.08,408.28000000000003
BILL-001964,2026-03-22,Compute,PROD_OTT,CUST_102,112.37,47.17,38.04,197.58
BILL-001965,2026-03-06,Data Transfer,PROD_LIVE,CUST_103,144.37,39.34,35.45,219.16000000000003
BILL-001966,2026-03-26,Storage,PROD_OTT,CUST_102,353.17,53.8,109.9,516.87
BILL-001967,2026-03-10,Storage,PROD_LIVE,CUST_103,63.38,17.39,39.3,120.07000000000001
BILL-001968,2026-03-15,Storage,PROD_ENCODE,CUST_105,71.16,19.6,40.01,130.76999999999998
BILL-001969,2026-03-13,Compute,PROD_ENCODE,CUST_103,103.95,9.9,27.19,141.04000000000002
BILL-001970,2026-03-09,Compute,PROD_LIVE,CUST_102,265.17,34.89,107.42,407.48
BILL-001971,2026-03-01,Storage,PROD_ENCODE,CUST_104,62.34,24.6,16.38,103.32
BILL-001972,2026-03-07,Data Transfer,PROD_ENCODE,CUST_103,33.89,13.51,21.67,69.07
BILL-001973,2026-03-16,Data Transfer,PROD_ENCODE,CUST_101,303.9,46.63,120.77,471.29999999999995
BILL-001974,2026-03-23,Storage,PROD_LIVE,CUST_103,148.3,25.51,10.49,184.3
BILL-001975,2026-03-02,Data Transfer,PROD_OTT,CUST_103,89.93,20.33,19.94,130.20000000000002
BILL-001976,2026-03-16,Compute,PROD_VOD,CUST_103,147.03,30.64,42.62,220.29000000000002
BILL-001977,2026-03-28,Compute,PROD_OTT,CUST_105,46.0,8.08,18.3,72.38
BILL-001978,2026-03-19,Data Transfer,PROD_OTT,CUST_105,89.03,15.2,8.92,113.15
BILL-001979,2026-03-25,Compute,PROD_OTT,CUST_103,137.66,20.6,45.15,203.41
BILL-001980,2026-03-06,Storage,PROD_ENCODE,CUST_102,199.76,41.64,91.16,332.55999999999995
BILL-001981,2026-03-23,Storage,PROD_OTT,CUST_105,117.19,5.81,13.01,136.01
BILL-001982,2026-03-14,Storage,PROD_ENCODE,CUST_104,123.75,34.11,10.53,168.39000000000001
BILL-001983,2026-03-17,Storage,PROD_VOD,CUST_105,76.84,6.12,29.18,112.14000000000001
BILL-001984,2026-03-26,Storage,PROD_ENCODE,CUST_103,94.73,27.2,38.85,160.78
BILL-001985,2026-03-19,Compute,PROD_VOD,CUST_105,40.57,22.97,43.76,107.3
BILL-001986,2026-03-19,Storage,PROD_LIVE,CUST_101,299.31,50.21,49.07,398.59
BILL-001987,2026-03-15,Data Transfer,PROD_LIVE,CUST_106,62.96,11.36,32.16,106.47999999999999
BILL-001988,2026-03-15,Data Transfer,PROD_ENCODE,CUST_101,180.48,38.21,85.49,304.18
BILL-001989,2026-03-13,Compute,PROD_VOD,CUST_102,154.77,25.67,109.84,290.28
BILL-001990,2026-03-19,Data Transfer,PROD_OTT,CUST_105,79.51,28.29,40.34,148.14000000000001
BILL-001991,2026-03-19,Storage,PROD_LIVE,CUST_102,301.22,30.54,39.07,370.83000000000004
BILL-001992,2026-03-01,Data Transfer,PROD_VOD,CUST_102,225.52,96.03,54.38,375.93
BILL-001993,2026-03-11,Compute,PROD_LIVE,CUST_102,148.45,49.62,48.46,246.53
BILL-001994,2026-03-30,Compute,PROD_OTT,CUST_101,94.63,91.15,66.16,251.94
BILL-001995,2026-03-27,Storage,PROD_VOD,CUST_104,132.78,34.9,16.76,184.44
BILL-001996,2026-03-02,Storage,PROD_ENCODE,CUST_104,45.82,31.98,32.79,110.59
BILL-001997,2026-03-04,Compute,PROD_LIVE,CUST_105,138.73,30.36,13.11,182.2
BILL-001998,2026-03-25,Compute,PROD_VOD,CUST_104,116.28,17.54,49.81,183.63
BILL-001999,2026-03-14,Compute,PROD_LIVE,CUST_101,309.93,43.99,46.8,400.72
BILL-002000,2026-03-04,Storage,UNALLOCATED_RECOVERY,CUST_101,173.51,49.25,120.96,343.71999999999997
BILL-002001,2026-03-04,Storage,PROD_OTT,CUST_103,128.75,20.2,43.61,192.56
BILL-002002,2026-03-10,Compute,PROD_VOD,CUST_106,103.67,18.64,27.8,150.11
BILL-002003,2026-03-09,Data Transfer,PROD_OTT,CUST_101,95.74,34.29,79.28,209.31
BILL-002004,2026-03-05,Data Transfer,PROD_LIVE,CUST_102,275.9,79.2,26.42,381.52
BILL-002005,2026-03-26,Compute,PROD_OTT,CUST_103,100.28,33.81,25.61,159.7
BILL-002006,2026-03-06,Data Transfer,PROD_LIVE,CUST_106,125.22,28.4,23.33,176.95
BILL-002007,2026-03-30,Compute,PROD_LIVE,CUST_101,211.71,39.28,85.66,336.65
BILL-002008,2026-03-30,Storage,PROD_OTT,CUST_101,304.56,41.51,113.33,459.4
BILL-002009,2026-03-02,Data Transfer,PROD_LIVE,CUST_104,26.04,18.2,33.14,77.38
BILL-002010,2026-03-17,Compute,PROD_LIVE,CUST_101,54.85,91.0,29.67,175.51999999999998
BILL-002011,2026-03-03,Compute,PROD_ENCODE,CUST_104,147.84,34.96,30.54,213.34
BILL-002012,2026-03-05,Data Transfer,PROD_VOD,CUST_103,81.91,36.48,18.79,137.17999999999998
BILL-002013,2026-03-11,Data Transfer,PROD_OTT,CUST_105,106.9,8.37,28.7,143.97
BILL-002014,2026-03-27,Data Transfer,PROD_LIVE,CUST_102,121.28,23.86,118.94,264.08
BILL-002015,2026-03-08,Data Transfer,PROD_VOD,CUST_106,32.32,19.13,45.25,96.7
BILL-002016,2026-03-04,Compute,PROD_LIVE,CUST_103,44.0,28.08,21.8,93.88
BILL-002017,2026-03-15,Data Transfer,PROD_OTT,CUST_102,156.58,45.29,35.25,237.12
BILL-002018,2026-03-24,Compute,PROD_ENCODE,CUST_106,26.24,11.93,15.65,53.82
BILL-002019,2026-03-05,Data Transfer,PROD_VOD,CUST_102,102.61,40.72,80.07,223.39999999999998
BILL-002020,2026-03-16,Storage,PROD_LIVE,CUST_106,133.04,38.98,25.04,197.05999999999997
BILL-002021,2026-03-07,Storage,PROD_OTT,CUST_105,77.18,31.07,35.53,143.78
BILL-002022,2026-03-17,Storage,PROD_OTT,CUST_102,132.97,83.11,71.17,287.25
BILL-002023,2026-03-18,Storage,PROD_VOD,CUST_106,131.31,31.71,19.04,182.06
BILL-002024,2026-03-26,Storage,PROD_ENCODE,CUST_106,23.3,24.02,11.97,59.29
BILL-002025,2026-03-15,Compute,PROD_VOD,CUST_105,45.0,9.42,22.6,77.02000000000001
BILL-002026,2026-03-15,Storage,PROD_VOD,CUST_105,43.74,33.7,45.2,122.64
BILL-002027,2026-03-17,Compute,PROD_LIVE,CUST_106,48.84,5.59,38.8,93.23
BILL-002028,2026-03-12,Data Transfer,PROD_LIVE,CUST_105,131.79,23.38,41.61,196.77999999999997
BILL-002029,2026-03-12,Data Transfer,PROD_LIVE,CUST_106,143.13,23.58,23.73,190.43999999999997
BILL-002030,2026-03-04,Data Transfer,PROD_LIVE,CUST_106,102.46,26.64,43.42,172.51999999999998
BILL-002031,2026-03-25,Data Transfer,PROD_LIVE,CUST_105,142.48,26.34,44.05,212.87
BILL-002032,2026-03-09,Compute,PROD_ENCODE,CUST_103,70.67,23.26,25.69,119.62
BILL-002033,2026-03-16,Storage,PROD_OTT,CUST_102,284.5,38.75,27.86,351.11
BILL-002034,2026-03-23,Data Transfer,PROD_OTT,CUST_102,349.99,66.15,120.72,536.86
BILL-002035,2026-03-02,Storage,PROD_LIVE,CUST_102,206.3,26.52,122.07,354.89
BILL-002036,2026-03-08,Storage,PROD_LIVE,CUST_106,74.47,25.7,18.44,118.61
BILL-002037,2026-03-12,Compute,PROD_LIVE,CUST_103,38.26,19.05,38.49,95.80000000000001
BILL-002038,2026-03-19,Data Transfer,PROD_LIVE,CUST_102,194.1,71.32,99.86,365.28
BILL-002039,2026-03-01,Data Transfer,PROD_VOD,CUST_105,60.45,8.59,34.4,103.44
BILL-002040,2026-03-16,Compute,PROD_ENCODE,CUST_103,126.89,23.94,33.62,184.45000000000002
BILL-002041,2026-03-05,Compute,PROD_OTT,CUST_103,143.43,6.43,43.2,193.06
BILL-002042,2026-03-09,Compute,PROD_ENCODE,CUST_104,96.05,35.67,37.04,168.76
BILL-002043,2026-03-26,Storage,PROD_OTT,CUST_102,219.92,20.25,96.83,337.0
BILL-002044,2026-03-20,Storage,PROD_LIVE,CUST_106,84.29,29.56,26.16,140.01000000000002
BILL-002045,2026-03-02,Data Transfer,PROD_VOD,CUST_103,129.5,30.64,46.0,206.14
BILL-002046,2026-03-21,Data Transfer,PROD_OTT,CUST_104,106.71,13.79,22.98,143.48
BILL-002047,2026-03-01,Compute,PROD_ENCODE,CUST_102,240.38,31.87,65.55,337.8
BILL-002048,2026-03-09,Compute,PROD_ENCODE,CUST_105,98.86,24.8,33.48,157.14
BILL-002049,2026-03-28,Data Transfer,PROD_ENCODE,CUST_101,245.54,64.16,103.33,413.03
BILL-002050,2026-03-04,Data Transfer,UNALLOCATED_RECOVERY,CUST_101,364.19,33.38,80.91,478.48
BILL-002051,2026-03-23,Data Transfer,PROD_ENCODE,CUST_104,113.38,6.4,35.18,154.96
BILL-002052,2026-03-15,Storage,PROD_VOD,CUST_104,125.71,26.98,40.66,193.35
BILL-002053,2026-03-22,Compute,PROD_LIVE,CUST_105,43.5,27.07,21.82,92.38999999999999
BILL-002054,2026-03-10,Storage,PROD_VOD,CUST_106,79.36,36.18,23.06,138.6
BILL-002055,2026-03-22,Storage,PROD_OTT,CUST_102,139.91,81.07,54.07,275.05
BILL-002056,2026-03-23,Data Transfer,PROD_OTT,CUST_102,118.05,79.95,77.46,275.46
BILL-002057,2026-03-11,Data Transfer,PROD_ENCODE,CUST_103,121.53,11.02,28.99,161.54000000000002
BILL-002058,2026-03-03,Storage,PROD_OTT,CUST_105,89.97,33.18,48.57,171.72
BILL-002059,2026-03-11,Storage,PROD_VOD,CUST_106,31.76,19.21,34.12,85.09
BILL-002060,2026-03-21,Compute,PROD_ENCODE,CUST_102,136.02,74.4,56.81,267.23
BILL-002061,2026-03-26,Storage,PROD_OTT,CUST_102,361.78,40.74,31.71,434.22999999999996
BILL-002062,2026-03-19,Storage,PROD_OTT,CUST_105,89.97,18.93,37.22,146.12
BILL-002063,2026-03-07,Compute,PROD_VOD,CUST_106,97.74,35.69,24.99,158.42000000000002
BILL-002064,2026-03-09,Compute,PROD_OTT,CUST_105,65.99,9.66,24.18,99.82999999999998
BILL-002065,2026-03-28,Data Transfer,PROD_OTT,CUST_105,94.11,7.88,49.98,151.97
BILL-002066,2026-03-15,Compute,PROD_LIVE,CUST_105,40.15,39.74,9.11,89.0
BILL-002067,2026-03-08,Data Transfer,PROD_LIVE,CUST_102,334.42,51.03,105.21,490.66
BILL-002068,2026-03-05,Compute,PROD_OTT,CUST_102,363.49,87.53,70.74,521.76
BILL-002069,2026-03-15,Storage,PROD_LIVE,CUST_104,44.19,23.15,24.78,92.12
BILL-002070,2026-03-19,Storage,PROD_OTT,CUST_106,123.58,17.74,41.67,182.99
BILL-002071,2026-03-14,Storage,PROD_OTT,CUST_102,154.05,43.74,120.6,318.39
BILL-002072,2026-03-05,Storage,PROD_LIVE,CUST_105,95.26,8.38,46.53,150.17000000000002
BILL-002073,2026-03-17,Data Transfer,PROD_ENCODE,CUST_105,60.75,33.25,33.37,127.37
BILL-002074,2026-03-24,Storage,PROD_LIVE,CUST_104,54.99,34.28,27.33,116.60000000000001
BILL-002075,2026-03-15,Storage,PROD_ENCODE,CUST_101,359.78,27.49,78.8,466.07
BILL-002076,2026-03-18,Data Transfer,PROD_VOD,CUST_103,81.96,29.72,10.68,122.35999999999999
BILL-002077,2026-03-12,Compute,PROD_OTT,CUST_105,52.76,36.38,9.16,98.3
BILL-002078,2026-03-20,Storage,PROD_ENCODE,CUST_106,119.37,9.67,24.64,153.68
BILL-002079,2026-03-22,Storage,PROD_OTT,CUST_105,110.64,15.66,17.77,144.07
BILL-002080,2026-03-26,Data Transfer,PROD_ENCODE,CUST_102,299.05,98.27,81.62,478.94
BILL-002081,2026-03-28,Compute,PROD_VOD,CUST_106,118.08,25.56,40.53,184.17
BILL-002082,2026-03-03,Data Transfer,PROD_VOD,CUST_105,73.78,10.64,16.17,100.59
BILL-002083,2026-03-20,Compute,PROD_LIVE,CUST_101,261.06,55.81,32.55,349.42
BILL-002084,2026-03-03,Compute,PROD_ENCODE,CUST_105,111.12,28.99,41.81,181.92000000000002
BILL-002085,2026-03-13,Data Transfer,PROD_ENCODE,CUST_102,325.36,28.51,52.68,406.55
BILL-002086,2026-03-06,Data Transfer,PROD_ENCODE,CUST_103,84.96,11.46,24.86,121.27999999999999
BILL-002087,2026-03-08,Storage,PROD_VOD,CUST_103,78.72,8.29,18.83,105.83999999999999
BILL-002088,2026-03-29,Data Transfer,PROD_VOD,CUST_105,27.69,18.06,15.08,60.83
BILL-002089,2026-03-17,Compute,PROD_VOD,CUST_103,70.02,5.97,46.02,122.00999999999999
BILL-002090,2026-03-19,Storage,PROD_VOD,CUST_102,111.26,66.83,39.09,217.18
BILL-002091,2026-03-07,Storage,PROD_VOD,CUST_106,138.64,25.99,32.11,196.74
BILL-002092,2026-03-29,Storage,PROD_LIVE,CUST_105,39.35,33.66,9.27,82.27999999999999
BILL-002093,2026-03-02,Data Transfer,PROD_VOD,CUST_103,141.55,8.77,36.69,187.01000000000002
BILL-002094,2026-03-19,Data Transfer,PROD_LIVE,CUST_101,211.74,65.31,124.72,401.77
BILL-002095,2026-03-30,Storage,PROD_ENCODE,CUST_106,91.24,18.61,26.81,136.66
BILL-002096,2026-03-04,Data Transfer,PROD_VOD,CUST_103,52.01,9.95,48.34,110.3
BILL-002097,2026-03-16,Compute,PROD_ENCODE,CUST_101,166.45,92.7,116.72,375.87
BILL-002098,2026-03-26,Data Transfer,PROD_VOD,CUST_105,31.82,27.92,46.3,106.03999999999999
BILL-002099,2026-03-19,Data Transfer,PROD_ENCODE,CUST_105,103.62,14.89,13.69,132.20000000000002
BILL-002100,2026-03-25,Compute,UNALLOCATED_RECOVERY,CUST_106,45.0,20.23,11.46,76.69
BILL-002101,2026-03-01,Storage,PROD_VOD,CUST_103,92.96,26.34,20.85,140.15
BILL-002102,2026-03-26,Storage,PROD_VOD,CUST_105,128.06,11.58,11.75,151.39000000000001
BILL-002103,2026-03-29,Data Transfer,PROD_LIVE,CUST_106,60.77,6.68,9.17,76.62
BILL-002104,2026-03-10,Storage,PROD_LIVE,CUST_103,145.34,6.84,42.67,194.85000000000002
BILL-002105,2026-03-28,Storage,PROD_LIVE,CUST_105,68.21,29.47,46.25,143.93
BILL-002106,2026-03-04,Storage,PROD_LIVE,CUST_102,281.53,18.88,41.38,341.78999999999996
BILL-002107,2026-03-07,Data Transfer,PROD_VOD,CUST_101,349.68,30.53,92.39,472.6
BILL-002108,2026-03-30,Storage,PROD_VOD,CUST_102,264.37,92.58,54.73,411.68
BILL-002109,2026-03-06,Storage,PROD_LIVE,CUST_103,139.29,19.07,14.55,172.91
BILL-002110,2026-03-20,Compute,PROD_OTT,CUST_104,108.45,29.86,45.89,184.2
BILL-002111,2026-03-10,Compute,PROD_OTT,CUST_104,109.74,19.56,25.37,154.67
BILL-002112,2026-03-09,Compute,PROD_ENCODE,CUST_103,98.02,26.93,24.61,149.56
BILL-002113,2026-03-23,Storage,PROD_LIVE,CUST_106,109.63,7.47,12.8,129.9
BILL-002114,2026-03-06,Storage,PROD_VOD,CUST_102,224.51,27.14,97.71,349.35999999999996
BILL-002115,2026-03-22,Data Transfer,PROD_ENCODE,CUST_103,89.71,14.96,31.94,136.60999999999999
BILL-002116,2026-03-04,Compute,PROD_ENCODE,CUST_102,358.82,61.04,72.29,492.15000000000003
BILL-002117,2026-03-05,Data Transfer,PROD_VOD,CUST_104,82.25,8.9,9.6,100.75
BILL-002118,2026-03-13,Compute,PROD_VOD,CUST_106,124.83,13.46,33.84,172.13
BILL-002119,2026-03-15,Data Transfer,PROD_LIVE,CUST_104,97.61,6.44,47.21,151.26
BILL-002120,2026-03-25,Compute,PROD_LIVE,CUST_106,61.33,24.91,47.84,134.07999999999998
BILL-002121,2026-03-11,Storage,PROD_LIVE,CUST_103,80.06,36.55,10.37,126.98
BILL-002122,2026-03-13,Compute,PROD_OTT,CUST_105,28.27,11.44,16.16,55.870000000000005
BILL-002123,2026-03-22,Data Transfer,PROD_ENCODE,CUST_101,333.18,18.57,45.81,397.56
BILL-002124,2026-03-17,Storage,PROD_LIVE,CUST_102,227.82,40.29,31.69,299.8
BILL-002125,2026-03-03,Storage,PROD_VOD,CUST_105,113.66,30.34,21.51,165.51
BILL-002126,2026-03-02,Compute,PROD_VOD,CUST_106,50.38,18.34,31.63,100.35
BILL-002127,2026-03-27,Storage,PROD_VOD,CUST_102,297.71,15.58,77.29,390.58
BILL-002128,2026-03-01,Data Transfer,PROD_ENCODE,CUST_105,103.82,14.89,33.87,152.57999999999998
BILL-002129,2026-03-15,Data Transfer,PROD_LIVE,CUST_106,83.77,13.75,49.17,146.69
BILL-002130,2026-03-21,Storage,PROD_ENCODE,CUST_102,197.62,89.45,43.5,330.57
BILL-002131,2026-03-10,Data Transfer,PROD_LIVE,CUST_104,149.89,35.87,23.46,209.22
BILL-002132,2026-03-01,Storage,PROD_OTT,CUST_102,63.83,48.41,112.38,224.62
BILL-002133,2026-03-28,Compute,PROD_ENCODE,CUST_102,323.04,43.38,118.9,485.32000000000005
BILL-002134,2026-03-14,Storage,PROD_ENCODE,CUST_106,78.8,38.33,27.47,144.6
BILL-002135,2026-03-11,Storage,PROD_ENCODE,CUST_102,285.08,30.52,42.78,358.38
BILL-002136,2026-03-07,Data Transfer,PROD_LIVE,CUST_106,105.71,26.66,45.81,178.18
BILL-002137,2026-03-18,Storage,PROD_OTT,CUST_106,59.9,18.75,27.75,106.4
BILL-002138,2026-03-18,Data Transfer,PROD_ENCODE,CUST_103,137.61,38.45,44.54,220.6
BILL-002139,2026-03-14,Compute,PROD_LIVE,CUST_102,159.75,90.37,89.26,339.38
BILL-002140,2026-03-30,Data Transfer,PROD_ENCODE,CUST_102,356.54,14.59,41.68,412.81
BILL-002141,2026-03-19,Data Transfer,PROD_LIVE,CUST_103,147.87,28.82,40.31,217.0
BILL-002142,2026-03-21,Storage,PROD_LIVE,CUST_102,183.67,53.5,111.14,348.31
BILL-002143,2026-03-05,Storage,PROD_OTT,CUST_105,141.29,26.43,38.88,206.6
BILL-002144,2026-03-29,Compute,PROD_VOD,CUST_101,77.87,13.26,110.54,201.67000000000002
BILL-002145,2026-03-02,Storage,PROD_VOD,CUST_103,141.1,17.48,39.23,197.80999999999997
BILL-002146,2026-03-07,Storage,PROD_VOD,CUST_103,101.02,16.04,45.99,163.05
BILL-002147,2026-03-15,Storage,PROD_OTT,CUST_106,42.78,15.61,41.7,100.09
BILL-002148,2026-03-06,Compute,PROD_LIVE,CUST_104,35.4,36.86,25.21,97.47
BILL-002149,2026-03-18,Data Transfer,PROD_ENCODE,CUST_106,147.83,29.15,45.95,222.93
BILL-002150,2026-03-04,Data Transfer,UNALLOCATED_RECOVERY,CUST_104,32.62,6.38,44.97,83.97
BILL-002151,2026-03-16,Storage,PROD_ENCODE,CUST_102,299.32,63.79,123.72,486.83000000000004
BILL-002152,2026-03-12,Storage,PROD_LIVE,CUST_104,136.22,38.96,47.76,222.94
BILL-002153,2026-03-19,Storage,PROD_OTT,CUST_101,338.11,18.53,34.17,390.81
BILL-002154,2026-03-10,Data Transfer,PROD_ENCODE,CUST_102,86.07,94.32,120.84,301.23
BILL-002155,2026-03-07,Data Transfer,PROD_OTT,CUST_103,112.48,38.21,11.49,162.18
BILL-002156,2026-03-20,Storage,PROD_VOD,CUST_105,135.84,19.62,15.1,170.56
BILL-002157,2026-03-28,Storage,PROD_LIVE,CUST_105,56.43,23.22,46.47,126.12
BILL-002158,2026-03-16,Storage,PROD_LIVE,CUST_101,261.06,73.8,47.63,382.49
BILL-002159,2026-03-14,Storage,PROD_VOD,CUST_103,117.5,31.59,27.24,176.33
BILL-002160,2026-03-03,Storage,PROD_VOD,CUST_102,333.41,93.57,21.12,448.1
BILL-002161,2026-03-19,Compute,PROD_OTT,CUST_104,45.95,21.45,24.31,91.71000000000001
BILL-002162,2026-03-23,Data Transfer,PROD_OTT,CUST_106,68.77,17.84,29.53,116.14
BILL-002163,2026-03-26,Storage,PROD_ENCODE,CUST_106,64.48,38.0,38.2,140.68
BILL-002164,2026-03-18,Compute,PROD_ENCODE,CUST_103,54.67,36.97,46.59,138.23000000000002
BILL-002165,2026-03-03,Data Transfer,PROD_OTT,CUST_105,136.46,5.81,13.4,155.67000000000002
BILL-002166,2026-03-25,Compute,PROD_LIVE,CUST_101,107.56,18.18,80.05,205.79000000000002
BILL-002167,2026-03-08,Compute,PROD_VOD,CUST_101,285.01,76.94,55.82,417.77
BILL-002168,2026-03-30,Data Transfer,PROD_VOD,CUST_102,239.4,96.99,121.76,458.15
BILL-002169,2026-03-21,Storage,PROD_VOD,CUST_105,35.86,29.65,16.38,81.88999999999999
BILL-002170,2026-03-24,Compute,PROD_LIVE,CUST_101,283.43,20.51,65.46,369.4
BILL-002171,2026-03-22,Compute,PROD_LIVE,CUST_101,283.02,46.35,85.67,415.04
BILL-002172,2026-03-07,Storage,PROD_LIVE,CUST_106,148.43,26.19,15.81,190.43
BILL-002173,2026-03-10,Data Transfer,PROD_VOD,CUST_104,44.04,5.22,15.39,64.65
BILL-002174,2026-03-07,Storage,PROD_LIVE,CUST_105,94.81,11.63,13.21,119.65
BILL-002175,2026-03-25,Compute,PROD_LIVE,CUST_102,45.0,78.68,43.91,167.59
BILL-002176,2026-03-13,Data Transfer,PROD_OTT,CUST_105,73.6,27.42,17.17,118.19
BILL-002177,2026-03-09,Storage,PROD_LIVE,CUST_105,20.91,36.17,36.71,93.78999999999999
BILL-002178,2026-03-10,Compute,PROD_VOD,CUST_101,70.4,42.62,96.96,209.98000000000002
BILL-002179,2026-03-20,Storage,PROD_VOD,CUST_106,119.38,30.06,8.5,157.94
BILL-002180,2026-03-24,Data Transfer,PROD_VOD,CUST_103,96.46,37.07,23.18,156.71
BILL-002181,2026-03-22,Data Transfer,PROD_VOD,CUST_105,54.12,34.39,26.93,115.44
BILL-002182,2026-03-24,Storage,PROD_OTT,CUST_104,59.03,22.12,30.93,112.08000000000001
BILL-002183,2026-03-24,Compute,PROD_LIVE,CUST_105,42.17,29.18,25.21,96.56
BILL-002184,2026-03-29,Storage,PROD_OTT,CUST_104,80.27,36.47,26.99,143.73
BILL-002185,2026-03-05,Data Transfer,PROD_ENCODE,CUST_104,143.45,35.57,41.11,220.13
BILL-002186,2026-03-13,Data Transfer,PROD_LIVE,CUST_104,67.54,20.2,42.33,130.07
BILL-002187,2026-03-29,Compute,PROD_LIVE,CUST_105,142.99,12.59,8.69,164.27
BILL-002188,2026-03-16,Compute,PROD_OTT,CUST_103,45.71,22.41,14.65,82.77000000000001
BILL-002189,2026-03-27,Data Transfer,PROD_OTT,CUST_102,111.73,65.6,72.41,249.73999999999998
BILL-002190,2026-03-14,Compute,PROD_ENCODE,CUST_106,27.77,38.65,10.81,77.23
BILL-002191,2026-03-11,Data Transfer,PROD_ENCODE,CUST_105,57.61,13.23,47.62,118.46000000000001
BILL-002192,2026-03-26,Compute,PROD_ENCODE,CUST_104,21.69,15.78,14.66,52.129999999999995
BILL-002193,2026-03-21,Storage,PROD_ENCODE,CUST_105,35.84,9.53,19.84,65.21000000000001
BILL-002194,2026-03-24,Storage,PROD_LIVE,CUST_103,93.49,21.57,8.74,123.8
BILL-002195,2026-03-12,Storage,PROD_LIVE,CUST_102,356.99,72.72,115.57,545.28
BILL-002196,2026-03-29,Storage,PROD_ENCODE,CUST_103,92.15,25.2,21.9,139.25
BILL-002197,2026-03-07,Compute,PROD_OTT,CUST_106,94.4,36.9,37.74,169.04000000000002
BILL-002198,2026-03-20,Compute,PROD_LIVE,CUST_104,93.23,36.17,21.17,150.57
BILL-002199,2026-03-29,Compute,PROD_ENCODE,CUST_102,252.67,19.61,71.55,343.83
BILL-002200,2026-03-20,Data Transfer,UNALLOCATED_RECOVERY,CUST_101,196.08,80.53,103.08,379.69
BILL-002201,2026-03-09,Data Transfer,PROD_LIVE,CUST_103,130.21,7.07,18.36,155.64
BILL-002202,2026-03-21,Compute,PROD_OTT,CUST_103,127.23,21.89,14.14,163.26
BILL-002203,2026-03-09,Storage,PROD_ENCODE,CUST_103,98.62,23.77,42.61,165.0
BILL-002204,2026-03-21,Compute,PROD_VOD,CUST_103,115.34,30.74,16.19,162.27
BILL-002205,2026-03-26,Data Transfer,PROD_OTT,CUST_102,306.98,49.51,105.95,462.44
BILL-002206,2026-03-01,Storage,PROD_OTT,CUST_102,96.82,14.71,88.42,199.95
BILL-002207,2026-03-25,Storage,PROD_VOD,CUST_103,80.44,36.84,14.2,131.48
BILL-002208,2026-03-21,Storage,PROD_LIVE,CUST_105,77.74,15.99,47.35,141.07999999999998
BILL-002209,2026-03-15,Storage,PROD_LIVE,CUST_106,98.85,14.97,32.63,146.45
BILL-002210,2026-03-11,Compute,PROD_VOD,CUST_101,332.01,60.85,58.73,451.59000000000003
BILL-002211,2026-03-11,Data Transfer,PROD_ENCODE,CUST_105,23.31,20.2,21.6,65.11
BILL-002212,2026-03-06,Storage,PROD_VOD,CUST_106,56.78,24.8,31.88,113.46
BILL-002213,2026-03-29,Data Transfer,PROD_VOD,CUST_106,113.25,9.62,10.68,133.55
BILL-002214,2026-03-03,Compute,PROD_LIVE,CUST_101,219.9,94.76,44.68,359.34000000000003
BILL-002215,2026-03-25,Storage,PROD_OTT,CUST_103,30.55,17.03,10.92,58.5
BILL-002216,2026-03-13,Data Transfer,PROD_VOD,CUST_105,74.13,32.64,37.17,143.94
BILL-002217,2026-03-18,Compute,PROD_LIVE,CUST_104,40.68,31.7,44.48,116.85999999999999
BILL-002218,2026-03-08,Compute,PROD_VOD,CUST_106,108.86,5.85,35.0,149.70999999999998
BILL-002219,2026-03-23,Compute,PROD_ENCODE,CUST_101,63.71,78.87,119.75,262.33000000000004
BILL-002220,2026-03-28,Compute,PROD_OTT,CUST_103,70.38,27.2,24.62,122.2
BILL-002221,2026-03-17,Storage,PROD_ENCODE,CUST_101,267.63,73.5,77.75,418.88
BILL-002222,2026-03-02,Compute,PROD_VOD,CUST_102,124.59,55.5,56.69,236.78
BILL-002223,2026-03-03,Data Transfer,PROD_OTT,CUST_105,136.82,10.75,16.94,164.51
BILL-002224,2026-03-18,Compute,PROD_OTT,CUST_103,92.31,22.88,14.71,129.9
BILL-002225,2026-03-07,Data Transfer,PROD_OTT,CUST_103,45.45,36.43,24.49,106.36999999999999
BILL-002226,2026-03-21,Storage,PROD_ENCODE,CUST_101,194.8,97.18,90.54,382.52000000000004
BILL-002227,2026-03-25,Storage,PROD_LIVE,CUST_102,86.63,46.4,31.21,164.24
BILL-002228,2026-03-30,Compute,PROD_LIVE,CUST_105,115.64,15.45,36.97,168.06
BILL-002229,2026-03-07,Data Transfer,PROD_OTT,CUST_103,80.29,27.67,17.65,125.61000000000001
BILL-002230,2026-03-29,Storage,PROD_LIVE,CUST_105,23.1,5.43,42.84,71.37
BILL-002231,2026-03-28,Storage,PROD_LIVE,CUST_104,143.08,18.6,21.75,183.43
BILL-002232,2026-03-13,Data Transfer,PROD_LIVE,CUST_104,82.42,25.89,41.39,149.7
BILL-002233,2026-03-22,Compute,PROD_VOD,CUST_105,33.94,5.01,9.31,48.26
BILL-002234,2026-03-02,Compute,PROD_OTT,CUST_101,148.62,45.87,79.65,274.14
BILL-002235,2026-03-06,Compute,PROD_VOD,CUST_103,47.99,11.68,25.77,85.44
BILL-002236,2026-03-29,Storage,PROD_VOD,CUST_103,74.27,5.78,40.36,120.41
BILL-002237,2026-03-29,Compute,PROD_OTT,CUST_102,135.39,93.89,113.17,342.45
BILL-002238,2026-03-26,Compute,PROD_VOD,CUST_106,116.75,28.86,9.28,154.89000000000001
BILL-002239,2026-03-30,Storage,PROD_LIVE,CUST_101,86.59,75.92,67.8,230.31
BILL-002240,2026-03-29,Data Transfer,PROD_OTT,CUST_103,22.93,24.71,10.66,58.3
BILL-002241,2026-03-23,Compute,PROD_LIVE,CUST_101,179.2,45.52,23.9,248.62
BILL-002242,2026-03-14,Storage,PROD_ENCODE,CUST_102,366.19,62.97,24.62,453.78
BILL-002243,2026-03-03,Storage,PROD_OTT,CUST_106,82.29,33.07,9.03,124.39000000000001
BILL-002244,2026-03-09,Compute,PROD_LIVE,CUST_106,78.24,5.07,35.31,118.62
BILL-002245,2026-03-28,Data Transfer,PROD_ENCODE,CUST_105,143.78,22.1,17.72,183.6
BILL-002246,2026-03-28,Data Transfer,PROD_VOD,CUST_103,67.32,25.93,27.16,120.41
BILL-002247,2026-03-16,Data Transfer,PROD_LIVE,CUST_103,105.62,17.99,31.14,154.75
BILL-002248,2026-03-05,Storage,PROD_OTT,CUST_104,42.62,19.06,27.63,89.30999999999999
BILL-002249,2026-03-12,Storage,PROD_LIVE,CUST_106,117.72,22.31,30.78,170.81
BILL-002250,2026-03-12,Storage,UNALLOCATED_RECOVERY,CUST_105,45.0,9.82,46.84,101.66
BILL-002251,2026-03-21,Storage,PROD_ENCODE,CUST_105,132.03,10.75,9.8,152.58
BILL-002252,2026-03-17,Data Transfer,PROD_LIVE,CUST_105,64.41,27.14,39.28,130.82999999999998
BILL-002253,2026-03-28,Data Transfer,PROD_LIVE,CUST_102,318.02,47.18,106.46,471.65999999999997
BILL-002254,2026-03-29,Compute,PROD_VOD,CUST_105,33.5,5.14,47.25,85.89
BILL-002255,2026-03-22,Compute,PROD_LIVE,CUST_106,112.27,16.72,12.91,141.9
BILL-002256,2026-03-24,Storage,PROD_ENCODE,CUST_105,105.4,18.75,32.23,156.38
BILL-002257,2026-03-24,Storage,PROD_VOD,CUST_102,258.15,52.19,107.61,417.95
BILL-002258,2026-03-29,Compute,PROD_VOD,CUST_105,123.99,22.33,46.47,192.79
BILL-002259,2026-03-23,Storage,PROD_LIVE,CUST_104,59.37,12.32,34.81,106.5
BILL-002260,2026-03-27,Compute,PROD_VOD,CUST_101,60.11,23.09,39.5,122.7
BILL-002261,2026-03-25,Data Transfer,PROD_VOD,CUST_101,132.37,95.71,64.3,292.38
BILL-002262,2026-03-12,Data Transfer,PROD_ENCODE,CUST_101,276.79,38.77,60.71,376.27
BILL-002263,2026-03-07,Storage,PROD_ENCODE,CUST_105,96.66,21.75,33.82,152.23
BILL-002264,2026-03-02,Data Transfer,PROD_ENCODE,CUST_101,212.5,43.26,46.86,302.62
BILL-002265,2026-03-16,Storage,PROD_VOD,CUST_104,109.52,26.71,22.74,158.97
BILL-002266,2026-03-22,Storage,PROD_VOD,CUST_104,25.03,22.06,46.05,93.14
BILL-002267,2026-03-16,Storage,PROD_VOD,CUST_101,129.75,85.18,86.29,301.22
BILL-002268,2026-03-04,Storage,PROD_ENCODE,CUST_106,63.86,26.13,27.71,117.69999999999999
BILL-002269,2026-03-11,Storage,PROD_ENCODE,CUST_102,249.46,20.81,91.8,362.07
BILL-002270,2026-03-19,Data Transfer,PROD_VOD,CUST_105,77.78,22.57,27.45,127.8
BILL-002271,2026-03-23,Data Transfer,PROD_ENCODE,CUST_105,104.98,6.71,32.6,144.29
BILL-002272,2026-03-23,Data Transfer,PROD_ENCODE,CUST_102,343.24,38.17,37.09,418.5
BILL-002273,2026-03-10,Data Transfer,PROD_OTT,CUST_104,34.26,10.42,43.17,87.85
BILL-002274,2026-03-07,Storage,PROD_ENCODE,CUST_102,51.85,80.38,104.71,236.94
BILL-002275,2026-03-29,Compute,PROD_ENCODE,CUST_101,148.24,32.05,110.88,291.17
BILL-002276,2026-03-19,Storage,PROD_LIVE,CUST_106,77.81,29.53,46.29,153.63
BILL-002277,2026-03-04,Compute,PROD_LIVE,CUST_102,290.62,95.33,79.09,465.03999999999996
BILL-002278,2026-03-15,Storage,PROD_OTT,CUST_106,75.9,29.79,45.7,151.39
BILL-002279,2026-03-12,Data Transfer,PROD_VOD,CUST_104,81.58,14.76,31.41,127.75
BILL-002280,2026-03-14,Compute,PROD_VOD,CUST_101,135.4,95.51,57.55,288.46000000000004
BILL-002281,2026-03-13,Data Transfer,PROD_LIVE,CUST_102,89.33,26.67,79.89,195.89
BILL-002282,2026-03-22,Compute,PROD_ENCODE,CUST_106,149.55,18.07,19.05,186.67000000000002
BILL-002283,2026-03-03,Data Transfer,PROD_LIVE,CUST_105,73.72,24.59,17.75,116.06
BILL-002284,2026-03-05,Storage,PROD_LIVE,CUST_106,111.19,5.39,10.52,127.1
BILL-002285,2026-03-26,Compute,PROD_VOD,CUST_105,106.57,25.5,8.37,140.44
BILL-002286,2026-03-29,Compute,PROD_OTT,CUST_102,329.69,82.61,39.81,452.11
BILL-002287,2026-03-16,Storage,PROD_ENCODE,CUST_102,82.19,46.44,86.51,215.14
BILL-002288,2026-03-18,Compute,PROD_LIVE,CUST_106,36.5,22.85,44.17,103.52000000000001
BILL-002289,2026-03-03,Storage,PROD_VOD,CUST_105,41.42,26.94,25.37,93.73
BILL-002290,2026-03-21,Storage,PROD_LIVE,CUST_103,72.83,31.33,9.8,113.96
BILL-002291,2026-03-11,Storage,PROD_VOD,CUST_102,268.29,93.94,61.03,423.26
BILL-002292,2026-03-20,Compute,PROD_LIVE,CUST_104,99.94,32.67,45.33,177.94
BILL-002293,2026-03-21,Data Transfer,PROD_LIVE,CUST_102,244.67,37.67,101.18,383.52
BILL-002294,2026-03-14,Data Transfer,PROD_VOD,CUST_104,28.62,7.97,45.45,82.04
BILL-002295,2026-03-05,Data Transfer,PROD_VOD,CUST_103,56.06,14.83,35.31,106.2
BILL-002296,2026-03-30,Storage,PROD_OTT,CUST_105,98.69,37.18,43.93,179.8
BILL-002297,2026-03-16,Data Transfer,PROD_ENCODE,CUST_104,118.46,34.38,32.76,185.6
BILL-002298,2026-03-18,Data Transfer,PROD_LIVE,CUST_104,63.82,29.2,48.96,141.98
BILL-002299,2026-03-18,Data Transfer,PROD_VOD,CUST_103,101.79,37.7,44.74,184.23000000000002
BILL-002300,2026-03-20,Data Transfer,UNALLOCATED_RECOVERY,CUST_103,140.49,16.35,18.06,174.9
BILL-002301,2026-03-07,Storage,PROD_OTT,CUST_102,318.36,57.8,63.21,439.37
BILL-002302,2026-03-09,Data Transfer,PROD_ENCODE,CUST_106,105.68,31.89,45.4,182.97
BILL-002303,2026-03-05,Data Transfer,PROD_OTT,CUST_102,273.31,44.13,76.99,394.43
BILL-002304,2026-03-11,Compute,PROD_ENCODE,CUST_105,87.61,9.1,38.36,135.07
BILL-002305,2026-03-10,Data Transfer,PROD_LIVE,CUST_102,244.39,67.93,55.42,367.74
BILL-002306,2026-03-29,Data Transfer,PROD_ENCODE,CUST_103,51.93,21.95,19.37,93.25
BILL-002307,2026-03-19,Storage,PROD_OTT,CUST_102,132.79,18.8,33.07,184.66
BILL-002308,2026-03-13,Data Transfer,PROD_ENCODE,CUST_101,71.63,83.55,46.76,201.94
BILL-002309,2026-03-16,Storage,PROD_OTT,CUST_105,93.77,11.97,10.14,115.88
BILL-002310,2026-03-14,Data Transfer,PROD_ENCODE,CUST_105,34.05,20.3,21.15,75.5
BILL-002311,2026-03-05,Compute,PROD_VOD,CUST_103,118.82,39.8,9.72,168.34
BILL-002312,2026-03-03,Storage,PROD_VOD,CUST_105,89.58,9.46,12.03,111.07
BILL-002313,2026-03-24,Data Transfer,PROD_ENCODE,CUST_102,62.98,70.28,26.29,159.54999999999998
BILL-002314,2026-03-04,Storage,PROD_OTT,CUST_103,75.87,13.07,33.97,122.91
BILL-002315,2026-03-19,Storage,PROD_OTT,CUST_102,99.3,60.95,53.26,213.51
BILL-002316,2026-03-08,Compute,PROD_ENCODE,CUST_102,226.06,14.03,36.84,276.93
BILL-002317,2026-03-19,Data Transfer,PROD_OTT,CUST_104,36.19,13.62,25.07,74.88
BILL-002318,2026-03-08,Storage,PROD_LIVE,CUST_102,348.23,36.95,20.33,405.51
BILL-002319,2026-03-22,Storage,PROD_ENCODE,CUST_105,131.92,34.74,26.74,193.4
BILL-002320,2026-03-08,Compute,PROD_VOD,CUST_104,112.62,20.49,39.04,172.15
BILL-002321,2026-03-13,Data Transfer,PROD_ENCODE,CUST_101,225.91,36.28,112.59,374.78
BILL-002322,2026-03-16,Storage,PROD_OTT,CUST_103,22.69,22.76,24.29,69.74000000000001
BILL-002323,2026-03-15,Data Transfer,PROD_LIVE,CUST_103,38.79,7.71,43.15,89.65
BILL-002324,2026-03-22,Storage,PROD_LIVE,CUST_104,46.93,16.0,25.01,87.94
BILL-002325,2026-03-08,Data Transfer,PROD_OTT,CUST_102,45.0,89.3,120.87,255.17000000000002
BILL-002326,2026-03-22,Data Transfer,PROD_LIVE,CUST_106,110.69,20.83,41.6,173.11999999999998
BILL-002327,2026-03-13,Data Transfer,PROD_OTT,CUST_103,69.53,22.18,38.42,130.13
BILL-002328,2026-03-30,Storage,PROD_VOD,CUST_104,53.14,13.0,23.4,89.53999999999999
BILL-002329,2026-03-09,Storage,PROD_LIVE,CUST_102,121.22,63.73,74.3,259.25
BILL-002330,2026-03-17,Compute,PROD_VOD,CUST_104,67.39,31.62,11.78,110.79
BILL-002331,2026-03-30,Compute,PROD_VOD,CUST_105,110.39,6.75,11.33,128.47
BILL-002332,2026-03-30,Storage,PROD_ENCODE,CUST_102,145.27,87.62,49.24,282.13
BILL-002333,2026-03-30,Compute,PROD_LIVE,CUST_104,60.51,23.22,17.74,101.46999999999998
BILL-002334,2026-03-03,Data Transfer,PROD_VOD,CUST_105,105.1,32.45,48.06,185.61
BILL-002335,2026-03-24,Compute,PROD_OTT,CUST_105,81.13,19.81,15.05,115.99
BILL-002336,2026-03-01,Compute,PROD_VOD,CUST_101,301.17,36.04,102.23,439.44000000000005
BILL-002337,2026-03-18,Compute,PROD_ENCODE,CUST_105,118.91,30.31,14.41,163.63
BILL-002338,2026-03-30,Compute,PROD_LIVE,CUST_101,155.78,27.53,48.6,231.91
BILL-002339,2026-03-27,Compute,PROD_VOD,CUST_104,37.54,6.69,14.55,58.78
BILL-002340,2026-03-05,Compute,PROD_OTT,CUST_105,121.81,21.18,27.11,170.10000000000002
BILL-002341,2026-03-23,Compute,PROD_LIVE,CUST_102,258.04,78.52,27.04,363.6
BILL-002342,2026-03-13,Compute,PROD_VOD,CUST_103,79.9,32.96,36.46,149.32000000000002
BILL-002343,2026-03-13,Data Transfer,PROD_ENCODE,CUST_105,80.66,27.66,29.83,138.14999999999998
BILL-002344,2026-03-26,Data Transfer,PROD_ENCODE,CUST_103,88.05,19.27,29.13,136.45
BILL-002345,2026-03-16,Compute,PROD_VOD,CUST_102,73.86,99.54,108.4,281.8
BILL-002346,2026-03-04,Data Transfer,PROD_ENCODE,CUST_104,68.87,18.08,21.21,108.16
BILL-002347,2026-03-07,Compute,PROD_LIVE,CUST_104,120.76,31.26,26.9,178.92000000000002
BILL-002348,2026-03-19,Data Transfer,PROD_LIVE,CUST_106,123.19,18.87,13.98,156.04
BILL-002349,2026-03-29,Compute,PROD_ENCODE,CUST_103,83.28,21.32,27.54,132.14
BILL-002350,2026-03-29,Compute,UNALLOCATED_RECOVERY,CUST_102,185.14,16.99,119.51,321.64
BILL-002351,2026-03-29,Data Transfer,PROD_VOD,CUST_103,68.62,17.27,46.19,132.07999999999998
BILL-002352,2026-03-29,Data Transfer,PROD_ENCODE,CUST_101,244.43,43.54,73.82,361.79
BILL-002353,2026-03-16,Compute,PROD_ENCODE,CUST_101,164.56,29.43,116.81,310.8
BILL-002354,2026-03-06,Compute,PROD_VOD,CUST_102,291.91,61.64,26.29,379.84000000000003
BILL-002355,2026-03-17,Compute,PROD_OTT,CUST_101,195.72,41.73,84.36,321.81
BILL-002356,2026-03-12,Data Transfer,PROD_OTT,CUST_103,67.84,33.04,32.6,133.48
BILL-002357,2026-03-29,Storage,PROD_ENCODE,CUST_104,119.27,6.27,40.73,166.26999999999998
BILL-002358,2026-03-24,Data Transfer,PROD_VOD,CUST_102,353.21,45.57,89.36,488.14
BILL-002359,2026-03-15,Data Transfer,PROD_OTT,CUST_102,96.22,92.56,29.78,218.56
BILL-002360,2026-03-13,Storage,PROD_ENCODE,CUST_102,63.61,39.0,120.12,222.73000000000002
BILL-002361,2026-03-07,Storage,PROD_LIVE,CUST_104,123.93,35.91,25.93,185.77
BILL-002362,2026-03-19,Storage,PROD_LIVE,CUST_101,372.08,26.8,23.93,422.81
BILL-002363,2026-03-24,Storage,PROD_VOD,CUST_102,202.2,98.35,117.11,417.65999999999997
BILL-002364,2026-03-16,Compute,PROD_VOD,CUST_106,79.75,36.48,33.91,150.14
BILL-002365,2026-03-12,Storage,PROD_OTT,CUST_105,92.61,36.12,42.2,170.93
BILL-002366,2026-03-11,Data Transfer,PROD_OTT,CUST_105,40.23,28.87,38.1,107.19999999999999
BILL-002367,2026-03-17,Data Transfer,PROD_OTT,CUST_105,121.18,13.59,42.23,177.0
BILL-002368,2026-03-14,Storage,PROD_OTT,CUST_103,142.19,15.52,48.86,206.57
BILL-002369,2026-03-13,Compute,PROD_OTT,CUST_103,33.84,10.18,17.39,61.410000000000004
BILL-002370,2026-03-26,Compute,PROD_LIVE,CUST_104,137.67,37.41,37.29,212.36999999999998
BILL-002371,2026-03-17,Storage,PROD_ENCODE,CUST_106,71.98,24.83,20.56,117.37
BILL-002372,2026-03-08,Compute,PROD_ENCODE,CUST_106,28.62,15.99,45.35,89.96000000000001
BILL-002373,2026-03-14,Storage,PROD_ENCODE,CUST_102,184.62,98.11,55.05,337.78000000000003
BILL-002374,2026-03-12,Compute,PROD_OTT,CUST_102,208.12,99.81,117.42,425.35
BILL-002375,2026-03-13,Data Transfer,PROD_LIVE,CUST_104,75.91,13.23,18.22,107.36
BILL-002376,2026-03-26,Compute,PROD_OTT,CUST_102,244.34,64.43,109.59,418.36
BILL-002377,2026-03-04,Compute,PROD_VOD,CUST_106,21.1,23.91,28.69,73.7
BILL-002378,2026-03-03,Data Transfer,PROD_LIVE,CUST_101,50.68,28.04,34.02,112.74000000000001
BILL-002379,2026-03-27,Storage,PROD_OTT,CUST_106,94.36,6.42,45.5,146.28
BILL-002380,2026-03-11,Compute,PROD_VOD,CUST_105,30.7,6.38,8.01,45.089999999999996
BILL-002381,2026-03-30,Compute,PROD_LIVE,CUST_104,127.14,22.16,19.23,168.53
BILL-002382,2026-03-10,Data Transfer,PROD_VOD,CUST_105,56.98,7.27,33.46,97.71000000000001
BILL-002383,2026-03-09,Compute,PROD_VOD,CUST_104,98.84,29.12,9.35,137.31
BILL-002384,2026-03-28,Storage,PROD_LIVE,CUST_106,81.45,20.84,47.97,150.26
BILL-002385,2026-03-10,Storage,PROD_ENCODE,CUST_104,124.91,13.23,49.35,187.48999999999998
BILL-002386,2026-03-10,Data Transfer,PROD_OTT,CUST_102,128.22,25.51,36.3,190.02999999999997
BILL-002387,2026-03-03,Compute,PROD_VOD,CUST_102,84.99,51.78,35.68,172.45
BILL-002388,2026-03-03,Storage,PROD_OTT,CUST_106,61.59,13.37,28.23,103.19000000000001
BILL-002389,2026-03-14,Compute,PROD_OTT,CUST_106,47.27,21.56,9.42,78.25
BILL-002390,2026-03-06,Storage,PROD_LIVE,CUST_103,28.59,6.1,43.83,78.52
BILL-002391,2026-03-09,Storage,PROD_LIVE,CUST_104,80.26,38.83,40.92,160.01
BILL-002392,2026-03-28,Storage,PROD_ENCODE,CUST_102,315.13,77.71,94.28,487.12
BILL-002393,2026-03-22,Storage,PROD_LIVE,CUST_101,332.48,26.87,46.31,405.66
BILL-002394,2026-03-03,Storage,PROD_OTT,CUST_102,63.66,24.78,73.84,162.28
BILL-002395,2026-03-16,Storage,PROD_LIVE,CUST_106,43.47,6.35,8.39,58.21
BILL-002396,2026-03-12,Data Transfer,PROD_OTT,CUST_105,68.49,5.1,28.28,101.86999999999999
BILL-002397,2026-03-27,Data Transfer,PROD_LIVE,CUST_102,98.04,72.03,110.07,280.14
BILL-002398,2026-03-24,Data Transfer,PROD_OTT,CUST_105,70.79,23.51,32.8,127.10000000000001
BILL-002399,2026-03-30,Data Transfer,PROD_LIVE,CUST_104,120.06,30.59,9.66,160.31
BILL-002400,2026-03-24,Data Transfer,UNALLOCATED_RECOVERY,CUST_105,45.0,20.98,19.95,85.93
BILL-002401,2026-03-01,Storage,PROD_VOD,CUST_104,127.84,19.6,27.47,174.91
BILL-002402,2026-03-29,Data Transfer,PROD_LIVE,CUST_103,128.52,12.8,19.12,160.44000000000003
BILL-002403,2026-03-29,Data Transfer,PROD_VOD,CUST_102,267.24,63.21,61.46,391.90999999999997
BILL-002404,2026-03-01,Data Transfer,PROD_LIVE,CUST_101,122.09,84.38,45.09,251.56
BILL-002405,2026-03-01,Storage,PROD_VOD,CUST_101,310.78,36.44,105.51,452.72999999999996
BILL-002406,2026-03-18,Storage,PROD_VOD,CUST_105,132.91,30.65,40.2,203.76
BILL-002407,2026-03-26,Storage,PROD_VOD,CUST_104,148.55,12.47,35.77,196.79000000000002
BILL-002408,2026-03-10,Compute,PROD_LIVE,CUST_104,92.9,16.5,30.89,140.29000000000002
BILL-002409,2026-03-07,Compute,PROD_ENCODE,CUST_101,156.85,33.99,70.39,261.23
BILL-002410,2026-03-04,Compute,PROD_OTT,CUST_102,263.67,71.28,63.64,398.59000000000003
BILL-002411,2026-03-29,Storage,PROD_LIVE,CUST_106,41.31,8.42,47.13,96.86000000000001
BILL-002412,2026-03-10,Data Transfer,PROD_VOD,CUST_101,369.41,88.91,109.57,567.8900000000001
BILL-002413,2026-03-01,Compute,PROD_VOD,CUST_103,145.47,8.97,26.95,181.39
BILL-002414,2026-03-04,Data Transfer,PROD_ENCODE,CUST_105,35.87,28.38,19.69,83.94
BILL-002415,2026-03-03,Storage,PROD_VOD,CUST_103,42.93,33.23,30.9,107.06
BILL-002416,2026-03-09,Data Transfer,PROD_VOD,CUST_105,124.57,32.77,11.63,168.97
BILL-002417,2026-03-03,Compute,PROD_LIVE,CUST_103,40.84,33.53,30.46,104.83000000000001
BILL-002418,2026-03-16,Data Transfer,PROD_OTT,CUST_101,160.56,46.56,99.46,306.58
BILL-002419,2026-03-04,Data Transfer,PROD_ENCODE,CUST_102,104.44,66.84,70.76,242.04000000000002
BILL-002420,2026-03-19,Data Transfer,PROD_VOD,CUST_106,49.48,28.0,46.34,123.82
BILL-002421,2026-03-16,Data Transfer,PROD_ENCODE,CUST_104,61.89,17.91,45.8,125.6
BILL-002422,2026-03-02,Storage,PROD_LIVE,CUST_101,235.56,14.0,89.78,339.34000000000003
BILL-002423,2026-03-12,Data Transfer,PROD_OTT,CUST_104,117.47,5.26,21.24,143.97
BILL-002424,2026-03-15,Compute,PROD_LIVE,CUST_101,243.26,61.62,32.23,337.11
BILL-002425,2026-03-05,Storage,PROD_ENCODE,CUST_105,149.5,30.41,22.31,202.22
BILL-002426,2026-03-20,Compute,PROD_OTT,CUST_102,151.42,84.44,50.81,286.66999999999996
BILL-002427,2026-03-28,Compute,PROD_VOD,CUST_103,106.43,39.94,37.23,183.6
BILL-002428,2026-03-27,Storage,PROD_LIVE,CUST_103,64.19,19.42,11.12,94.73
BILL-002429,2026-03-17,Storage,PROD_VOD,CUST_104,60.09,15.49,8.95,84.53
BILL-002430,2026-03-10,Storage,PROD_LIVE,CUST_106,32.1,9.81,30.05,71.96000000000001
BILL-002431,2026-03-20,Compute,PROD_OTT,CUST_101,80.93,35.62,55.05,171.60000000000002
BILL-002432,2026-03-29,Compute,PROD_LIVE,CUST_105,47.6,33.01,17.72,98.33
BILL-002433,2026-03-09,Storage,PROD_VOD,CUST_106,91.36,25.21,37.0,153.57
BILL-002434,2026-03-10,Data Transfer,PROD_OTT,CUST_101,340.98,78.33,24.28,443.59000000000003
BILL-002435,2026-03-30,Storage,PROD_VOD,CUST_106,63.32,30.94,13.75,108.01
BILL-002436,2026-03-04,Data Transfer,PROD_VOD,CUST_101,339.71,16.22,105.0,460.92999999999995
BILL-002437,2026-03-13,Data Transfer,PROD_VOD,CUST_103,40.64,37.89,45.59,124.12
BILL-002438,2026-03-08,Compute,PROD_OTT,CUST_102,110.17,92.84,93.57,296.58
BILL-002439,2026-03-04,Data Transfer,PROD_VOD,CUST_104,48.39,29.79,15.11,93.29
BILL-002440,2026-03-27,Data Transfer,PROD_LIVE,CUST_104,20.69,23.3,19.48,63.47
BILL-002441,2026-03-26,Data Transfer,PROD_LIVE,CUST_104,91.18,7.08,16.86,115.12
BILL-002442,2026-03-22,Storage,PROD_LIVE,CUST_105,58.05,9.77,48.9,116.72
BILL-002443,2026-03-14,Data Transfer,PROD_OTT,CUST_103,52.37,34.96,13.24,100.57
BILL-002444,2026-03-14,Storage,PROD_ENCODE,CUST_101,367.79,47.99,40.07,455.85
BILL-002445,2026-03-09,Data Transfer,PROD_LIVE,CUST_105,43.97,27.43,13.04,84.44
BILL-002446,2026-03-22,Compute,PROD_LIVE,CUST_106,25.23,39.94,39.28,104.45
BILL-002447,2026-03-24,Compute,PROD_ENCODE,CUST_102,363.7,36.7,31.82,432.21999999999997
BILL-002448,2026-03-01,Data Transfer,PROD_LIVE,CUST_106,34.4,29.37,25.36,89.13
BILL-002449,2026-03-11,Compute,PROD_ENCODE,CUST_102,97.77,69.2,32.94,199.91
BILL-002450,2026-03-12,Storage,UNALLOCATED_RECOVERY,CUST_104,105.74,28.81,26.62,161.17
BILL-002451,2026-03-07,Data Transfer,PROD_LIVE,CUST_102,176.49,28.95,89.91,295.35
BILL-002452,2026-03-22,Compute,PROD_ENCODE,CUST_104,143.39,20.31,18.59,182.29
BILL-002453,2026-03-14,Storage,PROD_LIVE,CUST_101,303.95,85.45,98.57,487.96999999999997
BILL-002454,2026-03-17,Storage,PROD_LIVE,CUST_104,34.35,15.05,19.9,69.30000000000001
BILL-002455,2026-03-06,Storage,PROD_VOD,CUST_104,122.14,23.54,32.63,178.31
BILL-002456,2026-03-12,Storage,PROD_LIVE,CUST_104,46.12,35.23,43.26,124.60999999999999
BILL-002457,2026-03-13,Storage,PROD_LIVE,CUST_104,48.67,36.67,8.72,94.06
BILL-002458,2026-03-08,Data Transfer,PROD_ENCODE,CUST_104,48.45,38.2,29.41,116.06
BILL-002459,2026-03-30,Compute,PROD_VOD,CUST_103,113.76,23.27,36.98,174.01
BILL-002460,2026-03-09,Data Transfer,PROD_OTT,CUST_106,72.48,7.2,48.2,127.88000000000001
BILL-002461,2026-03-04,Compute,PROD_OTT,CUST_103,125.26,31.52,36.07,192.85
BILL-002462,2026-03-18,Data Transfer,PROD_LIVE,CUST_106,84.61,23.49,14.26,122.36
BILL-002463,2026-03-01,Storage,PROD_ENCODE,CUST_105,64.37,21.84,15.87,102.08000000000001
BILL-002464,2026-03-24,Storage,PROD_ENCODE,CUST_103,110.48,14.52,16.38,141.38
BILL-002465,2026-03-13,Data Transfer,PROD_OTT,CUST_101,173.47,67.15,113.48,354.1
BILL-002466,2026-03-11,Compute,PROD_OTT,CUST_103,81.28,13.44,22.0,116.72
BILL-002467,2026-03-08,Storage,PROD_VOD,CUST_106,29.91,24.78,13.75,68.44
BILL-002468,2026-03-14,Compute,PROD_LIVE,CUST_104,73.61,39.86,11.05,124.52
BILL-002469,2026-03-22,Data Transfer,PROD_ENCODE,CUST_106,37.64,30.83,17.18,85.65
BILL-002470,2026-03-04,Compute,PROD_OTT,CUST_101,348.42,48.3,124.09,520.8100000000001
BILL-002471,2026-03-21,Data Transfer,PROD_ENCODE,CUST_102,80.38,93.31,84.24,257.93
BILL-002472,2026-03-03,Storage,PROD_LIVE,CUST_101,204.7,36.74,37.54,278.98
BILL-002473,2026-03-25,Data Transfer,PROD_VOD,CUST_104,126.22,12.57,25.3,164.09
BILL-002474,2026-03-11,Compute,PROD_VOD,CUST_105,95.77,37.37,19.66,152.79999999999998
BILL-002475,2026-03-14,Data Transfer,PROD_OTT,CUST_103,45.0,24.47,14.9,84.37
BILL-002476,2026-03-24,Compute,PROD_VOD,CUST_106,55.78,11.02,14.59,81.39
BILL-002477,2026-03-24,Compute,PROD_LIVE,CUST_102,318.87,29.79,50.97,399.63
BILL-002478,2026-03-02,Data Transfer,PROD_ENCODE,CUST_102,251.06,15.26,96.2,362.52
BILL-002479,2026-03-24,Compute,PROD_OTT,CUST_106,118.36,31.64,43.06,193.06
BILL-002480,2026-03-14,Compute,PROD_VOD,CUST_102,203.96,13.17,59.33,276.46
BILL-002481,2026-03-18,Compute,PROD_ENCODE,CUST_101,77.57,26.28,27.69,131.54
BILL-002482,2026-03-14,Compute,PROD_ENCODE,CUST_102,277.4,27.04,94.94,399.38
BILL-002483,2026-03-23,Data Transfer,PROD_OTT,CUST_104,40.46,39.9,30.38,110.74
BILL-002484,2026-03-19,Compute,PROD_ENCODE,CUST_104,42.38,34.28,26.69,103.35
BILL-002485,2026-03-11,Storage,PROD_LIVE,CUST_106,123.78,34.25,16.24,174.27
BILL-002486,2026-03-10,Storage,PROD_ENCODE,CUST_101,334.29,22.59,92.92,449.8
BILL-002487,2026-03-29,Compute,PROD_LIVE,CUST_106,111.04,38.23,12.75,162.02
BILL-002488,2026-03-16,Storage,PROD_LIVE,CUST_101,218.34,59.66,44.34,322.34000000000003
BILL-002489,2026-03-05,Compute,PROD_VOD,CUST_105,131.58,24.03,11.12,166.73000000000002
BILL-002490,2026-03-18,Data Transfer,PROD_VOD,CUST_103,88.26,8.27,18.97,115.5
BILL-002491,2026-03-18,Compute,PROD_LIVE,CUST_101,189.01,86.9,41.56,317.46999999999997
BILL-002492,2026-03-26,Compute,PROD_VOD,CUST_105,39.22,20.48,25.73,85.43
BILL-002493,2026-03-21,Data Transfer,PROD_VOD,CUST_106,118.82,21.13,36.62,176.57
BILL-002494,2026-03-28,Storage,PROD_VOD,CUST_101,298.78,80.75,101.41,480.93999999999994
BILL-002495,2026-03-23,Compute,PROD_VOD,CUST_101,154.81,78.79,104.84,338.44000000000005
BILL-002496,2026-03-19,Compute,PROD_VOD,CUST_106,44.75,38.36,12.13,95.24
BILL-002497,2026-03-26,Data Transfer,PROD_OTT,CUST_101,305.93,77.99,83.51,467.43
BILL-002498,2026-03-24,Compute,PROD_OTT,CUST_103,69.28,9.03,46.4,124.71000000000001
BILL-002499,2026-03-21,Storage,PROD_OTT,CUST_103,40.71,24.1,14.21,79.02000000000001
BILL-002500,2026-03-22,Data Transfer,UNALLOCATED_RECOVERY,CUST_103,83.85,36.86,11.22,131.93
