activity_id,date,product_id,customer_id,videos_processed,processing_hours,storage_gb,transfer_gb,revenue
ACT-000001,2026-03-02,PROD_LIVE,CUST_104,58,9.38,121.68,463.06,1111.38
ACT-000002,2026-03-03,PROD_LIVE,CUST_104,145,55.23,608.99,795.96,2162.54
ACT-000003,2026-03-04,PROD_LIVE,CUST_104,73,12.64,338.37,346.91,1138.92
ACT-000004,2026-03-05,PROD_ENCODE,CUST_104,84,19.35,322.83,795.41,1805.11
ACT-000005,2026-03-06,PROD_VOD,CUST_105,84,27.61,303.43,560.96,1680.71
ACT-000006,2026-03-07,PROD_OTT,CUST_105,48,18.85,137.69,366.84,542.21
ACT-000007,2026-03-08,PROD_VOD,CUST_102,116,28.62,453.75,808.45,2876.71
ACT-000008,2026-03-09,PROD_ENCODE,CUST_104,139,24.77,617.85,1359.92,1122.82
ACT-000009,2026-03-10,PROD_OTT,CUST_102,113,33.31,530.27,890.1,1305.94
ACT-000010,2026-03-11,PROD_LIVE,CUST_101,58,7.12,137.48,480.18,1230.16
ACT-000011,2026-03-12,PROD_VOD,CUST_104,125,34.88,378.08,726.81,2944.67
ACT-000012,2026-03-13,PROD_LIVE,CUST_102,61,7.96,180.36,600.05,1464.23
ACT-000013,2026-03-14,PROD_VOD,CUST_105,14,1.84,44.92,101.41,114.7
ACT-000014,2026-03-15,PROD_LIVE,CUST_104,44,11.5,202.67,406.02,518.12
ACT-000015,2026-03-16,PROD_OTT,CUST_102,28,3.73,79.19,260.73,649.59
ACT-000016,2026-03-17,PROD_ENCODE,CUST_105,34,7.07,93.1,301.06,769.23
ACT-000017,2026-03-18,PROD_VOD,CUST_101,106,35.24,215.92,691.27,1178.4
ACT-000018,2026-03-19,PROD_ENCODE,CUST_103,25,4.67,52.84,121.17,587.96
ACT-000019,2026-03-20,PROD_LIVE,CUST_102,89,31.94,310.02,697.28,911.45
ACT-000020,2026-03-21,PROD_OTT,CUST_101,150,59.69,365.89,1462.46,2286.97
ACT-000021,2026-03-22,PROD_VOD,CUST_102,96,10.84,311.75,421.47,1631.93
ACT-000022,2026-03-23,PROD_VOD,CUST_101,92,33.11,417.04,859.28,1512.4
ACT-000023,2026-03-24,PROD_VOD,CUST_104,44,13.76,204.72,192.97,774.12
ACT-000024,2026-03-25,PROD_ENCODE,CUST_106,100,15.52,486.8,718.58,1511.28
ACT-000025,2026-03-26,PROD_OTT,CUST_101,146,23.99,533.93,1252.21,2550.85
ACT-000026,2026-03-27,PROD_LIVE,CUST_101,84,9.46,408.36,573.41,951.84
ACT-000027,2026-03-28,PROD_ENCODE,CUST_101,81,26.43,302.59,418.78,661.79
ACT-000028,2026-03-29,PROD_LIVE,CUST_101,23,4.65,100.54,183.76,253.24
ACT-000029,2026-03-30,PROD_VOD,CUST_104,11,3.19,54.5,105.76,180.09
ACT-000030,2026-03-01,PROD_OTT,CUST_106,124,35.6,514.45,1123.28,2290.62
ACT-000031,2026-03-02,PROD_VOD,CUST_102,53,12.64,190.74,494.94,1270.3
ACT-000032,2026-03-03,PROD_LIVE,CUST_105,63,9.57,234.66,505.49,691.05
ACT-000033,2026-03-04,PROD_OTT,CUST_103,19,2.54,71.78,173.3,232.37
ACT-000034,2026-03-05,PROD_OTT,CUST_104,104,19.5,407.96,731.66,1542.41
ACT-000035,2026-03-06,PROD_OTT,CUST_103,78,18.44,168.19,534.56,1458.28
ACT-000036,2026-03-07,PROD_LIVE,CUST_106,79,25.76,209.35,510.86,1435.99
ACT-000037,2026-03-08,PROD_LIVE,CUST_104,99,20.58,387.64,613.11,820.73
ACT-000038,2026-03-09,PROD_OTT,CUST_105,72,18.86,221.95,293.88,1483.82
ACT-000039,2026-03-10,PROD_ENCODE,CUST_101,23,7.35,53.97,200.96,221.14
ACT-000040,2026-03-11,PROD_VOD,CUST_102,102,40.54,420.22,409.45,1150.57
ACT-000041,2026-03-12,PROD_LIVE,CUST_101,105,31.71,392.92,586.72,1046.22
ACT-000042,2026-03-13,PROD_VOD,CUST_103,113,12.35,526.58,911.13,2803.84
ACT-000043,2026-03-14,PROD_LIVE,CUST_103,57,5.82,274.05,284.9,624.75
ACT-000044,2026-03-15,PROD_ENCODE,CUST_101,63,7.76,199.28,356.45,1318.53
ACT-000045,2026-03-16,PROD_ENCODE,CUST_102,69,9.32,157.56,297.73,1196.84
ACT-000046,2026-03-17,PROD_LIVE,CUST_102,36,3.68,123.34,293.28,362.1
ACT-000047,2026-03-18,PROD_OTT,CUST_103,129,48.55,354.77,774.86,1273.52
ACT-000048,2026-03-19,PROD_OTT,CUST_101,28,7.82,115.62,112.95,619.1
ACT-000049,2026-03-20,PROD_OTT,CUST_104,122,41.4,329.19,750.14,2640.53
ACT-000050,2026-03-21,PROD_LIVE,CUST_103,104,13.12,457.53,564.91,1153.99
ACT-000051,2026-03-22,PROD_VOD,CUST_102,17,2.47,43.47,162.7,288.38
ACT-000052,2026-03-23,PROD_ENCODE,CUST_104,35,4.07,113.49,295.92,292.91
ACT-000053,2026-03-24,PROD_OTT,CUST_105,52,20.28,161.15,347.07,808.31
ACT-000054,2026-03-25,PROD_VOD,CUST_106,87,23.84,269.84,392.6,1194.62
ACT-000055,2026-03-26,PROD_LIVE,CUST_102,136,48.84,526.61,1048.4,3020.68
ACT-000056,2026-03-27,PROD_OTT,CUST_102,110,43.51,324.25,746.63,2586.72
ACT-000057,2026-03-28,PROD_VOD,CUST_104,73,9.46,358.61,430.95,1771.76
ACT-000058,2026-03-29,PROD_VOD,CUST_101,76,11.3,211.99,375.69,1514.62
ACT-000059,2026-03-30,PROD_OTT,CUST_103,88,34.31,292.05,391.26,1710.5
ACT-000060,2026-03-01,PROD_LIVE,CUST_104,29,10.93,98.89,262.43,583.98
ACT-000061,2026-03-02,PROD_VOD,CUST_105,10,3.05,32.07,59.27,233.8
ACT-000062,2026-03-03,PROD_OTT,CUST_106,23,6.04,78.82,204.39,259.09
ACT-000063,2026-03-04,PROD_VOD,CUST_101,33,12.54,105.93,311.46,522.91
ACT-000064,2026-03-05,PROD_ENCODE,CUST_101,62,18.29,130.84,286.51,628.51
ACT-000065,2026-03-06,PROD_LIVE,CUST_105,66,23.57,263.6,470.85,1457.3
ACT-000066,2026-03-07,PROD_VOD,CUST_104,51,5.55,139.39,301.28,917.04
ACT-000067,2026-03-08,PROD_OTT,CUST_104,76,7.88,166.51,333.1,1608.78
ACT-000068,2026-03-09,PROD_OTT,CUST_103,43,14.38,179.24,355.08,982.27
ACT-000069,2026-03-10,PROD_LIVE,CUST_103,29,3.97,133.7,151.8,607.81
ACT-000070,2026-03-11,PROD_LIVE,CUST_103,27,9.47,74.53,269.77,361.55
ACT-000071,2026-03-12,PROD_OTT,CUST_106,111,42.49,270.12,1049.78,1884.66
ACT-000072,2026-03-13,PROD_LIVE,CUST_102,25,7.33,117.09,232.35,253.68
ACT-000073,2026-03-14,PROD_VOD,CUST_101,118,44.39,328.65,510.81,1984.15
ACT-000074,2026-03-15,PROD_OTT,CUST_101,96,27.27,260.56,913.55,1457.63
ACT-000075,2026-03-16,PROD_OTT,CUST_102,26,9.19,90.63,170.25,351.54
ACT-000076,2026-03-17,PROD_LIVE,CUST_101,120,39.07,337.32,1050.61,979.48
ACT-000077,2026-03-18,PROD_VOD,CUST_103,83,10.87,338.07,438.17,2047.34
ACT-000078,2026-03-19,PROD_VOD,CUST_102,84,24.55,355.19,734.04,1575.55
ACT-000079,2026-03-20,PROD_VOD,CUST_104,149,41.66,603.72,1167.24,2548.49
ACT-000080,2026-03-21,PROD_OTT,CUST_104,106,12.3,389.26,911.15,1257.81
ACT-000081,2026-03-22,PROD_VOD,CUST_103,37,11.42,109.82,338.62,471.06
ACT-000082,2026-03-23,PROD_OTT,CUST_104,88,30.92,239.48,493.22,1037.45
ACT-000083,2026-03-24,PROD_ENCODE,CUST_102,120,39.33,412.01,547.52,1830.21
ACT-000084,2026-03-25,PROD_OTT,CUST_102,102,35.8,227.41,902.89,2033.94
ACT-000085,2026-03-26,PROD_OTT,CUST_101,75,29.63,328.91,396.42,623.64
ACT-000086,2026-03-27,PROD_VOD,CUST_105,93,26.64,341.41,760.66,1168.76
ACT-000087,2026-03-28,PROD_VOD,CUST_106,101,15.23,208.44,842.9,1936.42
ACT-000088,2026-03-29,PROD_OTT,CUST_101,99,24.25,367.44,694.3,1685.06
ACT-000089,2026-03-30,PROD_ENCODE,CUST_106,49,10.64,172.28,312.64,563.17
ACT-000090,2026-03-01,PROD_LIVE,CUST_103,29,6.61,113.28,131.73,402.74
ACT-000091,2026-03-02,PROD_OTT,CUST_101,107,16.4,370.64,842.78,2479.38
ACT-000092,2026-03-03,PROD_VOD,CUST_105,146,58.26,618.37,631.24,2414.71
ACT-000093,2026-03-04,PROD_LIVE,CUST_101,41,5.95,164.13,192.97,980.78
ACT-000094,2026-03-05,PROD_OTT,CUST_105,45,16.36,110.05,403.02,482.55
ACT-000095,2026-03-06,PROD_LIVE,CUST_101,57,11.33,197.11,274.86,458.24
ACT-000096,2026-03-07,PROD_LIVE,CUST_105,98,37.52,458.22,464.49,1075.32
ACT-000097,2026-03-08,PROD_ENCODE,CUST_106,39,15.11,108.56,200.34,836.54
ACT-000098,2026-03-09,PROD_ENCODE,CUST_106,136,21.3,354.23,1074.86,1625.59
ACT-000099,2026-03-10,PROD_ENCODE,CUST_103,56,20.86,129.01,525.02,1135.75
ACT-000100,2026-03-11,PROD_VOD,CUST_105,74,11.51,245.52,401.88,1197.28
ACT-000101,2026-03-12,PROD_VOD,CUST_103,140,33.12,539.4,1077.81,1461.47
ACT-000102,2026-03-13,PROD_VOD,CUST_106,94,37.5,226.34,917.02,2020.15
ACT-000103,2026-03-14,PROD_LIVE,CUST_106,10,3.59,37.24,61.53,224.23
ACT-000104,2026-03-15,PROD_ENCODE,CUST_104,67,14.65,268.95,341.22,776.16
ACT-000105,2026-03-16,PROD_OTT,CUST_104,48,8.0,199.92,220.67,1168.09
ACT-000106,2026-03-17,PROD_VOD,CUST_102,48,6.02,142.17,221.37,1108.73
ACT-000107,2026-03-18,PROD_VOD,CUST_102,63,7.26,131.55,376.05,903.44
ACT-000108,2026-03-19,PROD_VOD,CUST_102,76,16.83,283.5,739.33,1683.31
ACT-000109,2026-03-20,PROD_OTT,CUST_106,36,5.44,87.06,301.53,398.99
ACT-000110,2026-03-21,PROD_LIVE,CUST_101,133,44.64,474.97,788.76,2655.45
ACT-000111,2026-03-22,PROD_ENCODE,CUST_101,87,14.11,390.88,402.72,1405.98
ACT-000112,2026-03-23,PROD_OTT,CUST_105,122,47.29,319.07,940.35,1232.96
ACT-000113,2026-03-24,PROD_VOD,CUST_104,57,8.1,225.06,404.43,1054.14
ACT-000114,2026-03-25,PROD_LIVE,CUST_104,27,5.72,104.59,120.07,422.15
ACT-000115,2026-03-26,PROD_OTT,CUST_103,149,39.89,643.36,816.24,1199.89
ACT-000116,2026-03-27,PROD_ENCODE,CUST_106,81,32.03,268.35,683.85,966.51
ACT-000117,2026-03-28,PROD_VOD,CUST_101,67,22.64,223.52,537.8,1190.77
ACT-000118,2026-03-29,PROD_ENCODE,CUST_102,88,31.04,258.67,368.46,1985.06
ACT-000119,2026-03-30,PROD_VOD,CUST_101,92,34.42,437.43,545.69,2211.36
ACT-000120,2026-03-01,PROD_LIVE,CUST_102,77,20.45,177.36,365.44,1285.13
ACT-000121,2026-03-02,PROD_LIVE,CUST_105,69,17.61,204.66,609.67,711.86
ACT-000122,2026-03-03,PROD_OTT,CUST_104,133,36.9,486.78,664.44,1834.12
ACT-000123,2026-03-04,PROD_ENCODE,CUST_106,100,16.58,221.05,622.66,2109.25
ACT-000124,2026-03-05,PROD_VOD,CUST_103,70,11.54,147.0,604.16,1013.78
ACT-000125,2026-03-06,PROD_ENCODE,CUST_106,136,16.08,635.19,1113.65,1580.84
ACT-000126,2026-03-07,PROD_LIVE,CUST_101,35,9.52,173.63,290.91,694.69
ACT-000127,2026-03-08,PROD_VOD,CUST_105,95,19.1,252.76,719.13,1551.47
ACT-000128,2026-03-09,PROD_VOD,CUST_102,75,22.92,201.83,521.8,698.4
ACT-000129,2026-03-10,PROD_ENCODE,CUST_101,65,15.97,253.05,342.37,977.66
ACT-000130,2026-03-11,PROD_LIVE,CUST_101,13,2.42,61.86,92.35,113.96
ACT-000131,2026-03-12,PROD_LIVE,CUST_101,110,17.02,309.2,1082.69,1438.32
ACT-000132,2026-03-13,PROD_OTT,CUST_104,79,29.98,215.79,486.73,1692.08
ACT-000133,2026-03-14,PROD_OTT,CUST_101,118,45.25,531.41,879.48,2159.44
ACT-000134,2026-03-15,PROD_OTT,CUST_106,66,14.21,313.21,438.7,1241.3
ACT-000135,2026-03-16,PROD_LIVE,CUST_101,125,49.5,589.95,1061.03,1072.69
ACT-000136,2026-03-17,PROD_OTT,CUST_104,150,51.57,736.36,620.42,1797.09
ACT-000137,2026-03-18,PROD_OTT,CUST_101,147,19.05,560.58,1295.56,3593.1
ACT-000138,2026-03-19,PROD_ENCODE,CUST_105,77,14.11,254.59,747.58,1200.73
ACT-000139,2026-03-20,PROD_VOD,CUST_106,124,22.2,618.53,521.01,1655.16
ACT-000140,2026-03-21,PROD_VOD,CUST_106,102,37.87,501.97,971.79,2416.9
ACT-000141,2026-03-22,PROD_OTT,CUST_104,133,45.12,377.96,982.05,1458.07
ACT-000142,2026-03-23,PROD_VOD,CUST_106,110,32.32,483.63,836.94,1995.93
ACT-000143,2026-03-24,PROD_LIVE,CUST_101,16,1.94,74.44,146.95,149.34
ACT-000144,2026-03-25,PROD_VOD,CUST_103,147,17.0,571.86,604.85,1356.33
ACT-000145,2026-03-26,PROD_OTT,CUST_103,120,24.94,426.89,484.0,1060.01
ACT-000146,2026-03-27,PROD_VOD,CUST_103,19,2.03,78.65,105.06,267.89
ACT-000147,2026-03-28,PROD_ENCODE,CUST_104,145,48.95,418.63,1421.96,3155.98
ACT-000148,2026-03-29,PROD_OTT,CUST_102,102,22.63,290.31,955.85,1823.39
ACT-000149,2026-03-30,PROD_LIVE,CUST_103,111,25.25,327.31,725.09,1044.91
ACT-000150,2026-03-01,PROD_LIVE,CUST_105,20,6.18,76.15,168.62,190.32
ACT-000151,2026-03-02,PROD_VOD,CUST_102,37,12.5,116.63,187.27,709.8
ACT-000152,2026-03-03,PROD_VOD,CUST_105,40,8.42,119.59,165.4,483.38
ACT-000153,2026-03-04,PROD_OTT,CUST_101,122,43.97,584.26,539.71,2007.32
ACT-000154,2026-03-05,PROD_VOD,CUST_106,120,36.62,413.17,1058.85,2707.78
ACT-000155,2026-03-06,PROD_ENCODE,CUST_102,35,10.07,142.53,327.47,742.25
ACT-000156,2026-03-07,PROD_LIVE,CUST_106,73,9.96,246.43,498.65,785.24
ACT-000157,2026-03-08,PROD_OTT,CUST_104,35,7.84,96.67,201.43,505.94
ACT-000158,2026-03-09,PROD_ENCODE,CUST_103,103,33.82,404.88,787.09,2153.2
ACT-000159,2026-03-10,PROD_OTT,CUST_106,88,11.02,351.37,472.35,1464.7
ACT-000160,2026-03-11,PROD_VOD,CUST_101,71,25.5,276.77,399.81,1468.28
ACT-000161,2026-03-12,PROD_OTT,CUST_104,50,16.72,168.63,415.11,1232.26
ACT-000162,2026-03-13,PROD_VOD,CUST_106,78,29.22,226.04,560.17,1845.02
ACT-000163,2026-03-14,PROD_OTT,CUST_101,11,3.0,32.21,66.42,230.26
ACT-000164,2026-03-15,PROD_OTT,CUST_104,70,25.52,307.07,344.96,1451.04
ACT-000165,2026-03-16,PROD_ENCODE,CUST_105,14,4.1,48.02,76.49,206.56
ACT-000166,2026-03-17,PROD_ENCODE,CUST_104,75,26.71,255.75,392.6,1277.19
ACT-000167,2026-03-18,PROD_OTT,CUST_102,80,28.56,244.15,590.19,1802.8
ACT-000168,2026-03-19,PROD_ENCODE,CUST_101,118,16.29,426.53,788.03,1829.73
ACT-000169,2026-03-20,PROD_ENCODE,CUST_104,118,36.37,377.7,512.62,2168.89
ACT-000170,2026-03-21,PROD_VOD,CUST_105,58,21.36,144.48,523.83,588.41
ACT-000171,2026-03-22,PROD_LIVE,CUST_101,124,28.59,463.53,1125.02,2777.12
ACT-000172,2026-03-23,PROD_OTT,CUST_104,124,24.25,291.44,963.49,2774.77
ACT-000173,2026-03-24,PROD_ENCODE,CUST_106,64,21.69,268.87,506.41,1408.77
ACT-000174,2026-03-25,PROD_ENCODE,CUST_104,21,6.27,95.91,182.92,338.46
ACT-000175,2026-03-26,PROD_ENCODE,CUST_101,79,8.71,348.78,716.94,1260.62
ACT-000176,2026-03-27,PROD_VOD,CUST_102,103,41.08,437.71,842.88,1454.32
ACT-000177,2026-03-28,PROD_OTT,CUST_103,82,9.08,368.36,633.49,1524.44
ACT-000178,2026-03-29,PROD_OTT,CUST_104,92,12.85,291.49,715.72,1503.32
ACT-000179,2026-03-30,PROD_OTT,CUST_106,150,27.11,451.48,903.15,2906.21
ACT-000180,2026-03-01,PROD_ENCODE,CUST_104,114,18.6,511.2,927.86,2794.88
ACT-000181,2026-03-02,PROD_VOD,CUST_106,95,10.25,351.11,574.63,1108.54
ACT-000182,2026-03-03,PROD_VOD,CUST_106,125,18.52,598.2,852.61,2121.94
ACT-000183,2026-03-04,PROD_LIVE,CUST_104,109,29.6,437.83,1012.0,1794.76
ACT-000184,2026-03-05,PROD_OTT,CUST_102,119,41.06,246.16,768.56,1809.08
ACT-000185,2026-03-06,PROD_VOD,CUST_106,57,19.0,188.42,527.3,712.01
ACT-000186,2026-03-07,PROD_LIVE,CUST_106,83,13.19,255.73,360.2,1344.03
ACT-000187,2026-03-08,PROD_ENCODE,CUST_101,120,24.78,412.15,1106.88,1912.75
ACT-000188,2026-03-09,PROD_OTT,CUST_102,81,20.03,264.08,463.93,2018.08
ACT-000189,2026-03-10,PROD_VOD,CUST_104,59,22.62,193.81,354.12,1329.09
ACT-000190,2026-03-11,PROD_ENCODE,CUST_102,97,27.37,294.18,445.68,1776.02
ACT-000191,2026-03-12,PROD_OTT,CUST_104,131,33.94,450.78,924.57,1511.57
ACT-000192,2026-03-13,PROD_ENCODE,CUST_106,21,2.23,45.99,111.19,471.44
ACT-000193,2026-03-14,PROD_OTT,CUST_106,14,1.99,67.77,96.35,167.14
ACT-000194,2026-03-15,PROD_ENCODE,CUST_105,54,17.68,153.15,307.18,938.92
ACT-000195,2026-03-16,PROD_VOD,CUST_106,107,32.29,419.03,1010.7,1971.36
ACT-000196,2026-03-17,PROD_VOD,CUST_106,54,14.67,156.69,507.96,468.19
ACT-000197,2026-03-18,PROD_VOD,CUST_101,148,21.71,501.19,1124.4,1421.59
ACT-000198,2026-03-19,PROD_ENCODE,CUST_103,99,12.75,222.39,482.18,2154.76
ACT-000199,2026-03-20,PROD_LIVE,CUST_105,25,9.95,95.21,157.72,383.69
ACT-000200,2026-03-21,PROD_ENCODE,CUST_106,74,10.82,275.42,707.67,1632.48
ACT-000201,2026-03-22,PROD_LIVE,CUST_106,133,27.55,609.85,1127.19,3319.27
ACT-000202,2026-03-23,PROD_LIVE,CUST_105,138,26.22,376.33,1147.75,1670.14
ACT-000203,2026-03-24,PROD_OTT,CUST_101,72,7.41,355.92,365.46,1125.03
ACT-000204,2026-03-25,PROD_LIVE,CUST_106,30,11.96,111.79,266.52,444.53
ACT-000205,2026-03-26,PROD_OTT,CUST_101,94,19.34,232.54,626.14,1720.91
ACT-000206,2026-03-27,PROD_OTT,CUST_106,88,26.64,361.58,481.93,1400.92
ACT-000207,2026-03-28,PROD_ENCODE,CUST_105,128,42.07,443.17,1191.72,2620.75
ACT-000208,2026-03-29,PROD_OTT,CUST_105,30,10.21,136.95,294.15,465.65
ACT-000209,2026-03-30,PROD_ENCODE,CUST_104,75,18.7,271.13,713.7,706.42
ACT-000210,2026-03-01,PROD_OTT,CUST_101,123,26.3,567.76,1070.83,2231.93
ACT-000211,2026-03-02,PROD_ENCODE,CUST_103,56,19.63,159.33,473.87,910.75
ACT-000212,2026-03-03,PROD_VOD,CUST_106,141,16.22,289.72,581.08,1313.75
ACT-000213,2026-03-04,PROD_VOD,CUST_104,36,9.72,86.54,311.53,459.26
ACT-000214,2026-03-05,PROD_LIVE,CUST_104,24,9.52,60.96,148.48,407.88
ACT-000215,2026-03-06,PROD_VOD,CUST_103,111,18.49,341.08,463.96,1987.06
ACT-000216,2026-03-07,PROD_OTT,CUST_102,26,7.76,54.37,121.75,350.9
ACT-000217,2026-03-08,PROD_OTT,CUST_103,111,25.85,297.01,1026.94,2421.4
ACT-000218,2026-03-09,PROD_ENCODE,CUST_101,21,6.66,87.1,208.37,415.42
ACT-000219,2026-03-10,PROD_OTT,CUST_105,58,7.41,281.49,357.09,1402.25
ACT-000220,2026-03-11,PROD_ENCODE,CUST_102,11,1.71,25.42,105.59,274.67
ACT-000221,2026-03-12,PROD_ENCODE,CUST_102,126,20.65,567.18,867.69,2365.21
ACT-000222,2026-03-13,PROD_VOD,CUST_101,11,1.42,51.08,63.1,120.13
ACT-000223,2026-03-14,PROD_LIVE,CUST_101,50,18.79,123.89,417.79,1161.99
ACT-000224,2026-03-15,PROD_VOD,CUST_101,116,14.29,414.43,696.91,2597.25
ACT-000225,2026-03-16,PROD_ENCODE,CUST_104,23,3.48,90.87,210.01,565.56
ACT-000226,2026-03-17,PROD_OTT,CUST_102,97,25.49,206.05,549.07,1552.61
ACT-000227,2026-03-18,PROD_VOD,CUST_105,17,6.77,35.66,98.89,151.2
ACT-000228,2026-03-19,PROD_OTT,CUST_106,72,27.13,296.87,535.18,977.45
ACT-000229,2026-03-20,PROD_ENCODE,CUST_101,48,11.74,182.46,246.88,1109.17
ACT-000230,2026-03-21,PROD_OTT,CUST_104,134,37.8,435.69,1217.27,1656.69
ACT-000231,2026-03-22,PROD_OTT,CUST_104,48,9.36,146.39,433.17,522.02
ACT-000232,2026-03-23,PROD_OTT,CUST_104,76,24.86,240.19,703.79,1464.5
ACT-000233,2026-03-24,PROD_ENCODE,CUST_101,135,27.17,374.43,625.77,2269.32
ACT-000234,2026-03-25,PROD_ENCODE,CUST_104,37,12.51,107.31,271.89,792.12
ACT-000235,2026-03-26,PROD_ENCODE,CUST_101,104,40.49,214.57,463.2,1714.61
ACT-000236,2026-03-27,PROD_OTT,CUST_103,135,15.2,339.01,938.44,2338.58
ACT-000237,2026-03-28,PROD_OTT,CUST_101,77,13.96,220.92,724.87,1802.13
ACT-000238,2026-03-29,PROD_OTT,CUST_106,45,12.93,214.79,386.75,932.77
ACT-000239,2026-03-30,PROD_ENCODE,CUST_106,14,3.63,30.54,85.11,122.38
ACT-000240,2026-03-01,PROD_OTT,CUST_101,68,15.74,240.41,441.34,1435.17
ACT-000241,2026-03-02,PROD_LIVE,CUST_104,140,24.59,539.32,1394.92,1222.34
ACT-000242,2026-03-03,PROD_LIVE,CUST_103,26,5.81,95.95,182.77,338.31
ACT-000243,2026-03-04,PROD_VOD,CUST_104,107,31.87,239.23,847.47,936.2
ACT-000244,2026-03-05,PROD_VOD,CUST_103,66,15.03,246.2,325.05,1573.58
ACT-000245,2026-03-06,PROD_ENCODE,CUST_104,115,36.93,465.69,675.89,1157.53
ACT-000246,2026-03-07,PROD_ENCODE,CUST_101,92,10.24,403.84,606.7,861.63
ACT-000247,2026-03-08,PROD_ENCODE,CUST_103,38,11.9,137.2,153.36,884.83
ACT-000248,2026-03-09,PROD_ENCODE,CUST_105,74,11.37,211.04,459.27,1166.34
ACT-000249,2026-03-10,PROD_VOD,CUST_105,119,44.78,410.15,508.66,1817.58
ACT-000250,2026-03-11,PROD_LIVE,CUST_106,33,9.28,81.77,295.86,574.36
ACT-000251,2026-03-12,PROD_LIVE,CUST_103,40,7.11,81.28,312.42,860.97
ACT-000252,2026-03-13,PROD_VOD,CUST_103,50,11.79,126.51,309.06,812.49
ACT-000253,2026-03-14,PROD_LIVE,CUST_102,118,45.56,400.21,1160.87,2519.0
ACT-000254,2026-03-15,PROD_VOD,CUST_105,36,5.44,155.2,218.58,645.41
ACT-000255,2026-03-16,PROD_OTT,CUST_103,129,37.21,557.25,973.35,2890.28
ACT-000256,2026-03-17,PROD_VOD,CUST_101,55,16.57,137.25,469.26,1185.75
ACT-000257,2026-03-18,PROD_VOD,CUST_105,65,14.59,274.88,595.28,1116.39
ACT-000258,2026-03-19,PROD_LIVE,CUST_103,135,46.86,285.59,596.59,2005.88
ACT-000259,2026-03-20,PROD_LIVE,CUST_106,22,7.05,70.28,119.81,199.29
ACT-000260,2026-03-21,PROD_OTT,CUST_103,100,36.55,386.82,590.82,1465.42
ACT-000261,2026-03-22,PROD_ENCODE,CUST_101,121,37.7,297.06,899.66,2769.85
ACT-000262,2026-03-23,PROD_OTT,CUST_105,111,41.86,470.49,700.92,2750.23
ACT-000263,2026-03-24,PROD_LIVE,CUST_103,72,28.39,225.15,498.89,1709.58
ACT-000264,2026-03-25,PROD_VOD,CUST_105,47,7.21,217.11,289.4,1019.25
ACT-000265,2026-03-26,PROD_VOD,CUST_104,78,8.23,258.77,686.75,1238.05
ACT-000266,2026-03-27,PROD_LIVE,CUST_106,137,51.16,609.88,988.44,1562.01
ACT-000267,2026-03-28,PROD_OTT,CUST_101,24,9.47,94.06,158.93,323.63
ACT-000268,2026-03-29,PROD_OTT,CUST_105,83,33.01,406.95,451.94,1667.93
ACT-000269,2026-03-30,PROD_LIVE,CUST_101,11,2.01,24.05,90.3,146.56
ACT-000270,2026-03-01,PROD_ENCODE,CUST_101,146,41.28,665.43,1134.76,3370.98
ACT-000271,2026-03-02,PROD_ENCODE,CUST_103,72,17.36,278.74,290.3,921.97
ACT-000272,2026-03-03,PROD_VOD,CUST_106,90,29.18,401.79,391.15,1438.93
ACT-000273,2026-03-04,PROD_LIVE,CUST_104,145,39.6,359.52,976.24,1808.01
ACT-000274,2026-03-05,PROD_VOD,CUST_102,11,3.36,47.34,65.16,205.92
ACT-000275,2026-03-06,PROD_VOD,CUST_101,149,56.36,444.51,1034.9,1948.82
ACT-000276,2026-03-07,PROD_LIVE,CUST_105,140,46.54,507.61,711.16,1851.75
ACT-000277,2026-03-08,PROD_ENCODE,CUST_102,140,20.91,416.71,562.24,1509.84
ACT-000278,2026-03-09,PROD_OTT,CUST_102,57,5.92,232.58,557.02,805.55
ACT-000279,2026-03-10,PROD_OTT,CUST_103,24,3.24,71.72,132.42,224.89
ACT-000280,2026-03-11,PROD_ENCODE,CUST_105,140,33.91,599.52,1210.73,1152.03
ACT-000281,2026-03-12,PROD_OTT,CUST_101,63,24.89,243.63,513.44,1443.52
ACT-000282,2026-03-13,PROD_OTT,CUST_101,141,15.14,598.68,1259.17,1372.08
ACT-000283,2026-03-14,PROD_VOD,CUST_106,10,2.48,38.96,42.5,126.72
ACT-000284,2026-03-15,PROD_OTT,CUST_101,94,21.46,358.25,848.55,1097.6
ACT-000285,2026-03-16,PROD_LIVE,CUST_104,114,35.35,277.73,985.62,2000.68
ACT-000286,2026-03-17,PROD_OTT,CUST_104,67,16.97,302.31,349.63,1182.21
ACT-000287,2026-03-18,PROD_LIVE,CUST_106,104,15.96,271.54,446.22,2562.45
ACT-000288,2026-03-19,PROD_OTT,CUST_104,60,13.41,128.17,269.14,787.7
ACT-000289,2026-03-20,PROD_VOD,CUST_102,132,21.33,598.75,1015.59,1363.21
ACT-000290,2026-03-21,PROD_OTT,CUST_105,27,7.3,126.38,171.08,347.81
ACT-000291,2026-03-22,PROD_LIVE,CUST_104,86,13.96,282.3,693.84,973.03
ACT-000292,2026-03-23,PROD_OTT,CUST_106,90,27.71,340.97,787.79,1290.43
ACT-000293,2026-03-24,PROD_ENCODE,CUST_105,40,8.42,170.5,300.08,994.72
ACT-000294,2026-03-25,PROD_OTT,CUST_104,69,23.25,330.32,320.62,1077.21
ACT-000295,2026-03-26,PROD_ENCODE,CUST_104,68,11.69,273.45,290.92,773.44
ACT-000296,2026-03-27,PROD_OTT,CUST_102,63,10.85,167.96,447.86,1180.18
ACT-000297,2026-03-28,PROD_LIVE,CUST_101,108,10.93,263.04,449.56,2197.45
ACT-000298,2026-03-29,PROD_LIVE,CUST_104,14,2.49,29.02,82.07,296.4
ACT-000299,2026-03-30,PROD_ENCODE,CUST_104,119,30.29,404.83,1055.61,2271.64
ACT-000300,2026-03-01,PROD_ENCODE,CUST_101,51,12.2,174.92,358.91,770.81
ACT-000301,2026-03-02,PROD_ENCODE,CUST_102,115,28.87,353.14,1129.97,1869.21
ACT-000302,2026-03-03,PROD_VOD,CUST_105,144,56.57,351.61,740.08,3243.68
ACT-000303,2026-03-04,PROD_ENCODE,CUST_101,33,9.33,164.32,239.32,429.27
ACT-000304,2026-03-05,PROD_ENCODE,CUST_101,129,26.91,460.65,1229.78,1335.97
ACT-000305,2026-03-06,PROD_VOD,CUST_105,139,41.43,643.4,1103.22,3241.66
ACT-000306,2026-03-07,PROD_LIVE,CUST_104,127,32.79,629.36,640.49,2417.01
ACT-000307,2026-03-08,PROD_VOD,CUST_104,149,57.25,471.08,608.31,3155.16
ACT-000308,2026-03-09,PROD_ENCODE,CUST_105,144,17.13,679.77,996.2,1266.93
ACT-000309,2026-03-10,PROD_LIVE,CUST_103,53,13.95,148.34,314.56,1260.94
ACT-000310,2026-03-11,PROD_ENCODE,CUST_105,29,8.8,109.92,143.28,372.74
ACT-000311,2026-03-12,PROD_ENCODE,CUST_105,123,12.61,291.5,903.52,2094.68
ACT-000312,2026-03-13,PROD_OTT,CUST_105,11,3.14,52.17,66.82,223.66
ACT-000313,2026-03-14,PROD_OTT,CUST_105,126,33.43,268.83,1123.86,3033.26
ACT-000314,2026-03-15,PROD_LIVE,CUST_102,75,16.87,329.08,542.63,1770.37
ACT-000315,2026-03-16,PROD_ENCODE,CUST_106,44,9.51,112.13,233.17,853.13
ACT-000316,2026-03-17,PROD_VOD,CUST_104,118,38.27,382.92,511.73,2793.33
ACT-000317,2026-03-18,PROD_ENCODE,CUST_106,87,14.51,180.34,608.32,1518.0
ACT-000318,2026-03-19,PROD_LIVE,CUST_104,144,21.87,709.47,1246.41,2880.38
ACT-000319,2026-03-20,PROD_LIVE,CUST_104,37,5.11,155.58,342.14,627.8
ACT-000320,2026-03-21,PROD_VOD,CUST_103,30,6.0,145.92,207.59,724.73
ACT-000321,2026-03-22,PROD_VOD,CUST_102,122,19.53,272.48,1087.18,2994.15
ACT-000322,2026-03-23,PROD_VOD,CUST_104,96,20.77,231.61,660.75,1750.94
ACT-000323,2026-03-24,PROD_OTT,CUST_102,60,21.03,209.42,436.06,938.57
ACT-000324,2026-03-25,PROD_VOD,CUST_103,132,29.38,317.41,946.08,2907.11
ACT-000325,2026-03-26,PROD_ENCODE,CUST_105,80,25.16,256.23,750.5,1679.0
ACT-000326,2026-03-27,PROD_OTT,CUST_104,124,23.35,609.04,599.35,2256.59
ACT-000327,2026-03-28,PROD_ENCODE,CUST_105,91,32.1,275.62,432.37,2124.88
ACT-000328,2026-03-29,PROD_OTT,CUST_102,77,15.42,336.09,493.68,844.45
ACT-000329,2026-03-30,PROD_LIVE,CUST_105,24,9.56,59.67,237.51,363.37
ACT-000330,2026-03-01,PROD_OTT,CUST_101,120,35.98,275.6,1192.12,1489.96
ACT-000331,2026-03-02,PROD_LIVE,CUST_105,51,11.81,243.4,275.42,761.0
ACT-000332,2026-03-03,PROD_LIVE,CUST_102,44,15.01,198.13,351.93,805.16
ACT-000333,2026-03-04,PROD_ENCODE,CUST_102,49,10.16,227.53,320.42,809.33
ACT-000334,2026-03-05,PROD_ENCODE,CUST_102,115,42.32,569.12,501.67,1624.59
ACT-000335,2026-03-06,PROD_OTT,CUST_104,78,22.81,168.12,739.71,890.22
ACT-000336,2026-03-07,PROD_VOD,CUST_106,88,30.78,329.02,568.7,1423.64
ACT-000337,2026-03-08,PROD_OTT,CUST_101,112,12.26,469.19,547.89,1710.83
ACT-000338,2026-03-09,PROD_OTT,CUST_104,19,5.24,62.73,108.46,404.97
ACT-000339,2026-03-10,PROD_VOD,CUST_101,22,6.14,72.36,134.94,425.09
ACT-000340,2026-03-11,PROD_OTT,CUST_103,96,36.75,461.42,527.2,857.24
ACT-000341,2026-03-12,PROD_ENCODE,CUST_105,78,27.79,186.49,656.07,1274.95
ACT-000342,2026-03-13,PROD_OTT,CUST_106,50,17.07,100.64,394.01,553.76
ACT-000343,2026-03-14,PROD_LIVE,CUST_103,150,40.68,720.27,1011.97,3573.16
ACT-000344,2026-03-15,PROD_LIVE,CUST_101,137,45.5,355.5,637.6,3406.03
ACT-000345,2026-03-16,PROD_OTT,CUST_104,37,4.21,123.67,287.24,722.94
ACT-000346,2026-03-17,PROD_ENCODE,CUST_101,40,13.77,91.18,320.55,491.92
ACT-000347,2026-03-18,PROD_LIVE,CUST_103,18,6.93,57.99,91.02,443.5
ACT-000348,2026-03-19,PROD_ENCODE,CUST_103,72,13.9,268.27,420.45,1397.88
ACT-000349,2026-03-20,PROD_OTT,CUST_102,120,36.25,569.23,523.83,1612.56
ACT-000350,2026-03-21,PROD_LIVE,CUST_103,137,50.23,550.16,764.5,1286.26
ACT-000351,2026-03-22,PROD_ENCODE,CUST_101,50,12.63,205.17,463.16,563.41
ACT-000352,2026-03-23,PROD_ENCODE,CUST_103,101,28.27,474.78,703.09,1351.31
ACT-000353,2026-03-24,PROD_LIVE,CUST_101,76,24.1,305.47,706.01,819.44
ACT-000354,2026-03-25,PROD_LIVE,CUST_102,22,7.52,50.53,209.92,278.39
ACT-000355,2026-03-26,PROD_LIVE,CUST_101,73,21.04,364.19,556.16,1198.3
ACT-000356,2026-03-27,PROD_OTT,CUST_103,83,13.96,359.15,817.68,1500.93
ACT-000357,2026-03-28,PROD_OTT,CUST_103,126,32.46,610.61,1195.88,2492.9
ACT-000358,2026-03-29,PROD_OTT,CUST_106,23,4.34,105.12,157.2,361.68
ACT-000359,2026-03-30,PROD_OTT,CUST_106,110,34.74,521.46,757.35,2351.87
ACT-000360,2026-03-01,PROD_LIVE,CUST_106,85,11.12,372.75,549.14,1587.2
ACT-000361,2026-03-02,PROD_VOD,CUST_101,18,5.02,59.88,103.49,445.19
ACT-000362,2026-03-03,PROD_LIVE,CUST_105,73,8.75,285.3,349.44,743.69
ACT-000363,2026-03-04,PROD_LIVE,CUST_104,101,25.43,493.0,688.72,2138.36
ACT-000364,2026-03-05,PROD_LIVE,CUST_103,142,39.43,284.75,1116.05,2269.55
ACT-000365,2026-03-06,PROD_VOD,CUST_103,145,46.84,389.44,1170.34,2024.58
ACT-000366,2026-03-07,PROD_ENCODE,CUST_103,39,11.51,194.29,208.17,447.63
ACT-000367,2026-03-08,PROD_OTT,CUST_103,24,7.56,81.65,99.86,507.05
ACT-000368,2026-03-09,PROD_ENCODE,CUST_106,65,7.89,273.08,490.46,1194.44
ACT-000369,2026-03-10,PROD_OTT,CUST_102,92,34.95,333.01,800.45,2169.22
ACT-000370,2026-03-11,PROD_OTT,CUST_105,15,4.84,39.42,122.19,332.35
ACT-000371,2026-03-12,PROD_LIVE,CUST_105,51,6.22,117.42,225.84,749.12
ACT-000372,2026-03-13,PROD_LIVE,CUST_101,140,17.31,387.53,1205.26,3439.73
ACT-000373,2026-03-14,PROD_LIVE,CUST_104,126,14.56,274.01,1150.93,1958.94
ACT-000374,2026-03-15,PROD_OTT,CUST_106,15,4.37,71.97,94.63,175.41
ACT-000375,2026-03-16,PROD_ENCODE,CUST_104,55,20.87,227.78,508.26,1260.38
ACT-000376,2026-03-17,PROD_LIVE,CUST_102,119,23.85,292.59,1159.86,1955.47
ACT-000377,2026-03-18,PROD_VOD,CUST_103,135,15.12,477.94,1348.98,2784.04
ACT-000378,2026-03-19,PROD_LIVE,CUST_104,142,35.45,566.68,706.95,3478.84
ACT-000379,2026-03-20,PROD_LIVE,CUST_105,121,42.44,312.84,894.71,1191.88
ACT-000380,2026-03-21,PROD_OTT,CUST_103,80,14.42,367.93,707.12,1381.67
ACT-000381,2026-03-22,PROD_LIVE,CUST_105,102,24.04,423.77,756.04,1730.35
ACT-000382,2026-03-23,PROD_ENCODE,CUST_102,14,1.82,61.74,85.56,187.13
ACT-000383,2026-03-24,PROD_OTT,CUST_102,133,50.35,444.09,1171.16,2943.29
ACT-000384,2026-03-25,PROD_ENCODE,CUST_101,102,29.87,428.78,526.16,1171.09
ACT-000385,2026-03-26,PROD_ENCODE,CUST_105,68,8.25,271.69,533.59,1488.78
ACT-000386,2026-03-27,PROD_OTT,CUST_104,26,7.41,85.0,118.78,413.44
ACT-000387,2026-03-28,PROD_OTT,CUST_106,22,3.14,96.97,193.83,469.93
ACT-000388,2026-03-29,PROD_LIVE,CUST_104,145,32.95,578.37,1250.87,2039.45
ACT-000389,2026-03-30,PROD_ENCODE,CUST_101,11,2.26,43.0,106.19,130.51
ACT-000390,2026-03-01,PROD_VOD,CUST_106,117,18.48,449.54,469.96,2726.77
ACT-000391,2026-03-02,PROD_ENCODE,CUST_104,63,9.52,231.14,491.54,1475.25
ACT-000392,2026-03-03,PROD_LIVE,CUST_106,137,25.5,620.29,864.31,1532.24
ACT-000393,2026-03-04,PROD_ENCODE,CUST_105,131,25.57,296.92,1111.03,1822.8
ACT-000394,2026-03-05,PROD_OTT,CUST_102,147,36.4,672.93,611.19,1988.6
ACT-000395,2026-03-06,PROD_LIVE,CUST_106,34,6.57,134.4,187.22,623.83
ACT-000396,2026-03-07,PROD_VOD,CUST_105,106,31.58,312.35,855.55,2598.1
ACT-000397,2026-03-08,PROD_ENCODE,CUST_102,77,23.16,281.71,310.93,1368.28
ACT-000398,2026-03-09,PROD_LIVE,CUST_104,124,47.41,275.7,759.93,2791.65
ACT-000399,2026-03-10,PROD_LIVE,CUST_106,115,29.71,231.91,766.84,1546.57
ACT-000400,2026-03-11,PROD_VOD,CUST_105,49,10.04,193.01,230.86,417.42
ACT-000401,2026-03-12,PROD_LIVE,CUST_101,146,33.63,349.19,600.59,2049.43
ACT-000402,2026-03-13,PROD_VOD,CUST_103,81,28.24,252.71,532.8,1903.58
ACT-000403,2026-03-14,PROD_ENCODE,CUST_104,127,38.85,557.35,1246.1,2570.31
ACT-000404,2026-03-15,PROD_VOD,CUST_106,79,13.46,393.77,680.36,633.35
ACT-000405,2026-03-16,PROD_LIVE,CUST_104,105,21.28,329.22,611.58,1500.7
ACT-000406,2026-03-17,PROD_ENCODE,CUST_103,127,46.32,530.27,956.02,2045.0
ACT-000407,2026-03-18,PROD_OTT,CUST_101,25,5.03,82.49,148.66,208.93
ACT-000408,2026-03-19,PROD_LIVE,CUST_102,72,8.38,313.22,673.0,1097.7
ACT-000409,2026-03-20,PROD_LIVE,CUST_101,89,27.67,347.94,817.28,1979.68
ACT-000410,2026-03-21,PROD_ENCODE,CUST_103,66,23.43,309.68,351.01,1465.25
ACT-000411,2026-03-22,PROD_VOD,CUST_103,62,20.63,286.52,309.35,1124.62
ACT-000412,2026-03-23,PROD_ENCODE,CUST_106,145,17.56,677.57,943.54,2586.7
ACT-000413,2026-03-24,PROD_VOD,CUST_105,106,14.14,487.91,728.65,2395.23
ACT-000414,2026-03-25,PROD_VOD,CUST_104,111,15.15,423.1,590.69,2486.98
ACT-000415,2026-03-26,PROD_ENCODE,CUST_101,94,25.65,263.91,443.47,1801.76
ACT-000416,2026-03-27,PROD_ENCODE,CUST_104,120,36.29,277.41,894.18,1541.59
ACT-000417,2026-03-28,PROD_ENCODE,CUST_101,109,32.91,397.69,613.33,1650.61
ACT-000418,2026-03-29,PROD_VOD,CUST_102,48,13.51,229.94,255.07,802.7
ACT-000419,2026-03-30,PROD_ENCODE,CUST_105,142,27.45,483.83,1291.78,2437.53
ACT-000420,2026-03-01,PROD_LIVE,CUST_103,65,15.38,251.24,644.62,1338.6
ACT-000421,2026-03-02,PROD_ENCODE,CUST_102,124,49.1,590.46,635.42,2459.22
ACT-000422,2026-03-03,PROD_VOD,CUST_101,122,14.57,362.75,845.31,1666.54
ACT-000423,2026-03-04,PROD_OTT,CUST_101,39,13.41,100.74,334.1,935.96
ACT-000424,2026-03-05,PROD_ENCODE,CUST_104,48,15.27,108.65,432.56,695.6
ACT-000425,2026-03-06,PROD_VOD,CUST_103,14,3.65,66.06,71.33,181.92
ACT-000426,2026-03-07,PROD_ENCODE,CUST_103,40,11.69,133.93,260.83,541.72
ACT-000427,2026-03-08,PROD_OTT,CUST_106,52,15.56,226.09,414.13,746.35
ACT-000428,2026-03-09,PROD_ENCODE,CUST_106,70,16.85,253.12,614.45,700.61
ACT-000429,2026-03-10,PROD_VOD,CUST_103,37,9.39,82.28,201.57,803.7
ACT-000430,2026-03-11,PROD_VOD,CUST_101,80,29.66,302.59,465.85,1637.78
ACT-000431,2026-03-12,PROD_OTT,CUST_105,77,9.09,234.18,680.1,700.97
ACT-000432,2026-03-13,PROD_VOD,CUST_105,67,19.09,316.46,466.79,1179.12
ACT-000433,2026-03-14,PROD_VOD,CUST_106,28,8.03,113.6,184.91,624.72
ACT-000434,2026-03-15,PROD_VOD,CUST_101,138,48.74,452.34,1113.51,2606.59
ACT-000435,2026-03-16,PROD_VOD,CUST_103,88,31.51,289.23,689.23,2007.15
ACT-000436,2026-03-17,PROD_ENCODE,CUST_101,36,8.75,122.39,176.86,660.9
ACT-000437,2026-03-18,PROD_LIVE,CUST_101,114,41.79,388.33,837.07,969.75
ACT-000438,2026-03-19,PROD_OTT,CUST_105,49,9.02,197.72,270.95,931.4
ACT-000439,2026-03-20,PROD_ENCODE,CUST_106,92,28.57,232.75,919.15,788.37
ACT-000440,2026-03-21,PROD_VOD,CUST_102,31,6.5,131.42,220.71,465.98
ACT-000441,2026-03-22,PROD_ENCODE,CUST_103,121,18.56,297.3,709.14,1592.81
ACT-000442,2026-03-23,PROD_ENCODE,CUST_104,77,22.61,177.22,432.96,1879.53
ACT-000443,2026-03-24,PROD_OTT,CUST_105,64,9.88,197.68,486.05,553.23
ACT-000444,2026-03-25,PROD_VOD,CUST_102,113,19.18,314.94,874.23,1161.21
ACT-000445,2026-03-26,PROD_LIVE,CUST_104,134,41.43,458.34,963.33,2386.99
ACT-000446,2026-03-27,PROD_LIVE,CUST_104,139,21.09,535.29,1176.11,2863.92
ACT-000447,2026-03-28,PROD_OTT,CUST_102,81,14.32,353.45,368.42,1367.6
ACT-000448,2026-03-29,PROD_VOD,CUST_101,40,7.76,182.92,274.55,729.37
ACT-000449,2026-03-30,PROD_VOD,CUST_106,104,37.55,240.03,804.48,2180.65
ACT-000450,2026-03-01,PROD_OTT,CUST_103,73,10.74,350.79,498.1,601.28
ACT-000451,2026-03-02,PROD_LIVE,CUST_105,136,23.48,460.84,1276.14,2974.15
ACT-000452,2026-03-03,PROD_LIVE,CUST_106,66,9.51,178.48,540.67,635.72
ACT-000453,2026-03-04,PROD_LIVE,CUST_105,99,33.59,341.32,738.21,1519.81
ACT-000454,2026-03-05,PROD_ENCODE,CUST_102,11,2.72,51.25,68.67,90.3
ACT-000455,2026-03-06,PROD_OTT,CUST_106,93,30.82,387.0,396.72,2156.23
ACT-000456,2026-03-07,PROD_LIVE,CUST_105,84,9.45,384.2,608.69,1413.69
ACT-000457,2026-03-08,PROD_LIVE,CUST_103,98,25.13,416.06,731.01,2228.91
ACT-000458,2026-03-09,PROD_ENCODE,CUST_101,119,43.2,294.13,932.81,2709.85
ACT-000459,2026-03-10,PROD_ENCODE,CUST_106,65,13.92,232.1,403.2,1115.03
ACT-000460,2026-03-11,PROD_LIVE,CUST_104,46,15.03,221.32,367.37,1128.07
ACT-000461,2026-03-12,PROD_ENCODE,CUST_103,15,1.79,46.65,136.51,282.16
ACT-000462,2026-03-13,PROD_ENCODE,CUST_106,16,6.34,42.32,92.87,153.96
ACT-000463,2026-03-14,PROD_OTT,CUST_104,132,49.82,563.82,1202.14,2278.58
ACT-000464,2026-03-15,PROD_ENCODE,CUST_102,134,17.01,664.87,1330.03,2411.12
ACT-000465,2026-03-16,PROD_ENCODE,CUST_101,144,15.74,637.4,1415.02,1966.62
ACT-000466,2026-03-17,PROD_LIVE,CUST_105,150,48.24,333.87,758.25,1582.59
ACT-000467,2026-03-18,PROD_LIVE,CUST_106,109,37.09,325.94,885.91,1546.06
ACT-000468,2026-03-19,PROD_LIVE,CUST_106,134,45.24,424.35,1184.37,1828.7
ACT-000469,2026-03-20,PROD_LIVE,CUST_106,93,35.16,229.16,466.32,763.01
ACT-000470,2026-03-21,PROD_LIVE,CUST_103,114,39.82,459.4,1003.19,1166.87
ACT-000471,2026-03-22,PROD_ENCODE,CUST_101,63,16.09,210.59,463.3,1449.04
ACT-000472,2026-03-23,PROD_ENCODE,CUST_101,120,32.53,527.08,625.74,2181.6
ACT-000473,2026-03-24,PROD_OTT,CUST_101,19,7.32,75.51,136.34,319.54
ACT-000474,2026-03-25,PROD_LIVE,CUST_105,46,5.57,112.11,344.69,1149.95
ACT-000475,2026-03-26,PROD_ENCODE,CUST_101,88,27.12,303.97,549.08,1445.07
ACT-000476,2026-03-27,PROD_VOD,CUST_101,72,16.3,185.18,293.39,1036.96
ACT-000477,2026-03-28,PROD_OTT,CUST_106,116,43.37,341.96,488.06,2074.27
ACT-000478,2026-03-29,PROD_OTT,CUST_101,45,7.39,112.7,322.75,830.06
ACT-000479,2026-03-30,PROD_VOD,CUST_106,150,55.03,641.86,1067.09,2178.18
ACT-000480,2026-03-01,PROD_VOD,CUST_105,27,3.44,126.57,182.58,345.6
ACT-000481,2026-03-02,PROD_LIVE,CUST_102,112,12.06,486.07,726.21,951.87
ACT-000482,2026-03-03,PROD_OTT,CUST_105,139,25.83,604.12,782.84,3007.64
ACT-000483,2026-03-04,PROD_ENCODE,CUST_102,38,13.38,95.81,347.83,765.22
ACT-000484,2026-03-05,PROD_ENCODE,CUST_104,116,18.99,426.56,1127.14,2457.83
ACT-000485,2026-03-06,PROD_VOD,CUST_106,29,8.85,101.87,255.38,346.84
ACT-000486,2026-03-07,PROD_OTT,CUST_106,71,8.09,267.94,483.78,1737.06
ACT-000487,2026-03-08,PROD_OTT,CUST_104,141,44.39,392.58,663.19,1419.31
ACT-000488,2026-03-09,PROD_VOD,CUST_101,144,51.04,492.13,975.73,2616.85
ACT-000489,2026-03-10,PROD_LIVE,CUST_101,41,6.06,129.53,316.3,635.21
ACT-000490,2026-03-11,PROD_ENCODE,CUST_101,65,7.62,263.78,301.69,599.74
ACT-000491,2026-03-12,PROD_VOD,CUST_104,14,2.7,57.54,128.97,229.56
ACT-000492,2026-03-13,PROD_OTT,CUST_105,149,39.55,688.18,1072.56,2739.75
ACT-000493,2026-03-14,PROD_LIVE,CUST_101,116,19.21,530.25,544.98,1606.51
ACT-000494,2026-03-15,PROD_ENCODE,CUST_102,111,14.08,517.77,512.55,1972.64
ACT-000495,2026-03-16,PROD_LIVE,CUST_101,20,2.11,93.93,88.33,364.67
ACT-000496,2026-03-17,PROD_LIVE,CUST_103,26,4.36,119.66,130.5,294.18
ACT-000497,2026-03-18,PROD_VOD,CUST_101,65,19.42,316.22,328.88,1459.88
ACT-000498,2026-03-19,PROD_VOD,CUST_105,89,9.03,409.11,759.47,1299.3
ACT-000499,2026-03-20,PROD_ENCODE,CUST_101,70,24.14,147.53,475.48,729.96
ACT-000500,2026-03-21,PROD_ENCODE,CUST_102,19,5.51,54.09,81.54,382.3
ACT-000501,2026-03-22,PROD_VOD,CUST_104,62,19.03,289.06,378.51,749.99
ACT-000502,2026-03-23,PROD_LIVE,CUST_103,16,2.14,51.31,82.0,163.92
ACT-000503,2026-03-24,PROD_VOD,CUST_101,89,31.41,331.84,557.78,892.83
ACT-000504,2026-03-25,PROD_LIVE,CUST_101,102,30.57,451.9,987.94,990.26
ACT-000505,2026-03-26,PROD_LIVE,CUST_106,42,4.57,133.87,219.16,953.57
ACT-000506,2026-03-27,PROD_LIVE,CUST_103,10,2.43,22.8,90.55,137.45
ACT-000507,2026-03-28,PROD_ENCODE,CUST_104,96,16.48,354.28,512.04,1394.51
ACT-000508,2026-03-29,PROD_OTT,CUST_104,81,12.97,309.02,609.79,1850.94
ACT-000509,2026-03-30,PROD_VOD,CUST_106,12,1.3,43.89,55.34,124.89
ACT-000510,2026-03-01,PROD_ENCODE,CUST_104,102,11.54,422.29,671.48,1234.19
ACT-000511,2026-03-02,PROD_VOD,CUST_103,110,22.97,538.48,955.84,1301.03
ACT-000512,2026-03-03,PROD_OTT,CUST_106,104,37.46,320.56,863.16,2116.1
ACT-000513,2026-03-04,PROD_OTT,CUST_104,83,24.31,180.6,582.0,1740.28
ACT-000514,2026-03-05,PROD_VOD,CUST_102,64,9.65,146.23,631.37,626.41
ACT-000515,2026-03-06,PROD_VOD,CUST_104,14,4.94,32.71,96.87,195.08
ACT-000516,2026-03-07,PROD_ENCODE,CUST_103,40,15.03,169.16,382.0,585.12
ACT-000517,2026-03-08,PROD_ENCODE,CUST_104,100,34.07,284.17,456.49,1465.47
ACT-000518,2026-03-09,PROD_LIVE,CUST_106,47,14.2,221.95,364.9,602.74
ACT-000519,2026-03-10,PROD_LIVE,CUST_106,120,24.45,433.66,1015.3,2258.38
ACT-000520,2026-03-11,PROD_ENCODE,CUST_102,12,1.71,24.13,108.86,288.92
ACT-000521,2026-03-12,PROD_ENCODE,CUST_101,17,5.92,53.56,136.71,201.74
ACT-000522,2026-03-13,PROD_ENCODE,CUST_104,85,10.75,244.32,412.75,2072.72
ACT-000523,2026-03-14,PROD_ENCODE,CUST_101,122,46.52,367.38,535.16,1591.13
ACT-000524,2026-03-15,PROD_OTT,CUST_103,13,5.03,63.48,55.88,242.82
ACT-000525,2026-03-16,PROD_VOD,CUST_104,99,18.96,256.15,583.19,2325.67
ACT-000526,2026-03-17,PROD_OTT,CUST_102,124,37.99,468.78,647.13,2318.33
ACT-000527,2026-03-18,PROD_VOD,CUST_105,16,4.31,77.14,89.06,143.42
ACT-000528,2026-03-19,PROD_VOD,CUST_103,120,35.94,399.1,588.63,1364.15
ACT-000529,2026-03-20,PROD_VOD,CUST_104,85,11.36,185.11,558.22,921.91
ACT-000530,2026-03-21,PROD_OTT,CUST_102,95,18.71,450.99,756.62,889.62
ACT-000531,2026-03-22,PROD_OTT,CUST_106,33,7.76,84.46,168.97,279.8
ACT-000532,2026-03-23,PROD_OTT,CUST_103,27,6.68,75.54,113.12,394.26
ACT-000533,2026-03-24,PROD_ENCODE,CUST_105,19,3.9,69.31,139.21,330.85
ACT-000534,2026-03-25,PROD_ENCODE,CUST_102,62,10.13,281.7,524.36,1147.83
ACT-000535,2026-03-26,PROD_VOD,CUST_101,149,22.21,559.51,1178.64,3663.2
ACT-000536,2026-03-27,PROD_ENCODE,CUST_101,44,15.12,191.15,424.83,565.1
ACT-000537,2026-03-28,PROD_OTT,CUST_106,114,40.02,569.99,713.2,1810.33
ACT-000538,2026-03-29,PROD_OTT,CUST_104,53,10.56,113.59,295.15,742.05
ACT-000539,2026-03-30,PROD_VOD,CUST_106,88,15.34,435.83,861.49,1572.2
ACT-000540,2026-03-01,PROD_LIVE,CUST_103,129,47.06,598.8,964.11,1406.2
ACT-000541,2026-03-02,PROD_ENCODE,CUST_101,12,1.72,36.4,72.12,265.87
ACT-000542,2026-03-03,PROD_OTT,CUST_102,145,43.91,356.61,1174.63,1507.45
ACT-000543,2026-03-04,PROD_LIVE,CUST_102,148,48.6,445.78,1093.2,2534.39
ACT-000544,2026-03-05,PROD_VOD,CUST_105,145,16.04,441.77,1041.17,1665.71
ACT-000545,2026-03-06,PROD_VOD,CUST_103,59,6.17,194.65,313.64,487.01
ACT-000546,2026-03-07,PROD_LIVE,CUST_101,68,18.27,243.57,279.57,1396.69
ACT-000547,2026-03-08,PROD_ENCODE,CUST_104,112,31.11,457.87,1033.3,2003.51
ACT-000548,2026-03-09,PROD_VOD,CUST_106,14,2.78,63.47,130.02,249.72
ACT-000549,2026-03-10,PROD_VOD,CUST_105,100,39.35,287.97,946.78,1321.11
ACT-000550,2026-03-11,PROD_OTT,CUST_101,121,33.56,600.77,568.48,1604.45
ACT-000551,2026-03-12,PROD_ENCODE,CUST_104,130,21.08,510.97,711.63,2745.47
ACT-000552,2026-03-13,PROD_OTT,CUST_106,105,23.51,343.75,618.11,2472.73
ACT-000553,2026-03-14,PROD_LIVE,CUST_105,106,16.33,342.04,528.35,1705.51
ACT-000554,2026-03-15,PROD_LIVE,CUST_103,68,16.78,144.75,547.97,1277.71
ACT-000555,2026-03-16,PROD_VOD,CUST_105,20,3.96,64.33,118.54,433.96
ACT-000556,2026-03-17,PROD_VOD,CUST_103,26,7.94,76.04,107.28,406.16
ACT-000557,2026-03-18,PROD_LIVE,CUST_102,139,32.41,616.05,1012.46,2626.54
ACT-000558,2026-03-19,PROD_ENCODE,CUST_101,100,34.31,388.18,749.81,1600.35
ACT-000559,2026-03-20,PROD_VOD,CUST_102,78,12.15,211.63,662.7,1209.34
ACT-000560,2026-03-21,PROD_LIVE,CUST_104,73,19.0,160.76,716.85,1236.18
ACT-000561,2026-03-22,PROD_OTT,CUST_102,83,10.17,251.77,667.63,1673.92
ACT-000562,2026-03-23,PROD_ENCODE,CUST_106,46,10.31,101.02,388.36,592.4
ACT-000563,2026-03-24,PROD_ENCODE,CUST_102,16,3.74,44.26,115.71,368.94
ACT-000564,2026-03-25,PROD_LIVE,CUST_106,98,18.97,278.49,958.93,2336.28
ACT-000565,2026-03-26,PROD_ENCODE,CUST_103,125,46.35,621.18,548.16,1207.64
ACT-000566,2026-03-27,PROD_ENCODE,CUST_105,146,28.91,369.14,936.52,2343.03
ACT-000567,2026-03-28,PROD_VOD,CUST_101,149,53.71,531.64,1136.35,1758.36
ACT-000568,2026-03-29,PROD_LIVE,CUST_101,41,7.77,164.15,280.58,840.85
ACT-000569,2026-03-30,PROD_VOD,CUST_104,105,38.91,213.08,753.59,924.32
ACT-000570,2026-03-01,PROD_OTT,CUST_101,140,42.72,295.85,1357.89,1429.07
ACT-000571,2026-03-02,PROD_OTT,CUST_104,57,15.2,247.68,375.82,908.8
ACT-000572,2026-03-03,PROD_OTT,CUST_106,106,11.68,510.71,770.69,1239.99
ACT-000573,2026-03-04,PROD_ENCODE,CUST_102,30,5.36,77.56,136.86,283.55
ACT-000574,2026-03-05,PROD_ENCODE,CUST_102,48,13.29,125.0,406.39,389.64
ACT-000575,2026-03-06,PROD_OTT,CUST_101,68,6.87,319.21,486.06,1397.63
ACT-000576,2026-03-07,PROD_OTT,CUST_105,38,11.26,121.81,263.74,468.78
ACT-000577,2026-03-08,PROD_LIVE,CUST_106,132,21.02,537.41,850.44,2873.39
ACT-000578,2026-03-09,PROD_LIVE,CUST_102,131,38.6,611.0,650.83,2133.4
ACT-000579,2026-03-10,PROD_VOD,CUST_105,29,6.06,136.13,230.69,323.4
ACT-000580,2026-03-11,PROD_LIVE,CUST_101,54,6.83,172.4,236.56,479.14
ACT-000581,2026-03-12,PROD_LIVE,CUST_102,138,26.67,654.34,944.11,2326.51
ACT-000582,2026-03-13,PROD_ENCODE,CUST_101,49,12.41,143.54,488.26,785.24
ACT-000583,2026-03-14,PROD_ENCODE,CUST_106,74,19.18,163.75,446.3,630.09
ACT-000584,2026-03-15,PROD_VOD,CUST_104,133,34.73,335.28,939.56,1614.21
ACT-000585,2026-03-16,PROD_LIVE,CUST_105,148,29.4,577.59,790.28,3088.19
ACT-000586,2026-03-17,PROD_VOD,CUST_105,49,19.09,214.54,427.42,930.32
ACT-000587,2026-03-18,PROD_VOD,CUST_103,118,32.05,324.47,696.22,2604.04
ACT-000588,2026-03-19,PROD_ENCODE,CUST_105,142,45.26,387.51,1391.45,1556.84
ACT-000589,2026-03-20,PROD_ENCODE,CUST_102,86,29.61,278.9,787.66,813.0
ACT-000590,2026-03-21,PROD_ENCODE,CUST_106,50,8.47,107.8,408.51,823.55
ACT-000591,2026-03-22,PROD_VOD,CUST_101,81,17.47,171.09,365.14,1617.07
ACT-000592,2026-03-23,PROD_VOD,CUST_102,10,1.77,33.13,99.51,230.79
ACT-000593,2026-03-24,PROD_LIVE,CUST_101,61,19.96,145.45,444.75,806.95
ACT-000594,2026-03-25,PROD_OTT,CUST_104,57,9.36,190.72,449.12,994.92
ACT-000595,2026-03-26,PROD_VOD,CUST_104,66,22.5,157.73,443.03,1615.06
ACT-000596,2026-03-27,PROD_VOD,CUST_106,116,45.5,297.51,1073.7,2281.94
ACT-000597,2026-03-28,PROD_VOD,CUST_106,71,15.78,263.2,531.99,1082.96
ACT-000598,2026-03-29,PROD_ENCODE,CUST_103,29,8.97,109.65,159.68,340.12
ACT-000599,2026-03-30,PROD_ENCODE,CUST_104,72,21.79,246.74,648.42,1030.75
ACT-000600,2026-03-01,PROD_VOD,CUST_105,79,16.28,239.21,530.67,1591.54
ACT-000601,2026-03-02,PROD_OTT,CUST_105,45,13.79,127.34,271.58,538.79
ACT-000602,2026-03-03,PROD_VOD,CUST_105,141,52.68,363.15,810.73,2425.56
ACT-000603,2026-03-04,PROD_LIVE,CUST_102,106,11.79,253.51,593.8,855.83
ACT-000604,2026-03-05,PROD_OTT,CUST_104,137,40.02,337.87,1358.57,2987.18
ACT-000605,2026-03-06,PROD_LIVE,CUST_105,95,32.0,357.5,691.54,875.67
ACT-000606,2026-03-07,PROD_ENCODE,CUST_101,10,3.89,33.14,64.66,209.89
ACT-000607,2026-03-08,PROD_OTT,CUST_101,67,23.46,236.09,597.41,1625.93
ACT-000608,2026-03-09,PROD_OTT,CUST_102,135,23.85,523.18,894.01,3126.99
ACT-000609,2026-03-10,PROD_VOD,CUST_105,106,20.74,485.03,433.65,1592.59
ACT-000610,2026-03-11,PROD_VOD,CUST_105,128,48.05,257.18,892.95,2602.42
ACT-000611,2026-03-12,PROD_LIVE,CUST_105,62,18.82,167.69,479.56,530.02
ACT-000612,2026-03-13,PROD_ENCODE,CUST_103,84,12.98,395.25,369.24,2014.99
ACT-000613,2026-03-14,PROD_OTT,CUST_104,103,21.58,352.71,734.24,1195.54
ACT-000614,2026-03-15,PROD_LIVE,CUST_105,28,10.97,113.58,223.94,542.75
ACT-000615,2026-03-16,PROD_VOD,CUST_103,110,12.96,513.43,1093.88,1775.44
ACT-000616,2026-03-17,PROD_OTT,CUST_101,23,6.25,46.46,95.96,352.75
ACT-000617,2026-03-18,PROD_ENCODE,CUST_101,114,41.45,503.0,1045.26,2191.06
ACT-000618,2026-03-19,PROD_LIVE,CUST_101,122,26.05,251.63,995.21,1584.27
ACT-000619,2026-03-20,PROD_OTT,CUST_104,128,39.77,291.1,576.99,1487.32
ACT-000620,2026-03-21,PROD_ENCODE,CUST_105,125,24.81,374.65,1094.06,1558.57
ACT-000621,2026-03-22,PROD_VOD,CUST_104,58,10.47,289.92,377.44,831.5
ACT-000622,2026-03-23,PROD_LIVE,CUST_105,149,21.94,579.45,1139.55,2683.48
ACT-000623,2026-03-24,PROD_ENCODE,CUST_105,112,23.87,240.86,921.23,2523.81
ACT-000624,2026-03-25,PROD_VOD,CUST_105,129,42.23,458.28,544.02,1268.8
ACT-000625,2026-03-26,PROD_VOD,CUST_102,117,46.14,563.12,837.56,1453.34
ACT-000626,2026-03-27,PROD_VOD,CUST_102,109,14.85,402.35,593.7,1706.19
ACT-000627,2026-03-28,PROD_VOD,CUST_102,50,14.82,234.08,262.49,418.72
ACT-000628,2026-03-29,PROD_OTT,CUST_103,65,24.9,143.68,323.7,1394.14
ACT-000629,2026-03-30,PROD_OTT,CUST_106,92,18.32,305.31,705.18,783.79
ACT-000630,2026-03-01,PROD_VOD,CUST_104,57,11.56,180.24,519.37,1188.35
ACT-000631,2026-03-02,PROD_ENCODE,CUST_102,73,8.56,286.3,704.22,1016.44
ACT-000632,2026-03-03,PROD_LIVE,CUST_104,28,8.24,87.1,274.11,249.04
ACT-000633,2026-03-04,PROD_VOD,CUST_102,112,27.52,386.38,703.12,1822.51
ACT-000634,2026-03-05,PROD_OTT,CUST_105,61,19.7,253.67,292.53,1390.48
ACT-000635,2026-03-06,PROD_ENCODE,CUST_104,65,15.62,244.92,443.94,882.92
ACT-000636,2026-03-07,PROD_ENCODE,CUST_105,40,13.71,83.61,305.15,547.45
ACT-000637,2026-03-08,PROD_VOD,CUST_102,147,45.78,683.58,833.05,1921.05
ACT-000638,2026-03-09,PROD_LIVE,CUST_104,124,27.42,351.72,586.09,2415.09
ACT-000639,2026-03-10,PROD_ENCODE,CUST_104,79,26.07,281.45,714.72,1443.62
ACT-000640,2026-03-11,PROD_ENCODE,CUST_105,12,3.07,41.24,78.52,211.23
ACT-000641,2026-03-12,PROD_VOD,CUST_103,41,10.73,111.44,307.69,847.88
ACT-000642,2026-03-13,PROD_OTT,CUST_105,23,7.04,100.51,127.94,293.03
ACT-000643,2026-03-14,PROD_ENCODE,CUST_101,125,17.66,362.56,757.69,1319.94
ACT-000644,2026-03-15,PROD_ENCODE,CUST_101,25,7.01,68.94,224.08,269.32
ACT-000645,2026-03-16,PROD_ENCODE,CUST_103,24,5.69,118.57,221.58,292.24
ACT-000646,2026-03-17,PROD_VOD,CUST_103,107,36.31,290.79,778.62,2641.5
ACT-000647,2026-03-18,PROD_VOD,CUST_102,90,20.18,436.4,689.03,896.18
ACT-000648,2026-03-19,PROD_VOD,CUST_105,105,27.35,361.3,420.27,2124.45
ACT-000649,2026-03-20,PROD_OTT,CUST_101,37,5.82,146.6,286.55,823.13
ACT-000650,2026-03-21,PROD_LIVE,CUST_103,110,42.96,369.11,843.89,2743.6
ACT-000651,2026-03-22,PROD_ENCODE,CUST_106,87,28.88,385.39,773.15,832.05
ACT-000652,2026-03-23,PROD_ENCODE,CUST_104,27,6.9,68.68,173.83,417.8
ACT-000653,2026-03-24,PROD_ENCODE,CUST_101,113,41.88,495.68,971.08,1657.66
ACT-000654,2026-03-25,PROD_VOD,CUST_102,12,4.58,29.13,105.55,122.48
ACT-000655,2026-03-26,PROD_ENCODE,CUST_103,16,4.53,51.32,99.16,352.42
ACT-000656,2026-03-27,PROD_ENCODE,CUST_104,17,5.67,45.47,98.29,414.53
ACT-000657,2026-03-28,PROD_LIVE,CUST_103,96,17.87,230.0,759.99,1388.63
ACT-000658,2026-03-29,PROD_VOD,CUST_105,18,6.38,73.83,165.32,332.42
ACT-000659,2026-03-30,PROD_OTT,CUST_105,51,13.25,242.32,445.7,918.85
ACT-000660,2026-03-01,PROD_VOD,CUST_103,73,26.1,216.37,418.51,1024.42
ACT-000661,2026-03-02,PROD_ENCODE,CUST_105,117,32.71,247.46,523.9,1272.95
ACT-000662,2026-03-03,PROD_LIVE,CUST_102,32,10.74,94.35,282.78,263.93
ACT-000663,2026-03-04,PROD_OTT,CUST_101,90,26.21,268.3,732.34,1783.64
ACT-000664,2026-03-05,PROD_LIVE,CUST_104,118,30.11,581.53,537.98,2570.45
ACT-000665,2026-03-06,PROD_ENCODE,CUST_104,60,20.48,160.72,538.43,924.61
ACT-000666,2026-03-07,PROD_OTT,CUST_102,15,1.92,42.05,131.69,234.18
ACT-000667,2026-03-08,PROD_ENCODE,CUST_101,116,41.83,481.62,1121.47,2671.71
ACT-000668,2026-03-09,PROD_OTT,CUST_101,116,21.39,236.83,518.16,1533.25
ACT-000669,2026-03-10,PROD_ENCODE,CUST_102,56,16.33,173.93,271.23,691.36
ACT-000670,2026-03-11,PROD_ENCODE,CUST_103,102,18.81,432.82,486.01,1958.86
ACT-000671,2026-03-12,PROD_VOD,CUST_102,148,27.25,730.6,996.01,1620.59
ACT-000672,2026-03-13,PROD_OTT,CUST_103,23,2.83,87.54,205.45,384.59
ACT-000673,2026-03-14,PROD_LIVE,CUST_106,140,51.72,328.1,812.06,1620.17
ACT-000674,2026-03-15,PROD_OTT,CUST_102,96,34.84,376.5,859.52,1327.53
ACT-000675,2026-03-16,PROD_ENCODE,CUST_102,146,43.87,477.2,1239.2,1173.79
ACT-000676,2026-03-17,PROD_VOD,CUST_102,139,25.73,574.74,1219.1,3113.02
ACT-000677,2026-03-18,PROD_LIVE,CUST_106,75,24.93,254.22,422.94,712.47
ACT-000678,2026-03-19,PROD_OTT,CUST_101,105,32.51,378.74,1030.3,2035.73
ACT-000679,2026-03-20,PROD_VOD,CUST_103,90,29.76,292.77,549.71,920.64
ACT-000680,2026-03-21,PROD_ENCODE,CUST_105,15,4.48,59.01,69.78,279.18
ACT-000681,2026-03-22,PROD_OTT,CUST_105,126,20.86,418.18,752.12,2701.62
ACT-000682,2026-03-23,PROD_LIVE,CUST_101,90,23.45,282.22,483.07,1888.65
ACT-000683,2026-03-24,PROD_OTT,CUST_103,42,11.09,170.68,232.05,348.04
ACT-000684,2026-03-25,PROD_LIVE,CUST_106,63,8.33,193.08,601.6,1527.7
ACT-000685,2026-03-26,PROD_ENCODE,CUST_102,13,4.73,39.35,66.74,109.96
ACT-000686,2026-03-27,PROD_VOD,CUST_102,79,22.93,338.97,415.15,882.05
ACT-000687,2026-03-28,PROD_LIVE,CUST_104,46,4.95,137.65,284.55,922.44
ACT-000688,2026-03-29,PROD_OTT,CUST_106,107,36.99,499.08,621.58,1761.54
ACT-000689,2026-03-30,PROD_ENCODE,CUST_103,123,32.46,327.05,1218.34,1463.75
ACT-000690,2026-03-01,PROD_LIVE,CUST_105,84,13.63,175.43,679.75,785.45
ACT-000691,2026-03-02,PROD_OTT,CUST_104,150,34.8,714.51,1306.69,2549.84
ACT-000692,2026-03-03,PROD_VOD,CUST_106,97,23.73,405.28,871.27,1175.47
ACT-000693,2026-03-04,PROD_ENCODE,CUST_105,60,6.22,273.71,441.91,1053.7
ACT-000694,2026-03-05,PROD_OTT,CUST_106,143,26.84,610.27,1116.86,2921.65
ACT-000695,2026-03-06,PROD_ENCODE,CUST_103,97,34.99,239.79,573.88,2006.87
ACT-000696,2026-03-07,PROD_ENCODE,CUST_101,63,23.54,210.58,607.05,1368.55
ACT-000697,2026-03-08,PROD_ENCODE,CUST_103,143,33.69,426.8,1253.83,2486.32
ACT-000698,2026-03-09,PROD_VOD,CUST_106,43,4.75,130.04,425.23,1006.48
ACT-000699,2026-03-10,PROD_VOD,CUST_103,112,37.85,420.7,479.58,1777.0
ACT-000700,2026-03-11,PROD_OTT,CUST_102,15,4.35,67.16,142.76,184.11
ACT-000701,2026-03-12,PROD_ENCODE,CUST_102,52,5.85,150.47,455.86,1145.03
ACT-000702,2026-03-13,PROD_OTT,CUST_101,132,22.53,304.09,911.16,3095.63
ACT-000703,2026-03-14,PROD_VOD,CUST_101,27,4.17,115.34,230.68,440.13
ACT-000704,2026-03-15,PROD_LIVE,CUST_105,28,8.97,107.94,217.87,665.64
ACT-000705,2026-03-16,PROD_ENCODE,CUST_101,110,24.7,358.7,759.05,2733.19
ACT-000706,2026-03-17,PROD_ENCODE,CUST_106,66,13.46,219.71,430.44,679.67
ACT-000707,2026-03-18,PROD_VOD,CUST_105,73,9.63,295.95,684.03,1516.13
ACT-000708,2026-03-19,PROD_VOD,CUST_106,11,1.35,34.75,85.95,186.15
ACT-000709,2026-03-20,PROD_LIVE,CUST_101,94,13.87,348.38,402.37,2092.92
ACT-000710,2026-03-21,PROD_ENCODE,CUST_103,27,9.24,85.04,169.16,535.34
ACT-000711,2026-03-22,PROD_LIVE,CUST_101,150,32.0,661.28,733.53,3386.18
ACT-000712,2026-03-23,PROD_LIVE,CUST_101,111,27.44,292.68,1010.97,1455.42
ACT-000713,2026-03-24,PROD_OTT,CUST_103,131,17.65,411.65,1145.51,1184.53
ACT-000714,2026-03-25,PROD_ENCODE,CUST_106,70,17.32,235.16,503.29,1296.08
ACT-000715,2026-03-26,PROD_VOD,CUST_103,41,10.78,86.84,276.95,890.0
ACT-000716,2026-03-27,PROD_VOD,CUST_105,75,18.1,332.24,674.27,1517.99
ACT-000717,2026-03-28,PROD_VOD,CUST_106,34,8.05,142.95,292.55,428.88
ACT-000718,2026-03-29,PROD_ENCODE,CUST_106,94,24.61,292.44,802.58,1470.88
ACT-000719,2026-03-30,PROD_VOD,CUST_102,67,14.71,226.69,560.75,1257.25
ACT-000720,2026-03-01,PROD_OTT,CUST_104,31,10.85,63.93,232.46,573.68
ACT-000721,2026-03-02,PROD_LIVE,CUST_106,133,34.42,481.43,1212.78,1775.06
ACT-000722,2026-03-03,PROD_LIVE,CUST_101,147,14.9,433.28,776.75,1837.15
ACT-000723,2026-03-04,PROD_LIVE,CUST_101,77,21.83,279.8,320.03,1222.08
ACT-000724,2026-03-05,PROD_VOD,CUST_101,16,2.34,77.74,108.99,219.81
ACT-000725,2026-03-06,PROD_ENCODE,CUST_103,61,20.97,263.97,402.9,789.37
ACT-000726,2026-03-07,PROD_VOD,CUST_104,63,16.3,190.54,291.35,1418.39
ACT-000727,2026-03-08,PROD_LIVE,CUST_106,61,7.06,276.21,371.72,657.92
ACT-000728,2026-03-09,PROD_ENCODE,CUST_102,109,42.18,442.05,1002.09,1880.19
ACT-000729,2026-03-10,PROD_VOD,CUST_106,76,20.22,373.93,675.04,1885.84
ACT-000730,2026-03-11,PROD_VOD,CUST_105,141,44.28,654.47,630.9,1526.54
ACT-000731,2026-03-12,PROD_OTT,CUST_105,15,2.86,61.59,80.85,221.44
ACT-000732,2026-03-13,PROD_OTT,CUST_106,128,48.23,304.72,588.74,1992.8
ACT-000733,2026-03-14,PROD_ENCODE,CUST_105,37,3.71,132.92,169.04,915.01
ACT-000734,2026-03-15,PROD_ENCODE,CUST_104,119,46.68,563.89,567.89,1627.33
ACT-000735,2026-03-16,PROD_ENCODE,CUST_104,61,21.25,204.64,270.61,956.72
ACT-000736,2026-03-17,PROD_VOD,CUST_104,146,32.58,574.41,824.11,3630.39
ACT-000737,2026-03-18,PROD_OTT,CUST_101,84,20.31,227.28,776.93,1871.39
ACT-000738,2026-03-19,PROD_ENCODE,CUST_105,95,14.96,322.98,936.89,1313.61
ACT-000739,2026-03-20,PROD_OTT,CUST_104,123,46.45,444.66,1107.93,2322.41
ACT-000740,2026-03-21,PROD_ENCODE,CUST_106,133,45.67,354.22,1194.04,1909.45
ACT-000741,2026-03-22,PROD_ENCODE,CUST_106,108,11.9,450.95,1063.26,2058.89
ACT-000742,2026-03-23,PROD_ENCODE,CUST_106,17,2.21,68.49,69.73,313.75
ACT-000743,2026-03-24,PROD_VOD,CUST_106,122,41.33,540.72,745.04,3040.86
ACT-000744,2026-03-25,PROD_VOD,CUST_105,107,34.08,416.61,570.85,1262.72
ACT-000745,2026-03-26,PROD_OTT,CUST_104,135,19.61,560.68,879.04,2691.13
ACT-000746,2026-03-27,PROD_OTT,CUST_106,98,29.99,380.91,527.2,2124.05
ACT-000747,2026-03-28,PROD_OTT,CUST_101,110,15.15,469.73,891.03,1963.97
ACT-000748,2026-03-29,PROD_VOD,CUST_104,57,15.06,244.63,257.78,1153.33
ACT-000749,2026-03-30,PROD_ENCODE,CUST_104,23,6.87,100.62,118.64,563.42
ACT-000750,2026-03-01,PROD_VOD,CUST_103,31,9.04,82.04,297.18,392.46
ACT-000751,2026-03-02,PROD_LIVE,CUST_104,73,14.35,261.51,595.26,1741.63
ACT-000752,2026-03-03,PROD_ENCODE,CUST_104,73,13.53,177.75,687.12,907.39
ACT-000753,2026-03-04,PROD_ENCODE,CUST_104,109,15.62,479.84,756.97,1409.8
ACT-000754,2026-03-05,PROD_VOD,CUST_105,114,21.18,331.09,868.25,1301.61
ACT-000755,2026-03-06,PROD_ENCODE,CUST_105,70,22.32,249.72,290.16,1415.89
ACT-000756,2026-03-07,PROD_LIVE,CUST_105,95,12.47,381.53,699.29,1711.61
ACT-000757,2026-03-08,PROD_OTT,CUST_103,77,19.86,189.66,372.61,1240.1
ACT-000758,2026-03-09,PROD_LIVE,CUST_102,36,12.9,92.22,256.58,367.95
ACT-000759,2026-03-10,PROD_ENCODE,CUST_104,113,18.86,228.38,992.68,2100.55
ACT-000760,2026-03-11,PROD_OTT,CUST_103,129,29.36,534.72,1173.73,1315.02
ACT-000761,2026-03-12,PROD_ENCODE,CUST_105,112,28.54,335.24,960.43,1680.87
ACT-000762,2026-03-13,PROD_LIVE,CUST_101,132,27.88,446.7,724.05,2599.14
ACT-000763,2026-03-14,PROD_LIVE,CUST_106,86,17.05,337.74,359.05,1603.47
ACT-000764,2026-03-15,PROD_OTT,CUST_101,15,3.1,69.81,83.38,204.79
ACT-000765,2026-03-16,PROD_VOD,CUST_104,116,26.2,418.07,824.29,1154.84
ACT-000766,2026-03-17,PROD_LIVE,CUST_101,55,13.03,117.67,396.81,659.61
ACT-000767,2026-03-18,PROD_OTT,CUST_105,83,21.76,324.66,767.1,843.97
ACT-000768,2026-03-19,PROD_OTT,CUST_103,42,7.82,204.14,358.75,719.24
ACT-000769,2026-03-20,PROD_ENCODE,CUST_101,58,21.11,256.41,339.61,944.38
ACT-000770,2026-03-21,PROD_OTT,CUST_103,114,15.05,317.62,526.59,2395.8
ACT-000771,2026-03-22,PROD_VOD,CUST_101,35,6.58,151.47,321.52,618.06
ACT-000772,2026-03-23,PROD_VOD,CUST_106,53,18.47,186.52,419.42,1271.53
ACT-000773,2026-03-24,PROD_OTT,CUST_105,74,13.65,366.28,611.25,1440.14
ACT-000774,2026-03-25,PROD_LIVE,CUST_104,131,15.99,610.45,1294.0,2600.9
ACT-000775,2026-03-26,PROD_OTT,CUST_104,138,55.02,356.58,1242.39,1114.54
ACT-000776,2026-03-27,PROD_VOD,CUST_106,125,23.07,432.8,1182.54,1536.37
ACT-000777,2026-03-28,PROD_VOD,CUST_106,59,6.41,259.97,546.79,1011.47
ACT-000778,2026-03-29,PROD_LIVE,CUST_102,21,7.53,58.47,96.21,388.53
ACT-000779,2026-03-30,PROD_ENCODE,CUST_103,85,9.34,347.11,465.0,1288.03
ACT-000780,2026-03-01,PROD_OTT,CUST_102,116,33.87,425.17,1136.46,1962.67
ACT-000781,2026-03-02,PROD_LIVE,CUST_102,150,54.54,444.11,760.58,2255.84
ACT-000782,2026-03-03,PROD_VOD,CUST_105,12,2.51,43.57,96.18,120.51
ACT-000783,2026-03-04,PROD_VOD,CUST_101,73,7.3,218.75,377.46,1251.76
ACT-000784,2026-03-05,PROD_ENCODE,CUST_105,132,38.13,575.25,1047.27,2463.23
ACT-000785,2026-03-06,PROD_VOD,CUST_102,12,2.84,26.21,109.83,108.75
ACT-000786,2026-03-07,PROD_ENCODE,CUST_105,53,20.24,138.61,437.02,845.11
ACT-000787,2026-03-08,PROD_ENCODE,CUST_102,38,7.98,83.88,346.08,754.15
ACT-000788,2026-03-09,PROD_VOD,CUST_104,10,3.52,40.37,47.61,204.76
ACT-000789,2026-03-10,PROD_LIVE,CUST_106,88,31.21,422.09,701.64,1315.71
ACT-000790,2026-03-11,PROD_OTT,CUST_105,70,13.43,175.17,650.45,798.28
ACT-000791,2026-03-12,PROD_ENCODE,CUST_106,78,22.21,238.17,353.39,1432.03
ACT-000792,2026-03-13,PROD_LIVE,CUST_102,102,21.32,364.49,621.24,2281.63
ACT-000793,2026-03-14,PROD_LIVE,CUST_105,66,11.8,261.65,520.47,1443.6
ACT-000794,2026-03-15,PROD_VOD,CUST_104,30,8.96,62.41,177.81,704.24
ACT-000795,2026-03-16,PROD_ENCODE,CUST_103,63,6.65,246.25,473.89,596.42
ACT-000796,2026-03-17,PROD_VOD,CUST_106,86,10.26,292.75,513.12,1650.93
ACT-000797,2026-03-18,PROD_VOD,CUST_102,128,35.68,607.91,984.43,2613.78
ACT-000798,2026-03-19,PROD_VOD,CUST_103,94,33.39,448.04,421.61,865.51
ACT-000799,2026-03-20,PROD_VOD,CUST_104,51,12.95,153.59,361.92,872.74
ACT-000800,2026-03-21,PROD_ENCODE,CUST_103,75,8.47,159.93,690.94,1136.63
ACT-000801,2026-03-22,PROD_ENCODE,CUST_103,148,52.11,731.14,1030.01,1650.46
ACT-000802,2026-03-23,PROD_VOD,CUST_101,15,3.1,66.1,67.23,350.38
ACT-000803,2026-03-24,PROD_OTT,CUST_102,92,21.52,373.23,730.99,1700.84
ACT-000804,2026-03-25,PROD_OTT,CUST_103,105,38.01,342.83,435.43,2067.31
ACT-000805,2026-03-26,PROD_OTT,CUST_104,13,1.31,39.24,102.96,128.58
ACT-000806,2026-03-27,PROD_LIVE,CUST_104,49,8.92,125.52,378.48,1209.36
ACT-000807,2026-03-28,PROD_OTT,CUST_104,19,1.93,93.47,115.32,336.81
ACT-000808,2026-03-29,PROD_VOD,CUST_104,124,46.03,362.67,696.37,1887.84
ACT-000809,2026-03-30,PROD_OTT,CUST_104,134,49.48,604.73,964.26,2175.46
ACT-000810,2026-03-01,PROD_ENCODE,CUST_104,72,27.78,350.72,695.78,1226.47
ACT-000811,2026-03-02,PROD_OTT,CUST_104,43,12.93,163.82,415.74,413.07
ACT-000812,2026-03-03,PROD_VOD,CUST_101,116,20.29,455.05,677.95,2447.07
ACT-000813,2026-03-04,PROD_VOD,CUST_105,13,4.5,60.69,62.5,253.83
ACT-000814,2026-03-05,PROD_LIVE,CUST_102,13,2.53,59.85,89.19,180.08
ACT-000815,2026-03-06,PROD_LIVE,CUST_102,120,47.74,518.87,1020.65,2858.75
ACT-000816,2026-03-07,PROD_ENCODE,CUST_104,98,37.95,301.82,602.05,1015.21
ACT-000817,2026-03-08,PROD_ENCODE,CUST_105,92,35.16,426.0,566.77,1869.46
ACT-000818,2026-03-09,PROD_ENCODE,CUST_104,78,30.87,273.23,557.77,1496.3
ACT-000819,2026-03-10,PROD_OTT,CUST_105,131,17.48,279.67,566.25,1812.76
ACT-000820,2026-03-11,PROD_OTT,CUST_104,77,15.57,211.59,440.0,1429.81
ACT-000821,2026-03-12,PROD_OTT,CUST_102,77,22.38,379.4,440.2,1211.75
ACT-000822,2026-03-13,PROD_OTT,CUST_101,89,18.83,265.83,753.93,1032.77
ACT-000823,2026-03-14,PROD_LIVE,CUST_104,20,4.56,94.57,157.85,449.94
ACT-000824,2026-03-15,PROD_VOD,CUST_105,110,32.39,285.28,865.66,2479.79
ACT-000825,2026-03-16,PROD_OTT,CUST_106,99,19.57,280.98,501.83,1674.72
ACT-000826,2026-03-17,PROD_VOD,CUST_106,58,10.08,278.0,284.81,539.49
ACT-000827,2026-03-18,PROD_ENCODE,CUST_104,32,3.98,64.56,148.73,633.29
ACT-000828,2026-03-19,PROD_ENCODE,CUST_106,127,23.92,565.63,796.81,2807.59
ACT-000829,2026-03-20,PROD_VOD,CUST_105,143,28.54,352.6,657.25,1771.91
ACT-000830,2026-03-21,PROD_ENCODE,CUST_105,79,19.05,394.72,413.4,1485.97
ACT-000831,2026-03-22,PROD_ENCODE,CUST_104,142,36.91,374.41,998.81,1332.73
ACT-000832,2026-03-23,PROD_VOD,CUST_106,144,43.14,635.83,907.0,3520.64
ACT-000833,2026-03-24,PROD_OTT,CUST_105,24,6.29,61.61,209.68,361.02
ACT-000834,2026-03-25,PROD_OTT,CUST_102,27,10.03,90.21,199.43,232.65
ACT-000835,2026-03-26,PROD_VOD,CUST_103,59,17.64,141.75,384.65,843.62
ACT-000836,2026-03-27,PROD_ENCODE,CUST_103,25,3.55,97.12,219.97,519.81
ACT-000837,2026-03-28,PROD_OTT,CUST_103,104,27.18,510.18,691.7,1845.46
ACT-000838,2026-03-29,PROD_OTT,CUST_105,34,9.93,110.41,154.46,292.08
ACT-000839,2026-03-30,PROD_LIVE,CUST_104,63,8.36,224.32,512.74,877.3
ACT-000840,2026-03-01,PROD_OTT,CUST_101,53,17.01,227.62,526.52,719.33
ACT-000841,2026-03-02,PROD_LIVE,CUST_102,55,18.88,224.35,238.41,1140.45
ACT-000842,2026-03-03,PROD_OTT,CUST_103,91,31.94,203.17,419.49,1320.83
ACT-000843,2026-03-04,PROD_LIVE,CUST_106,129,23.35,338.36,595.48,2749.79
ACT-000844,2026-03-05,PROD_LIVE,CUST_105,115,18.44,401.06,497.75,1321.82
ACT-000845,2026-03-06,PROD_ENCODE,CUST_103,18,2.5,76.15,76.8,260.38
ACT-000846,2026-03-07,PROD_ENCODE,CUST_104,69,24.09,194.68,361.96,1349.32
ACT-000847,2026-03-08,PROD_VOD,CUST_102,106,41.46,278.16,884.82,1565.34
ACT-000848,2026-03-09,PROD_VOD,CUST_106,113,32.94,426.83,823.06,2714.75
ACT-000849,2026-03-10,PROD_VOD,CUST_102,94,13.65,289.52,783.24,892.85
ACT-000850,2026-03-11,PROD_LIVE,CUST_103,34,8.24,134.26,272.38,805.49
ACT-000851,2026-03-12,PROD_OTT,CUST_101,77,24.57,337.48,452.14,1092.04
ACT-000852,2026-03-13,PROD_ENCODE,CUST_101,46,15.94,228.85,276.13,880.32
ACT-000853,2026-03-14,PROD_LIVE,CUST_102,75,8.3,221.9,625.92,1059.25
ACT-000854,2026-03-15,PROD_LIVE,CUST_101,113,41.64,551.85,1125.53,2081.2
ACT-000855,2026-03-16,PROD_VOD,CUST_103,103,30.57,488.04,495.56,1461.0
ACT-000856,2026-03-17,PROD_LIVE,CUST_102,78,9.01,271.08,663.94,1179.37
ACT-000857,2026-03-18,PROD_LIVE,CUST_102,95,19.93,291.95,516.72,1358.57
ACT-000858,2026-03-19,PROD_VOD,CUST_105,49,13.08,227.8,376.08,1040.0
ACT-000859,2026-03-20,PROD_OTT,CUST_105,109,29.86,231.85,1007.75,2199.81
ACT-000860,2026-03-21,PROD_ENCODE,CUST_106,63,21.9,284.93,595.01,507.53
ACT-000861,2026-03-22,PROD_LIVE,CUST_104,109,10.93,438.33,442.57,1338.71
ACT-000862,2026-03-23,PROD_OTT,CUST_101,36,8.51,105.98,215.96,703.8
ACT-000863,2026-03-24,PROD_ENCODE,CUST_103,92,23.44,395.23,717.88,1905.25
ACT-000864,2026-03-25,PROD_ENCODE,CUST_103,146,55.48,671.97,1019.23,3126.61
ACT-000865,2026-03-26,PROD_LIVE,CUST_102,61,9.2,155.25,336.25,506.81
ACT-000866,2026-03-27,PROD_ENCODE,CUST_102,26,7.08,119.66,232.95,584.84
ACT-000867,2026-03-28,PROD_ENCODE,CUST_101,73,15.66,199.04,551.18,1529.36
ACT-000868,2026-03-29,PROD_VOD,CUST_103,47,16.45,231.6,231.42,693.92
ACT-000869,2026-03-30,PROD_LIVE,CUST_102,65,9.58,210.18,593.94,1593.9
ACT-000870,2026-03-01,PROD_VOD,CUST_103,10,3.15,23.95,57.25,136.08
ACT-000871,2026-03-02,PROD_LIVE,CUST_102,76,24.43,187.61,434.98,636.89
ACT-000872,2026-03-03,PROD_LIVE,CUST_106,43,14.28,93.19,179.03,483.39
ACT-000873,2026-03-04,PROD_ENCODE,CUST_105,53,13.96,212.86,296.19,636.45
ACT-000874,2026-03-05,PROD_VOD,CUST_106,135,36.47,559.23,729.0,1608.43
ACT-000875,2026-03-06,PROD_LIVE,CUST_105,92,36.06,216.17,887.42,2295.97
ACT-000876,2026-03-07,PROD_LIVE,CUST_105,81,29.83,331.21,457.55,1660.44
ACT-000877,2026-03-08,PROD_ENCODE,CUST_103,24,8.88,86.69,235.18,543.05
ACT-000878,2026-03-09,PROD_ENCODE,CUST_104,102,16.8,225.15,576.34,1772.87
ACT-000879,2026-03-10,PROD_VOD,CUST_106,129,14.44,278.8,706.39,3071.25
ACT-000880,2026-03-11,PROD_ENCODE,CUST_101,42,10.31,107.65,198.74,1028.3
ACT-000881,2026-03-12,PROD_ENCODE,CUST_104,51,11.55,176.95,489.35,1084.88
ACT-000882,2026-03-13,PROD_ENCODE,CUST_102,47,8.81,208.44,376.52,833.18
ACT-000883,2026-03-14,PROD_ENCODE,CUST_104,60,15.79,253.42,488.84,678.13
ACT-000884,2026-03-15,PROD_LIVE,CUST_101,81,18.6,306.34,404.56,2013.45
ACT-000885,2026-03-16,PROD_LIVE,CUST_102,143,45.22,321.48,1001.09,3399.49
ACT-000886,2026-03-17,PROD_LIVE,CUST_106,51,8.43,194.01,212.55,533.32
ACT-000887,2026-03-18,PROD_VOD,CUST_105,84,31.57,374.19,357.35,1698.87
ACT-000888,2026-03-19,PROD_VOD,CUST_103,86,10.52,252.37,821.01,959.24
ACT-000889,2026-03-20,PROD_LIVE,CUST_103,104,22.5,418.71,741.98,2289.09
ACT-000890,2026-03-21,PROD_LIVE,CUST_105,68,25.26,278.26,414.17,867.15
ACT-000891,2026-03-22,PROD_LIVE,CUST_106,58,9.22,282.08,328.86,811.48
ACT-000892,2026-03-23,PROD_LIVE,CUST_103,69,11.19,246.11,486.5,1658.46
ACT-000893,2026-03-24,PROD_OTT,CUST_105,30,9.58,132.6,229.69,413.58
ACT-000894,2026-03-25,PROD_VOD,CUST_105,78,15.76,268.84,578.94,702.49
ACT-000895,2026-03-26,PROD_LIVE,CUST_103,132,18.31,336.03,1080.93,1484.8
ACT-000896,2026-03-27,PROD_VOD,CUST_104,11,2.95,50.84,48.62,169.48
ACT-000897,2026-03-28,PROD_OTT,CUST_105,86,18.76,289.75,584.65,1609.22
ACT-000898,2026-03-29,PROD_OTT,CUST_102,35,6.32,96.21,217.01,664.56
ACT-000899,2026-03-30,PROD_OTT,CUST_101,107,29.04,427.33,517.49,2392.04
ACT-000900,2026-03-01,PROD_VOD,CUST_106,54,10.79,129.09,437.35,1169.02
ACT-000901,2026-03-02,PROD_OTT,CUST_106,36,12.2,152.57,157.41,747.27
ACT-000902,2026-03-03,PROD_OTT,CUST_103,115,17.64,334.63,509.48,1746.61
ACT-000903,2026-03-04,PROD_ENCODE,CUST_104,117,43.16,412.1,1019.74,2792.92
ACT-000904,2026-03-05,PROD_OTT,CUST_101,90,24.35,261.6,379.12,1026.58
ACT-000905,2026-03-06,PROD_OTT,CUST_102,83,29.28,246.9,430.91,1673.07
ACT-000906,2026-03-07,PROD_VOD,CUST_104,91,16.49,380.33,486.81,2241.46
ACT-000907,2026-03-08,PROD_VOD,CUST_103,66,12.51,143.61,527.64,1531.87
ACT-000908,2026-03-09,PROD_LIVE,CUST_104,28,5.7,130.73,231.49,314.47
ACT-000909,2026-03-10,PROD_VOD,CUST_101,26,5.21,117.78,168.16,317.38
ACT-000910,2026-03-11,PROD_VOD,CUST_105,103,17.74,505.13,460.22,2553.19
ACT-000911,2026-03-12,PROD_LIVE,CUST_103,51,16.39,220.01,288.34,793.14
ACT-000912,2026-03-13,PROD_ENCODE,CUST_105,128,15.17,424.31,992.82,1853.79
ACT-000913,2026-03-14,PROD_OTT,CUST_102,139,31.15,668.51,750.12,2214.77
ACT-000914,2026-03-15,PROD_VOD,CUST_104,144,17.83,305.19,635.78,1241.75
ACT-000915,2026-03-16,PROD_LIVE,CUST_103,84,21.6,170.34,533.43,1586.16
ACT-000916,2026-03-17,PROD_LIVE,CUST_101,38,12.22,130.99,315.35,725.78
ACT-000917,2026-03-18,PROD_VOD,CUST_103,75,20.64,335.99,596.05,1593.57
ACT-000918,2026-03-19,PROD_VOD,CUST_104,53,16.41,215.35,444.76,1149.85
ACT-000919,2026-03-20,PROD_LIVE,CUST_101,82,22.18,215.17,678.77,1233.46
ACT-000920,2026-03-21,PROD_VOD,CUST_103,31,4.31,67.49,131.46,694.58
ACT-000921,2026-03-22,PROD_LIVE,CUST_101,17,5.78,52.89,68.95,161.48
ACT-000922,2026-03-23,PROD_ENCODE,CUST_105,91,10.16,295.36,784.84,1416.22
ACT-000923,2026-03-24,PROD_OTT,CUST_106,39,7.03,108.99,209.34,933.39
ACT-000924,2026-03-25,PROD_OTT,CUST_104,15,4.05,35.42,124.74,357.49
ACT-000925,2026-03-26,PROD_ENCODE,CUST_101,49,5.86,212.43,354.73,487.68
ACT-000926,2026-03-27,PROD_OTT,CUST_101,40,4.95,165.12,201.8,812.94
ACT-000927,2026-03-28,PROD_VOD,CUST_103,63,20.5,242.49,351.51,542.3
ACT-000928,2026-03-29,PROD_VOD,CUST_106,117,45.52,237.66,646.84,2323.35
ACT-000929,2026-03-30,PROD_ENCODE,CUST_102,91,18.59,215.17,745.53,1496.52
ACT-000930,2026-03-01,PROD_ENCODE,CUST_101,57,8.19,189.02,338.09,486.85
ACT-000931,2026-03-02,PROD_OTT,CUST_103,55,10.46,113.3,390.79,1112.46
ACT-000932,2026-03-03,PROD_VOD,CUST_106,119,35.97,283.81,1022.75,1417.77
ACT-000933,2026-03-04,PROD_LIVE,CUST_104,19,2.47,38.85,182.1,389.53
ACT-000934,2026-03-05,PROD_LIVE,CUST_101,35,13.41,144.04,196.47,315.06
ACT-000935,2026-03-06,PROD_VOD,CUST_102,125,47.81,291.47,1093.5,1288.4
ACT-000936,2026-03-07,PROD_LIVE,CUST_105,143,33.5,671.51,1200.9,1959.43
ACT-000937,2026-03-08,PROD_OTT,CUST_105,48,16.33,134.12,247.21,961.48
ACT-000938,2026-03-09,PROD_VOD,CUST_102,113,25.75,444.58,776.9,1927.02
ACT-000939,2026-03-10,PROD_ENCODE,CUST_106,110,38.71,515.1,802.15,2523.22
ACT-000940,2026-03-11,PROD_VOD,CUST_103,27,10.41,67.86,211.77,278.27
ACT-000941,2026-03-12,PROD_ENCODE,CUST_102,79,12.38,332.41,549.54,1300.39
ACT-000942,2026-03-13,PROD_LIVE,CUST_106,108,25.56,380.46,439.5,869.59
ACT-000943,2026-03-14,PROD_LIVE,CUST_103,23,5.77,100.67,179.36,216.55
ACT-000944,2026-03-15,PROD_LIVE,CUST_102,34,13.53,114.35,172.4,596.79
ACT-000945,2026-03-16,PROD_LIVE,CUST_104,108,13.52,446.19,848.62,893.65
ACT-000946,2026-03-17,PROD_ENCODE,CUST_102,93,29.76,375.5,584.8,2076.24
ACT-000947,2026-03-18,PROD_ENCODE,CUST_101,117,45.08,382.57,545.47,1109.91
ACT-000948,2026-03-19,PROD_VOD,CUST_105,79,7.94,214.73,328.78,1394.81
ACT-000949,2026-03-20,PROD_ENCODE,CUST_104,133,21.93,430.38,1150.07,2007.79
ACT-000950,2026-03-21,PROD_LIVE,CUST_102,98,11.09,310.97,629.79,2445.62
ACT-000951,2026-03-22,PROD_ENCODE,CUST_101,97,20.01,347.1,403.43,836.88
ACT-000952,2026-03-23,PROD_VOD,CUST_106,23,6.08,48.97,178.35,257.05
ACT-000953,2026-03-24,PROD_VOD,CUST_106,139,48.49,424.57,1370.06,1988.13
ACT-000954,2026-03-25,PROD_ENCODE,CUST_103,89,30.26,334.21,755.86,1884.33
ACT-000955,2026-03-26,PROD_LIVE,CUST_103,64,14.42,203.35,398.77,1272.69
ACT-000956,2026-03-27,PROD_VOD,CUST_104,112,14.3,263.53,871.59,1104.6
ACT-000957,2026-03-28,PROD_OTT,CUST_105,147,23.98,511.55,820.43,1211.85
ACT-000958,2026-03-29,PROD_LIVE,CUST_101,125,29.09,461.31,1216.75,1198.85
ACT-000959,2026-03-30,PROD_VOD,CUST_104,121,28.03,376.8,1187.53,3018.47
ACT-000960,2026-03-01,PROD_VOD,CUST_103,58,20.17,174.98,535.04,1191.48
ACT-000961,2026-03-02,PROD_VOD,CUST_103,124,25.58,597.55,1135.6,2874.72
ACT-000962,2026-03-03,PROD_OTT,CUST_101,147,25.63,540.5,619.56,1670.38
ACT-000963,2026-03-04,PROD_VOD,CUST_102,118,29.35,432.55,785.01,1666.3
ACT-000964,2026-03-05,PROD_ENCODE,CUST_104,104,37.03,448.87,618.79,964.62
ACT-000965,2026-03-06,PROD_OTT,CUST_102,76,22.68,375.66,529.17,868.91
ACT-000966,2026-03-07,PROD_LIVE,CUST_104,10,2.55,25.12,67.49,87.61
ACT-000967,2026-03-08,PROD_VOD,CUST_102,136,35.62,621.35,638.39,1663.87
ACT-000968,2026-03-09,PROD_LIVE,CUST_101,138,20.1,375.08,1302.69,3010.69
ACT-000969,2026-03-10,PROD_ENCODE,CUST_101,16,4.37,48.68,131.61,273.46
ACT-000970,2026-03-11,PROD_OTT,CUST_101,112,24.59,413.0,783.11,1650.45
ACT-000971,2026-03-12,PROD_OTT,CUST_103,22,4.05,95.75,126.14,427.1
ACT-000972,2026-03-13,PROD_ENCODE,CUST_106,29,6.68,114.28,137.77,315.27
ACT-000973,2026-03-14,PROD_ENCODE,CUST_106,123,17.18,284.62,743.27,2616.07
ACT-000974,2026-03-15,PROD_VOD,CUST_102,107,11.32,486.63,763.91,1405.84
ACT-000975,2026-03-16,PROD_ENCODE,CUST_103,94,25.89,442.6,774.91,1691.23
ACT-000976,2026-03-17,PROD_ENCODE,CUST_105,139,47.61,654.65,1284.54,2588.31
ACT-000977,2026-03-18,PROD_LIVE,CUST_102,125,49.22,382.1,1157.62,3047.2
ACT-000978,2026-03-19,PROD_VOD,CUST_102,69,18.1,253.19,446.0,1472.68
ACT-000979,2026-03-20,PROD_OTT,CUST_103,75,12.54,311.12,401.07,1461.71
ACT-000980,2026-03-21,PROD_ENCODE,CUST_102,106,35.12,417.41,818.63,2371.95
ACT-000981,2026-03-22,PROD_OTT,CUST_104,96,16.01,404.59,731.24,1490.63
ACT-000982,2026-03-23,PROD_LIVE,CUST_101,145,45.62,574.46,736.36,2571.03
ACT-000983,2026-03-24,PROD_VOD,CUST_102,83,31.52,207.32,574.63,1985.87
ACT-000984,2026-03-25,PROD_OTT,CUST_102,61,11.51,254.57,485.0,817.09
ACT-000985,2026-03-26,PROD_LIVE,CUST_101,119,29.46,500.45,1061.91,2836.18
ACT-000986,2026-03-27,PROD_ENCODE,CUST_101,32,3.39,154.76,210.02,428.63
ACT-000987,2026-03-28,PROD_ENCODE,CUST_105,50,15.59,119.42,310.86,758.31
ACT-000988,2026-03-29,PROD_LIVE,CUST_105,65,17.36,194.28,533.95,1532.79
ACT-000989,2026-03-30,PROD_OTT,CUST_106,85,24.46,174.53,458.61,1509.81
ACT-000990,2026-03-01,PROD_ENCODE,CUST_102,144,52.57,373.75,795.25,3551.26
ACT-000991,2026-03-02,PROD_ENCODE,CUST_105,15,3.85,74.95,86.48,255.42
ACT-000992,2026-03-03,PROD_VOD,CUST_102,113,38.2,561.0,576.28,1971.87
ACT-000993,2026-03-04,PROD_LIVE,CUST_101,98,29.29,255.21,673.87,1560.85
ACT-000994,2026-03-05,PROD_VOD,CUST_105,20,6.78,82.33,163.52,335.57
ACT-000995,2026-03-06,PROD_VOD,CUST_101,101,11.98,417.37,790.19,1195.86
ACT-000996,2026-03-07,PROD_LIVE,CUST_103,91,11.02,347.49,445.34,2262.29
ACT-000997,2026-03-08,PROD_OTT,CUST_103,79,25.76,278.38,410.47,1298.36
ACT-000998,2026-03-09,PROD_VOD,CUST_103,135,43.99,556.94,657.21,1883.38
ACT-000999,2026-03-10,PROD_ENCODE,CUST_103,66,17.02,158.31,589.03,1195.4
ACT-001000,2026-03-11,PROD_VOD,CUST_106,24,5.59,78.8,160.29,327.84
ACT-001001,2026-03-12,PROD_VOD,CUST_101,92,14.45,390.97,635.26,2155.79
ACT-001002,2026-03-13,PROD_ENCODE,CUST_106,25,7.39,79.43,167.85,292.34
ACT-001003,2026-03-14,PROD_ENCODE,CUST_101,78,12.03,215.25,443.43,1943.49
ACT-001004,2026-03-15,PROD_VOD,CUST_104,67,9.71,197.51,435.13,609.34
ACT-001005,2026-03-16,PROD_OTT,CUST_105,50,19.41,139.66,272.62,656.47
ACT-001006,2026-03-17,PROD_OTT,CUST_101,123,31.76,502.6,994.72,2540.92
ACT-001007,2026-03-18,PROD_ENCODE,CUST_102,25,8.22,55.12,230.56,366.18
ACT-001008,2026-03-19,PROD_VOD,CUST_104,75,24.73,283.98,437.96,1745.15
ACT-001009,2026-03-20,PROD_VOD,CUST_101,49,9.71,197.46,428.28,1145.8
ACT-001010,2026-03-21,PROD_OTT,CUST_105,119,41.49,397.26,654.08,2584.9
ACT-001011,2026-03-22,PROD_ENCODE,CUST_104,132,28.34,367.24,634.18,1723.95
ACT-001012,2026-03-23,PROD_ENCODE,CUST_101,82,16.68,381.94,550.24,1574.22
ACT-001013,2026-03-24,PROD_VOD,CUST_102,146,42.96,363.56,1300.96,3147.73
ACT-001014,2026-03-25,PROD_ENCODE,CUST_103,56,15.18,265.4,350.48,792.57
ACT-001015,2026-03-26,PROD_LIVE,CUST_104,104,34.16,314.41,930.76,856.53
ACT-001016,2026-03-27,PROD_OTT,CUST_105,140,45.75,687.56,767.31,2188.48
ACT-001017,2026-03-28,PROD_OTT,CUST_103,70,15.39,202.66,674.42,775.63
ACT-001018,2026-03-29,PROD_VOD,CUST_105,77,17.82,230.62,717.07,1263.79
ACT-001019,2026-03-30,PROD_ENCODE,CUST_103,139,50.44,569.19,1065.02,3424.04
ACT-001020,2026-03-01,PROD_VOD,CUST_101,129,27.8,525.51,985.57,2862.76
ACT-001021,2026-03-02,PROD_VOD,CUST_103,71,17.99,212.54,591.87,1613.44
ACT-001022,2026-03-03,PROD_ENCODE,CUST_101,100,33.08,355.31,562.85,2453.09
ACT-001023,2026-03-04,PROD_OTT,CUST_102,16,2.23,59.98,130.16,254.79
ACT-001024,2026-03-05,PROD_LIVE,CUST_105,91,17.58,420.29,460.5,1161.62
ACT-001025,2026-03-06,PROD_LIVE,CUST_105,76,26.3,274.12,307.38,1510.95
ACT-001026,2026-03-07,PROD_ENCODE,CUST_106,21,5.5,70.44,109.12,488.28
ACT-001027,2026-03-08,PROD_OTT,CUST_106,54,13.3,157.79,476.89,527.1
ACT-001028,2026-03-09,PROD_OTT,CUST_104,150,35.52,516.19,1448.57,1416.95
ACT-001029,2026-03-10,PROD_ENCODE,CUST_101,113,16.62,477.05,595.48,2695.15
ACT-001030,2026-03-11,PROD_VOD,CUST_102,145,45.93,375.91,833.83,2882.29
ACT-001031,2026-03-12,PROD_LIVE,CUST_101,40,8.77,129.85,345.95,401.8
ACT-001032,2026-03-13,PROD_LIVE,CUST_103,111,31.66,403.66,925.5,2101.43
ACT-001033,2026-03-14,PROD_ENCODE,CUST_104,110,16.69,463.06,771.46,1216.89
ACT-001034,2026-03-15,PROD_ENCODE,CUST_105,56,7.72,195.0,443.16,1295.06
ACT-001035,2026-03-16,PROD_ENCODE,CUST_104,20,7.92,67.35,127.09,310.66
ACT-001036,2026-03-17,PROD_OTT,CUST_105,101,24.05,244.71,680.4,1444.32
ACT-001037,2026-03-18,PROD_LIVE,CUST_102,90,35.91,341.37,389.79,2246.28
ACT-001038,2026-03-19,PROD_LIVE,CUST_103,27,4.5,89.76,148.68,339.65
ACT-001039,2026-03-20,PROD_OTT,CUST_104,34,13.23,103.28,200.2,845.3
ACT-001040,2026-03-21,PROD_LIVE,CUST_101,38,13.22,113.99,253.37,809.29
ACT-001041,2026-03-22,PROD_VOD,CUST_104,16,3.69,54.66,105.03,309.55
ACT-001042,2026-03-23,PROD_LIVE,CUST_101,63,8.14,286.23,592.86,822.88
ACT-001043,2026-03-24,PROD_LIVE,CUST_105,60,9.48,280.15,298.09,808.84
ACT-001044,2026-03-25,PROD_VOD,CUST_102,102,17.69,416.48,859.49,2072.18
ACT-001045,2026-03-26,PROD_LIVE,CUST_106,32,3.52,79.41,310.01,635.77
ACT-001046,2026-03-27,PROD_ENCODE,CUST_103,27,5.07,101.69,206.06,605.73
ACT-001047,2026-03-28,PROD_ENCODE,CUST_104,20,3.39,82.17,137.61,282.53
ACT-001048,2026-03-29,PROD_LIVE,CUST_103,60,9.36,132.06,335.67,1421.23
ACT-001049,2026-03-30,PROD_OTT,CUST_103,104,22.52,493.3,536.42,1532.22
ACT-001050,2026-03-01,PROD_ENCODE,CUST_105,140,35.66,617.48,1377.14,2159.93
ACT-001051,2026-03-02,PROD_ENCODE,CUST_102,117,33.91,526.17,1158.05,1556.37
ACT-001052,2026-03-03,PROD_OTT,CUST_105,139,50.44,290.66,892.77,3367.79
ACT-001053,2026-03-04,PROD_LIVE,CUST_104,124,40.72,458.01,967.52,1786.73
ACT-001054,2026-03-05,PROD_VOD,CUST_103,45,16.21,168.38,219.64,826.52
ACT-001055,2026-03-06,PROD_LIVE,CUST_101,32,9.1,80.79,213.8,776.61
ACT-001056,2026-03-07,PROD_OTT,CUST_101,120,33.67,413.99,1127.76,1081.9
ACT-001057,2026-03-08,PROD_LIVE,CUST_105,132,18.52,310.99,637.62,1097.56
ACT-001058,2026-03-09,PROD_LIVE,CUST_106,139,21.91,593.55,1366.6,3192.19
ACT-001059,2026-03-10,PROD_VOD,CUST_101,104,38.13,451.67,1009.19,2029.94
ACT-001060,2026-03-11,PROD_OTT,CUST_105,99,37.82,343.55,648.93,1523.39
ACT-001061,2026-03-12,PROD_VOD,CUST_106,109,27.67,528.66,460.93,2219.86
ACT-001062,2026-03-13,PROD_VOD,CUST_101,93,28.33,380.46,857.56,1567.4
ACT-001063,2026-03-14,PROD_VOD,CUST_106,61,8.27,281.06,344.36,1439.61
ACT-001064,2026-03-15,PROD_ENCODE,CUST_101,101,25.06,261.4,466.03,2323.01
ACT-001065,2026-03-16,PROD_VOD,CUST_103,78,21.24,300.95,657.92,1481.42
ACT-001066,2026-03-17,PROD_LIVE,CUST_105,30,9.83,102.66,252.37,294.96
ACT-001067,2026-03-18,PROD_ENCODE,CUST_105,22,6.17,48.39,138.06,200.6
ACT-001068,2026-03-19,PROD_ENCODE,CUST_103,42,4.43,189.96,260.89,745.8
ACT-001069,2026-03-20,PROD_LIVE,CUST_104,16,5.93,79.52,149.43,396.48
ACT-001070,2026-03-21,PROD_ENCODE,CUST_105,13,1.72,29.2,121.72,286.14
ACT-001071,2026-03-22,PROD_LIVE,CUST_106,116,12.23,365.98,610.31,1518.39
ACT-001072,2026-03-23,PROD_LIVE,CUST_106,78,28.74,271.34,371.01,627.95
ACT-001073,2026-03-24,PROD_ENCODE,CUST_101,39,8.25,117.17,344.16,964.7
ACT-001074,2026-03-25,PROD_VOD,CUST_103,66,10.15,284.67,646.23,1363.91
ACT-001075,2026-03-26,PROD_OTT,CUST_106,149,48.07,549.05,1459.81,3269.46
ACT-001076,2026-03-27,PROD_VOD,CUST_103,136,15.36,440.01,993.92,2708.68
ACT-001077,2026-03-28,PROD_OTT,CUST_103,34,10.37,126.16,178.9,686.71
ACT-001078,2026-03-29,PROD_VOD,CUST_103,125,40.88,502.08,1086.29,1211.95
ACT-001079,2026-03-30,PROD_LIVE,CUST_103,60,16.2,232.82,324.4,1136.83
ACT-001080,2026-03-01,PROD_VOD,CUST_106,111,38.22,355.33,737.45,938.11
ACT-001081,2026-03-02,PROD_OTT,CUST_102,28,11.05,132.77,167.82,464.04
ACT-001082,2026-03-03,PROD_ENCODE,CUST_105,20,3.57,99.73,152.73,209.1
ACT-001083,2026-03-04,PROD_VOD,CUST_101,141,42.73,506.65,1399.08,1910.77
ACT-001084,2026-03-05,PROD_OTT,CUST_104,141,47.55,539.5,1256.78,2432.76
ACT-001085,2026-03-06,PROD_LIVE,CUST_104,16,2.63,54.63,136.15,169.73
ACT-001086,2026-03-07,PROD_OTT,CUST_105,114,30.79,463.22,811.24,1309.78
ACT-001087,2026-03-08,PROD_VOD,CUST_104,74,18.96,358.31,330.47,829.59
ACT-001088,2026-03-09,PROD_VOD,CUST_106,99,30.43,232.92,558.64,1329.58
ACT-001089,2026-03-10,PROD_VOD,CUST_105,35,6.05,158.67,221.12,574.09
ACT-001090,2026-03-11,PROD_VOD,CUST_101,19,7.42,67.34,116.79,387.19
ACT-001091,2026-03-12,PROD_VOD,CUST_106,44,13.4,175.84,309.67,429.44
ACT-001092,2026-03-13,PROD_OTT,CUST_106,93,13.92,277.19,510.95,1648.62
ACT-001093,2026-03-14,PROD_LIVE,CUST_103,102,23.4,287.1,469.89,1085.4
ACT-001094,2026-03-15,PROD_ENCODE,CUST_101,26,9.71,56.57,133.76,265.11
ACT-001095,2026-03-16,PROD_OTT,CUST_102,75,9.93,331.42,349.32,722.7
ACT-001096,2026-03-17,PROD_OTT,CUST_105,69,10.16,293.28,291.64,1028.5
ACT-001097,2026-03-18,PROD_OTT,CUST_102,115,39.56,275.44,727.73,2460.32
ACT-001098,2026-03-19,PROD_OTT,CUST_105,32,12.0,145.15,139.59,297.9
ACT-001099,2026-03-20,PROD_LIVE,CUST_106,63,10.44,257.54,298.33,991.04
ACT-001100,2026-03-21,PROD_ENCODE,CUST_103,104,29.92,329.74,705.97,1266.46
ACT-001101,2026-03-22,PROD_LIVE,CUST_105,59,12.77,172.42,339.87,780.2
ACT-001102,2026-03-23,PROD_ENCODE,CUST_102,54,18.39,111.67,373.68,1040.14
ACT-001103,2026-03-24,PROD_VOD,CUST_103,61,15.48,304.23,511.32,1295.51
ACT-001104,2026-03-25,PROD_VOD,CUST_103,104,10.63,446.15,990.13,2547.17
ACT-001105,2026-03-26,PROD_LIVE,CUST_105,27,6.23,72.75,132.69,653.25
ACT-001106,2026-03-27,PROD_ENCODE,CUST_102,31,3.34,108.68,158.41,399.08
ACT-001107,2026-03-28,PROD_VOD,CUST_101,105,28.86,498.65,995.34,2162.97
ACT-001108,2026-03-29,PROD_VOD,CUST_103,96,19.28,350.92,725.54,1940.07
ACT-001109,2026-03-30,PROD_OTT,CUST_102,118,20.86,457.93,571.52,1136.63
ACT-001110,2026-03-01,PROD_LIVE,CUST_102,88,12.54,381.1,605.2,1666.09
ACT-001111,2026-03-02,PROD_LIVE,CUST_105,146,17.22,363.0,1364.62,2699.94
ACT-001112,2026-03-03,PROD_ENCODE,CUST_102,108,20.99,250.46,851.81,2184.07
ACT-001113,2026-03-04,PROD_LIVE,CUST_101,89,25.59,402.55,631.38,880.27
ACT-001114,2026-03-05,PROD_LIVE,CUST_101,84,17.55,360.03,527.39,1702.54
ACT-001115,2026-03-06,PROD_LIVE,CUST_101,65,7.68,157.01,591.44,762.66
ACT-001116,2026-03-07,PROD_VOD,CUST_101,38,6.2,108.11,220.94,502.6
ACT-001117,2026-03-08,PROD_VOD,CUST_103,73,17.48,250.71,588.92,1424.11
ACT-001118,2026-03-09,PROD_OTT,CUST_103,45,14.48,210.36,440.76,378.01
ACT-001119,2026-03-10,PROD_LIVE,CUST_104,23,7.41,84.87,147.13,549.6
ACT-001120,2026-03-11,PROD_ENCODE,CUST_105,142,54.1,580.42,867.51,2757.86
ACT-001121,2026-03-12,PROD_ENCODE,CUST_106,88,10.86,231.89,360.14,1373.96
ACT-001122,2026-03-13,PROD_ENCODE,CUST_103,107,25.2,438.89,881.6,1201.61
ACT-001123,2026-03-14,PROD_ENCODE,CUST_105,16,6.14,53.26,151.43,295.54
ACT-001124,2026-03-15,PROD_OTT,CUST_104,90,10.29,436.18,552.34,1001.54
ACT-001125,2026-03-16,PROD_VOD,CUST_101,26,3.72,117.78,233.74,568.04
ACT-001126,2026-03-17,PROD_VOD,CUST_106,82,11.7,399.23,509.71,1450.47
ACT-001127,2026-03-18,PROD_LIVE,CUST_102,45,7.34,164.51,398.21,537.71
ACT-001128,2026-03-19,PROD_VOD,CUST_104,29,6.65,93.33,266.09,665.69
ACT-001129,2026-03-20,PROD_ENCODE,CUST_103,88,32.86,285.12,608.91,1433.66
ACT-001130,2026-03-21,PROD_VOD,CUST_105,144,49.27,538.58,1351.46,3090.34
ACT-001131,2026-03-22,PROD_VOD,CUST_103,136,35.84,457.09,739.74,1226.79
ACT-001132,2026-03-23,PROD_LIVE,CUST_104,40,7.86,124.27,381.36,592.44
ACT-001133,2026-03-24,PROD_LIVE,CUST_104,87,12.1,279.24,440.78,1939.14
ACT-001134,2026-03-25,PROD_OTT,CUST_105,147,46.51,419.95,919.92,2627.32
ACT-001135,2026-03-26,PROD_LIVE,CUST_104,27,9.28,91.4,197.33,375.0
ACT-001136,2026-03-27,PROD_VOD,CUST_105,15,3.11,61.22,116.44,137.21
ACT-001137,2026-03-28,PROD_ENCODE,CUST_105,76,22.01,215.63,331.56,1555.42
ACT-001138,2026-03-29,PROD_OTT,CUST_105,75,11.32,219.04,403.98,1374.48
ACT-001139,2026-03-30,PROD_LIVE,CUST_104,109,24.89,235.06,638.45,2272.47
ACT-001140,2026-03-01,PROD_ENCODE,CUST_101,40,10.46,89.12,176.28,434.78
ACT-001141,2026-03-02,PROD_ENCODE,CUST_106,122,35.79,352.28,814.03,1573.78
ACT-001142,2026-03-03,PROD_ENCODE,CUST_104,142,45.76,443.71,674.86,3298.89
ACT-001143,2026-03-04,PROD_LIVE,CUST_106,36,10.52,161.59,339.18,351.99
ACT-001144,2026-03-05,PROD_ENCODE,CUST_104,93,33.15,219.73,491.2,1273.83
ACT-001145,2026-03-06,PROD_OTT,CUST_103,122,34.06,477.06,509.89,1930.63
ACT-001146,2026-03-07,PROD_VOD,CUST_104,123,35.99,553.16,957.61,1764.53
ACT-001147,2026-03-08,PROD_LIVE,CUST_101,15,1.82,38.81,129.86,186.86
ACT-001148,2026-03-09,PROD_LIVE,CUST_104,54,20.98,203.22,251.14,600.4
ACT-001149,2026-03-10,PROD_OTT,CUST_104,124,38.09,344.1,768.85,1712.79
ACT-001150,2026-03-11,PROD_LIVE,CUST_103,36,8.98,103.18,258.87,551.81
ACT-001151,2026-03-12,PROD_LIVE,CUST_106,113,21.74,278.78,1048.08,1422.02
ACT-001152,2026-03-13,PROD_ENCODE,CUST_103,49,12.33,117.88,241.26,545.97
ACT-001153,2026-03-14,PROD_VOD,CUST_103,28,2.83,80.58,207.9,243.97
ACT-001154,2026-03-15,PROD_LIVE,CUST_104,97,14.25,211.95,870.26,1908.15
ACT-001155,2026-03-16,PROD_OTT,CUST_105,128,28.9,495.2,858.69,1528.55
ACT-001156,2026-03-17,PROD_LIVE,CUST_103,18,2.1,48.89,89.37,179.87
ACT-001157,2026-03-18,PROD_OTT,CUST_104,59,19.87,128.48,495.29,895.74
ACT-001158,2026-03-19,PROD_OTT,CUST_101,111,40.86,351.29,862.49,2158.0
ACT-001159,2026-03-20,PROD_OTT,CUST_105,143,25.17,573.19,680.63,2108.91
ACT-001160,2026-03-21,PROD_OTT,CUST_101,36,13.38,74.94,151.18,831.86
ACT-001161,2026-03-22,PROD_LIVE,CUST_101,147,39.82,510.83,1246.62,1919.39
ACT-001162,2026-03-23,PROD_ENCODE,CUST_102,72,27.62,164.86,444.63,1428.55
ACT-001163,2026-03-24,PROD_ENCODE,CUST_103,41,11.51,140.15,359.0,948.73
ACT-001164,2026-03-25,PROD_ENCODE,CUST_101,96,24.66,293.85,430.43,1209.64
ACT-001165,2026-03-26,PROD_LIVE,CUST_103,55,8.46,191.72,235.4,708.16
ACT-001166,2026-03-27,PROD_VOD,CUST_106,21,7.97,70.82,104.91,368.4
ACT-001167,2026-03-28,PROD_OTT,CUST_105,95,35.51,351.43,798.31,1545.92
ACT-001168,2026-03-29,PROD_OTT,CUST_102,148,47.11,310.64,1023.7,2169.97
ACT-001169,2026-03-30,PROD_ENCODE,CUST_106,145,34.08,382.84,1017.32,3317.61
ACT-001170,2026-03-01,PROD_VOD,CUST_101,36,4.29,94.31,285.03,393.34
ACT-001171,2026-03-02,PROD_LIVE,CUST_102,145,24.18,691.87,723.03,1678.57
ACT-001172,2026-03-03,PROD_ENCODE,CUST_103,21,3.8,92.13,185.04,309.92
ACT-001173,2026-03-04,PROD_LIVE,CUST_106,57,10.21,208.09,436.44,987.87
ACT-001174,2026-03-05,PROD_ENCODE,CUST_101,81,28.61,387.08,670.47,1223.75
ACT-001175,2026-03-06,PROD_ENCODE,CUST_106,103,20.34,302.1,700.66,1257.6
ACT-001176,2026-03-07,PROD_ENCODE,CUST_101,43,5.86,200.02,344.95,400.58
ACT-001177,2026-03-08,PROD_ENCODE,CUST_105,18,3.48,72.15,79.87,189.54
ACT-001178,2026-03-09,PROD_ENCODE,CUST_106,103,18.44,231.51,874.41,2150.53
ACT-001179,2026-03-10,PROD_OTT,CUST_102,135,32.33,283.41,1040.54,2031.13
ACT-001180,2026-03-11,PROD_VOD,CUST_103,12,1.94,38.89,107.54,130.35
ACT-001181,2026-03-12,PROD_ENCODE,CUST_102,80,17.53,224.45,476.24,1987.46
ACT-001182,2026-03-13,PROD_ENCODE,CUST_101,85,22.2,398.79,522.21,804.88
ACT-001183,2026-03-14,PROD_VOD,CUST_104,91,29.65,381.85,460.06,1015.95
ACT-001184,2026-03-15,PROD_ENCODE,CUST_104,28,9.19,62.46,194.55,384.31
ACT-001185,2026-03-16,PROD_LIVE,CUST_103,53,16.14,134.39,519.68,493.54
ACT-001186,2026-03-17,PROD_OTT,CUST_102,47,6.54,213.58,228.05,654.17
ACT-001187,2026-03-18,PROD_OTT,CUST_101,123,24.49,563.74,1205.39,1800.04
ACT-001188,2026-03-19,PROD_ENCODE,CUST_104,105,31.91,260.97,842.03,2380.15
ACT-001189,2026-03-20,PROD_OTT,CUST_105,143,56.21,662.06,946.09,1178.18
ACT-001190,2026-03-21,PROD_LIVE,CUST_102,82,9.37,213.45,728.31,927.14
ACT-001191,2026-03-22,PROD_LIVE,CUST_104,38,7.81,148.34,193.61,555.33
ACT-001192,2026-03-23,PROD_ENCODE,CUST_104,142,15.21,686.38,978.09,2027.3
ACT-001193,2026-03-24,PROD_OTT,CUST_102,23,2.47,58.86,111.75,574.52
ACT-001194,2026-03-25,PROD_VOD,CUST_105,61,18.76,242.6,249.77,975.74
ACT-001195,2026-03-26,PROD_VOD,CUST_105,49,13.14,132.52,261.3,1059.84
ACT-001196,2026-03-27,PROD_OTT,CUST_102,38,6.26,129.84,254.5,418.05
ACT-001197,2026-03-28,PROD_LIVE,CUST_105,54,15.62,219.01,536.55,1077.71
ACT-001198,2026-03-29,PROD_OTT,CUST_105,93,16.55,325.15,604.46,2128.95
ACT-001199,2026-03-30,PROD_LIVE,CUST_106,73,27.88,306.08,674.0,1217.85
ACT-001200,2026-03-01,PROD_LIVE,CUST_103,17,5.16,42.87,161.49,160.7
ACT-001201,2026-03-02,PROD_OTT,CUST_105,138,18.14,652.73,896.82,1280.67
ACT-001202,2026-03-03,PROD_VOD,CUST_105,139,48.05,290.85,1001.57,2822.41
ACT-001203,2026-03-04,PROD_OTT,CUST_101,63,10.67,262.68,417.41,1569.94
ACT-001204,2026-03-05,PROD_OTT,CUST_103,42,6.54,129.28,233.27,614.25
ACT-001205,2026-03-06,PROD_LIVE,CUST_102,133,20.46,623.36,613.32,1777.06
ACT-001206,2026-03-07,PROD_OTT,CUST_102,47,9.21,203.58,298.64,1067.21
ACT-001207,2026-03-08,PROD_LIVE,CUST_102,123,21.66,281.65,1012.01,1809.18
ACT-001208,2026-03-09,PROD_VOD,CUST_104,11,2.9,27.73,107.3,243.82
ACT-001209,2026-03-10,PROD_OTT,CUST_101,67,10.71,219.47,594.97,541.3
ACT-001210,2026-03-11,PROD_OTT,CUST_104,92,32.49,361.03,592.17,1899.41
ACT-001211,2026-03-12,PROD_ENCODE,CUST_101,33,8.37,87.01,309.51,633.34
ACT-001212,2026-03-13,PROD_ENCODE,CUST_102,59,18.94,139.01,487.28,1010.95
ACT-001213,2026-03-14,PROD_ENCODE,CUST_103,103,36.89,445.56,991.23,1581.54
ACT-001214,2026-03-15,PROD_OTT,CUST_101,106,25.17,446.5,691.45,2422.96
ACT-001215,2026-03-16,PROD_OTT,CUST_105,29,11.09,109.93,289.68,435.34
ACT-001216,2026-03-17,PROD_ENCODE,CUST_104,25,8.05,60.34,156.74,617.96
ACT-001217,2026-03-18,PROD_OTT,CUST_106,36,12.75,97.33,287.99,739.63
ACT-001218,2026-03-19,PROD_LIVE,CUST_106,74,29.02,213.88,341.99,1117.96
ACT-001219,2026-03-20,PROD_ENCODE,CUST_102,40,9.97,136.33,225.18,932.46
ACT-001220,2026-03-21,PROD_LIVE,CUST_102,47,6.09,120.22,273.03,1148.68
ACT-001221,2026-03-22,PROD_VOD,CUST_106,132,20.8,467.23,1057.18,3016.98
ACT-001222,2026-03-23,PROD_VOD,CUST_102,75,17.48,173.39,447.0,639.85
ACT-001223,2026-03-24,PROD_LIVE,CUST_105,103,27.0,431.18,614.04,1710.21
ACT-001224,2026-03-25,PROD_LIVE,CUST_102,53,12.84,109.88,311.88,1087.18
ACT-001225,2026-03-26,PROD_OTT,CUST_101,65,12.7,213.17,338.69,1262.65
ACT-001226,2026-03-27,PROD_OTT,CUST_102,26,8.03,127.12,198.45,633.93
ACT-001227,2026-03-28,PROD_VOD,CUST_104,68,25.77,175.9,414.08,1059.85
ACT-001228,2026-03-29,PROD_VOD,CUST_106,101,36.51,464.2,531.97,2416.46
ACT-001229,2026-03-30,PROD_LIVE,CUST_103,87,11.51,383.01,632.23,2121.64
ACT-001230,2026-03-01,PROD_LIVE,CUST_101,111,41.84,266.27,1074.43,2004.85
ACT-001231,2026-03-02,PROD_OTT,CUST_103,20,3.04,70.73,116.44,316.69
ACT-001232,2026-03-03,PROD_ENCODE,CUST_105,35,11.44,139.7,247.99,330.74
ACT-001233,2026-03-04,PROD_LIVE,CUST_103,85,23.72,219.85,809.34,1145.64
ACT-001234,2026-03-05,PROD_ENCODE,CUST_103,35,5.6,166.67,342.93,346.03
ACT-001235,2026-03-06,PROD_LIVE,CUST_104,129,39.69,586.45,579.26,1252.32
ACT-001236,2026-03-07,PROD_VOD,CUST_103,79,13.61,265.28,325.4,1642.39
ACT-001237,2026-03-08,PROD_LIVE,CUST_104,130,16.05,454.28,722.54,1048.98
ACT-001238,2026-03-09,PROD_OTT,CUST_102,29,4.41,97.45,207.98,609.58
ACT-001239,2026-03-10,PROD_OTT,CUST_101,109,31.23,365.49,1081.68,1661.72
ACT-001240,2026-03-11,PROD_LIVE,CUST_101,79,10.01,259.92,606.49,719.54
ACT-001241,2026-03-12,PROD_VOD,CUST_106,106,38.87,387.52,987.07,1662.98
ACT-001242,2026-03-13,PROD_ENCODE,CUST_106,76,18.8,210.94,709.22,1749.5
ACT-001243,2026-03-14,PROD_LIVE,CUST_106,103,20.95,477.0,691.99,1410.37
ACT-001244,2026-03-15,PROD_VOD,CUST_103,110,38.65,363.37,634.67,1317.53
ACT-001245,2026-03-16,PROD_OTT,CUST_101,68,19.1,231.08,616.92,1095.14
ACT-001246,2026-03-17,PROD_OTT,CUST_103,122,27.5,459.56,530.03,1586.32
ACT-001247,2026-03-18,PROD_OTT,CUST_102,101,38.39,429.98,777.61,1481.61
ACT-001248,2026-03-19,PROD_ENCODE,CUST_106,24,3.97,71.77,142.39,398.89
ACT-001249,2026-03-20,PROD_LIVE,CUST_102,39,14.9,95.38,301.0,595.43
ACT-001250,2026-03-21,PROD_LIVE,CUST_103,61,23.18,220.05,494.02,866.26
ACT-001251,2026-03-22,PROD_VOD,CUST_105,128,46.67,435.0,701.88,1811.65
ACT-001252,2026-03-23,PROD_ENCODE,CUST_106,47,6.7,194.48,384.74,591.54
ACT-001253,2026-03-24,PROD_ENCODE,CUST_106,114,18.11,366.59,799.77,1099.9
ACT-001254,2026-03-25,PROD_ENCODE,CUST_101,121,25.56,319.02,946.4,2195.96
ACT-001255,2026-03-26,PROD_OTT,CUST_103,59,16.62,281.77,521.6,898.27
ACT-001256,2026-03-27,PROD_OTT,CUST_105,42,11.85,151.8,227.34,908.71
ACT-001257,2026-03-28,PROD_ENCODE,CUST_106,48,12.3,142.84,372.83,483.06
ACT-001258,2026-03-29,PROD_LIVE,CUST_106,86,32.14,193.97,806.9,1718.44
ACT-001259,2026-03-30,PROD_OTT,CUST_102,28,5.79,82.04,258.7,640.12
ACT-001260,2026-03-01,PROD_ENCODE,CUST_104,109,15.71,515.5,795.86,2636.19
ACT-001261,2026-03-02,PROD_ENCODE,CUST_103,18,3.47,87.22,111.97,371.85
ACT-001262,2026-03-03,PROD_ENCODE,CUST_106,129,51.28,563.84,671.62,1583.51
ACT-001263,2026-03-04,PROD_ENCODE,CUST_104,107,40.68,470.76,576.6,2610.84
ACT-001264,2026-03-05,PROD_ENCODE,CUST_105,135,26.48,540.18,540.37,1144.62
ACT-001265,2026-03-06,PROD_OTT,CUST_101,82,8.77,205.72,721.6,974.48
ACT-001266,2026-03-07,PROD_ENCODE,CUST_101,102,32.43,287.22,843.83,924.45
ACT-001267,2026-03-08,PROD_VOD,CUST_105,49,13.18,118.46,368.74,1077.5
ACT-001268,2026-03-09,PROD_VOD,CUST_106,63,17.98,126.83,473.18,885.16
ACT-001269,2026-03-10,PROD_VOD,CUST_106,33,6.31,91.41,265.54,738.52
ACT-001270,2026-03-11,PROD_LIVE,CUST_105,24,7.5,119.94,142.37,290.18
ACT-001271,2026-03-12,PROD_LIVE,CUST_106,17,2.99,82.97,118.44,274.75
ACT-001272,2026-03-13,PROD_OTT,CUST_103,106,40.12,302.06,510.75,1536.68
ACT-001273,2026-03-14,PROD_LIVE,CUST_102,72,23.98,327.79,529.1,1667.35
ACT-001274,2026-03-15,PROD_ENCODE,CUST_103,26,7.05,55.28,215.22,456.16
ACT-001275,2026-03-16,PROD_VOD,CUST_105,45,8.48,118.14,211.73,967.91
ACT-001276,2026-03-17,PROD_ENCODE,CUST_106,75,22.38,316.35,662.04,652.3
ACT-001277,2026-03-18,PROD_OTT,CUST_106,72,26.09,206.78,690.91,1757.39
ACT-001278,2026-03-19,PROD_ENCODE,CUST_106,59,9.51,245.14,466.6,1410.1
ACT-001279,2026-03-20,PROD_VOD,CUST_106,126,16.8,524.05,618.81,3098.71
ACT-001280,2026-03-21,PROD_LIVE,CUST_101,108,32.53,502.6,863.02,1908.64
ACT-001281,2026-03-22,PROD_LIVE,CUST_101,145,54.89,490.67,1132.25,2444.33
ACT-001282,2026-03-23,PROD_VOD,CUST_106,16,4.21,77.51,69.83,379.72
ACT-001283,2026-03-24,PROD_LIVE,CUST_105,71,26.0,354.41,573.65,1666.17
ACT-001284,2026-03-25,PROD_LIVE,CUST_106,101,23.73,469.47,549.3,1422.18
ACT-001285,2026-03-26,PROD_OTT,CUST_103,26,9.65,99.25,210.33,362.12
ACT-001286,2026-03-27,PROD_ENCODE,CUST_106,57,14.65,156.58,563.07,1135.66
ACT-001287,2026-03-28,PROD_LIVE,CUST_103,14,4.19,37.72,115.0,342.35
ACT-001288,2026-03-29,PROD_LIVE,CUST_101,67,8.11,261.37,518.46,833.67
ACT-001289,2026-03-30,PROD_VOD,CUST_105,21,5.89,43.48,108.1,408.93
ACT-001290,2026-03-01,PROD_ENCODE,CUST_102,143,52.69,550.14,1099.56,1716.64
ACT-001291,2026-03-02,PROD_VOD,CUST_101,108,38.34,371.79,574.68,2552.53
ACT-001292,2026-03-03,PROD_LIVE,CUST_104,108,42.23,319.67,572.23,2261.23
ACT-001293,2026-03-04,PROD_VOD,CUST_102,86,23.47,272.93,661.72,1717.71
ACT-001294,2026-03-05,PROD_LIVE,CUST_105,102,26.96,425.71,860.32,863.2
ACT-001295,2026-03-06,PROD_VOD,CUST_106,38,14.99,155.73,357.99,901.35
ACT-001296,2026-03-07,PROD_OTT,CUST_106,89,16.98,260.28,809.48,1455.32
ACT-001297,2026-03-08,PROD_LIVE,CUST_101,124,22.48,384.31,1090.11,2728.21
ACT-001298,2026-03-09,PROD_ENCODE,CUST_101,58,17.61,145.59,483.46,909.74
ACT-001299,2026-03-10,PROD_OTT,CUST_105,23,3.22,99.64,195.25,429.2
ACT-001300,2026-03-11,PROD_LIVE,CUST_105,29,3.13,143.69,146.61,572.73
ACT-001301,2026-03-12,PROD_VOD,CUST_106,23,3.88,79.59,162.13,210.42
ACT-001302,2026-03-13,PROD_LIVE,CUST_105,126,19.11,381.11,1133.45,1707.86
ACT-001303,2026-03-14,PROD_OTT,CUST_101,49,11.24,166.11,385.22,803.39
ACT-001304,2026-03-15,PROD_ENCODE,CUST_106,64,10.39,132.43,325.38,891.66
ACT-001305,2026-03-16,PROD_ENCODE,CUST_104,119,27.5,428.12,912.37,1190.87
ACT-001306,2026-03-17,PROD_LIVE,CUST_104,83,18.71,190.56,435.54,1091.38
ACT-001307,2026-03-18,PROD_OTT,CUST_105,55,16.04,266.25,537.45,1315.85
ACT-001308,2026-03-19,PROD_ENCODE,CUST_102,26,7.12,65.35,249.86,352.17
ACT-001309,2026-03-20,PROD_VOD,CUST_105,87,31.53,193.6,503.84,1235.07
ACT-001310,2026-03-21,PROD_LIVE,CUST_104,119,42.1,507.64,1019.24,2787.08
ACT-001311,2026-03-22,PROD_LIVE,CUST_103,116,44.14,499.84,710.31,1772.83
ACT-001312,2026-03-23,PROD_OTT,CUST_104,121,27.26,371.99,966.09,2360.55
ACT-001313,2026-03-24,PROD_ENCODE,CUST_106,11,2.16,40.5,100.86,263.98
ACT-001314,2026-03-25,PROD_VOD,CUST_104,128,35.8,553.25,829.61,1633.39
ACT-001315,2026-03-26,PROD_OTT,CUST_101,35,7.43,137.32,205.73,361.72
ACT-001316,2026-03-27,PROD_OTT,CUST_104,138,32.69,404.51,689.19,1719.45
ACT-001317,2026-03-28,PROD_ENCODE,CUST_105,101,11.51,423.03,432.55,2141.52
ACT-001318,2026-03-29,PROD_ENCODE,CUST_104,11,3.39,42.73,58.54,219.67
ACT-001319,2026-03-30,PROD_LIVE,CUST_105,105,11.5,303.16,683.04,2202.0
ACT-001320,2026-03-01,PROD_OTT,CUST_101,51,5.52,196.03,259.24,559.54
ACT-001321,2026-03-02,PROD_LIVE,CUST_102,13,1.98,57.86,108.27,162.67
ACT-001322,2026-03-03,PROD_ENCODE,CUST_102,136,29.02,404.27,1130.65,3138.43
ACT-001323,2026-03-04,PROD_OTT,CUST_105,128,22.92,583.55,995.87,1709.69
ACT-001324,2026-03-05,PROD_VOD,CUST_102,94,17.18,400.57,692.01,1136.16
ACT-001325,2026-03-06,PROD_OTT,CUST_102,68,13.56,312.19,391.66,1248.13
ACT-001326,2026-03-07,PROD_VOD,CUST_104,98,16.35,298.36,839.94,1863.14
ACT-001327,2026-03-08,PROD_OTT,CUST_102,44,11.66,150.5,355.4,411.22
ACT-001328,2026-03-09,PROD_VOD,CUST_105,21,2.51,47.66,168.09,437.2
ACT-001329,2026-03-10,PROD_ENCODE,CUST_102,26,3.56,74.4,198.73,313.56
ACT-001330,2026-03-11,PROD_ENCODE,CUST_101,148,41.89,338.76,1364.89,1975.3
ACT-001331,2026-03-12,PROD_VOD,CUST_103,92,25.9,291.5,836.98,1703.26
ACT-001332,2026-03-13,PROD_ENCODE,CUST_106,78,9.24,354.17,481.49,1274.74
ACT-001333,2026-03-14,PROD_LIVE,CUST_103,84,17.41,353.32,420.69,695.53
ACT-001334,2026-03-15,PROD_OTT,CUST_102,14,4.24,66.0,124.35,320.59
ACT-001335,2026-03-16,PROD_LIVE,CUST_105,114,22.36,423.03,1025.88,1972.45
ACT-001336,2026-03-17,PROD_LIVE,CUST_103,94,10.38,293.26,443.36,2338.24
ACT-001337,2026-03-18,PROD_VOD,CUST_105,22,5.99,74.23,198.21,459.91
ACT-001338,2026-03-19,PROD_VOD,CUST_104,107,31.8,223.51,978.59,1587.1
ACT-001339,2026-03-20,PROD_ENCODE,CUST_105,80,10.71,342.51,711.81,873.7
ACT-001340,2026-03-21,PROD_OTT,CUST_105,62,13.27,235.78,611.91,1323.21
ACT-001341,2026-03-22,PROD_OTT,CUST_105,50,12.27,210.56,407.95,895.57
ACT-001342,2026-03-23,PROD_LIVE,CUST_102,116,32.45,460.39,1035.16,1694.44
ACT-001343,2026-03-24,PROD_OTT,CUST_105,17,3.92,35.06,121.42,187.47
ACT-001344,2026-03-25,PROD_ENCODE,CUST_101,14,1.45,57.89,85.75,130.32
ACT-001345,2026-03-26,PROD_LIVE,CUST_101,76,15.93,285.69,658.61,1361.93
ACT-001346,2026-03-27,PROD_OTT,CUST_104,62,19.29,235.77,575.66,1088.84
ACT-001347,2026-03-28,PROD_ENCODE,CUST_102,62,15.07,229.48,438.43,1256.09
ACT-001348,2026-03-29,PROD_VOD,CUST_102,148,47.45,691.43,1061.52,3374.7
ACT-001349,2026-03-30,PROD_VOD,CUST_105,142,17.97,617.75,1154.61,2837.88
ACT-001350,2026-03-01,PROD_VOD,CUST_101,69,11.74,235.96,410.88,1336.15
ACT-001351,2026-03-02,PROD_LIVE,CUST_102,61,7.82,165.03,344.83,1140.79
ACT-001352,2026-03-03,PROD_ENCODE,CUST_101,129,46.89,552.91,627.88,2135.57
ACT-001353,2026-03-04,PROD_ENCODE,CUST_102,72,23.31,248.83,639.21,1366.56
ACT-001354,2026-03-05,PROD_VOD,CUST_102,54,8.2,116.18,380.43,562.09
ACT-001355,2026-03-06,PROD_VOD,CUST_103,82,20.97,326.07,680.42,1856.97
ACT-001356,2026-03-07,PROD_VOD,CUST_105,135,34.35,625.09,995.04,2033.31
ACT-001357,2026-03-08,PROD_OTT,CUST_105,100,24.27,440.94,420.63,1294.55
ACT-001358,2026-03-09,PROD_LIVE,CUST_106,97,38.56,366.04,396.65,2065.09
ACT-001359,2026-03-10,PROD_LIVE,CUST_105,85,12.68,240.12,389.72,743.16
ACT-001360,2026-03-11,PROD_VOD,CUST_105,67,23.82,291.84,363.9,1096.61
ACT-001361,2026-03-12,PROD_OTT,CUST_102,75,8.29,372.07,708.37,1670.53
ACT-001362,2026-03-13,PROD_ENCODE,CUST_105,53,10.58,234.29,240.9,625.13
ACT-001363,2026-03-14,PROD_LIVE,CUST_103,143,19.24,461.25,712.1,1538.44
ACT-001364,2026-03-15,PROD_VOD,CUST_106,95,33.92,364.76,908.64,1545.71
ACT-001365,2026-03-16,PROD_ENCODE,CUST_105,104,41.58,334.06,466.75,1513.34
ACT-001366,2026-03-17,PROD_ENCODE,CUST_101,23,5.18,49.01,110.89,225.36
ACT-001367,2026-03-18,PROD_LIVE,CUST_103,12,2.85,51.9,75.18,154.03
ACT-001368,2026-03-19,PROD_OTT,CUST_106,64,13.87,287.0,305.1,1334.92
ACT-001369,2026-03-20,PROD_LIVE,CUST_106,95,10.75,433.3,439.78,1197.44
ACT-001370,2026-03-21,PROD_ENCODE,CUST_105,93,10.05,222.99,686.39,2074.97
ACT-001371,2026-03-22,PROD_OTT,CUST_105,75,15.51,300.44,624.66,954.46
ACT-001372,2026-03-23,PROD_ENCODE,CUST_102,100,18.84,452.79,795.23,2098.03
ACT-001373,2026-03-24,PROD_OTT,CUST_104,74,24.87,216.07,351.74,727.56
ACT-001374,2026-03-25,PROD_OTT,CUST_104,69,18.68,259.47,665.71,1506.01
ACT-001375,2026-03-26,PROD_OTT,CUST_101,82,15.61,239.07,669.33,1162.17
ACT-001376,2026-03-27,PROD_OTT,CUST_105,27,9.17,113.88,133.93,277.8
ACT-001377,2026-03-28,PROD_ENCODE,CUST_103,107,20.91,219.51,787.69,1273.16
ACT-001378,2026-03-29,PROD_VOD,CUST_103,70,27.61,239.89,514.4,744.75
ACT-001379,2026-03-30,PROD_LIVE,CUST_105,35,5.85,115.87,267.97,844.32
ACT-001380,2026-03-01,PROD_OTT,CUST_103,144,23.85,380.73,994.95,3344.08
ACT-001381,2026-03-02,PROD_LIVE,CUST_106,122,39.2,609.5,671.99,1290.44
ACT-001382,2026-03-03,PROD_OTT,CUST_101,52,20.73,255.43,516.36,417.33
ACT-001383,2026-03-04,PROD_LIVE,CUST_105,63,11.5,144.51,360.85,651.2
ACT-001384,2026-03-05,PROD_LIVE,CUST_104,47,5.31,135.95,207.41,761.93
ACT-001385,2026-03-06,PROD_LIVE,CUST_104,22,8.42,47.43,144.71,236.29
ACT-001386,2026-03-07,PROD_ENCODE,CUST_104,63,10.57,196.46,288.65,504.69
ACT-001387,2026-03-08,PROD_OTT,CUST_105,58,22.64,196.05,356.02,1379.85
ACT-001388,2026-03-09,PROD_LIVE,CUST_104,67,9.9,151.61,510.65,1447.31
ACT-001389,2026-03-10,PROD_OTT,CUST_101,25,6.68,76.0,176.11,499.98
ACT-001390,2026-03-11,PROD_VOD,CUST_105,41,15.32,180.28,312.0,516.38
ACT-001391,2026-03-12,PROD_VOD,CUST_104,70,12.99,303.81,280.87,863.7
ACT-001392,2026-03-13,PROD_LIVE,CUST_106,91,18.37,403.34,470.72,1167.03
ACT-001393,2026-03-14,PROD_ENCODE,CUST_106,35,11.57,116.71,271.34,440.88
ACT-001394,2026-03-15,PROD_LIVE,CUST_102,84,12.14,363.34,753.29,2058.8
ACT-001395,2026-03-16,PROD_VOD,CUST_101,30,9.13,146.92,202.72,296.91
ACT-001396,2026-03-17,PROD_LIVE,CUST_102,44,8.27,118.02,349.62,842.19
ACT-001397,2026-03-18,PROD_ENCODE,CUST_102,88,15.52,308.72,795.0,1806.16
ACT-001398,2026-03-19,PROD_ENCODE,CUST_101,44,5.5,207.45,272.57,815.33
ACT-001399,2026-03-20,PROD_ENCODE,CUST_105,29,3.33,84.39,135.4,719.71
ACT-001400,2026-03-21,PROD_LIVE,CUST_104,51,20.34,146.5,394.79,561.01
ACT-001401,2026-03-22,PROD_VOD,CUST_104,108,29.29,419.64,481.96,1127.18
ACT-001402,2026-03-23,PROD_LIVE,CUST_101,33,12.55,121.98,229.61,587.28
ACT-001403,2026-03-24,PROD_VOD,CUST_104,113,23.45,535.89,1083.37,2593.0
ACT-001404,2026-03-25,PROD_VOD,CUST_101,105,19.2,516.65,893.4,1673.19
ACT-001405,2026-03-26,PROD_ENCODE,CUST_101,39,11.68,92.8,178.77,403.24
ACT-001406,2026-03-27,PROD_ENCODE,CUST_103,33,3.54,69.33,174.69,746.61
ACT-001407,2026-03-28,PROD_OTT,CUST_104,89,15.29,385.92,882.43,2215.51
ACT-001408,2026-03-29,PROD_LIVE,CUST_105,79,28.23,264.89,618.83,1698.57
ACT-001409,2026-03-30,PROD_OTT,CUST_103,138,16.89,436.8,1264.9,3276.12
ACT-001410,2026-03-01,PROD_VOD,CUST_102,29,7.56,74.7,149.7,652.66
ACT-001411,2026-03-02,PROD_LIVE,CUST_103,38,4.86,143.92,270.86,324.21
ACT-001412,2026-03-03,PROD_LIVE,CUST_106,32,3.71,100.54,172.64,269.4
ACT-001413,2026-03-04,PROD_VOD,CUST_104,126,38.05,462.54,1209.11,2457.04
ACT-001414,2026-03-05,PROD_LIVE,CUST_102,50,9.89,227.33,440.46,686.17
ACT-001415,2026-03-06,PROD_OTT,CUST_104,106,17.68,236.45,806.82,1383.0
ACT-001416,2026-03-07,PROD_OTT,CUST_105,23,3.72,69.34,140.99,476.42
ACT-001417,2026-03-08,PROD_OTT,CUST_102,62,14.4,307.8,343.1,943.04
ACT-001418,2026-03-09,PROD_ENCODE,CUST_106,42,6.31,198.85,289.42,388.75
ACT-001419,2026-03-10,PROD_OTT,CUST_106,122,33.72,345.56,748.34,2534.83
ACT-001420,2026-03-11,PROD_LIVE,CUST_102,85,26.96,213.53,362.05,1543.2
ACT-001421,2026-03-12,PROD_ENCODE,CUST_103,47,9.86,179.2,338.14,675.98
ACT-001422,2026-03-13,PROD_LIVE,CUST_104,31,8.84,149.67,245.83,457.83
ACT-001423,2026-03-14,PROD_LIVE,CUST_103,140,40.14,663.26,746.58,1378.29
ACT-001424,2026-03-15,PROD_VOD,CUST_101,99,21.19,299.94,923.46,1744.84
ACT-001425,2026-03-16,PROD_OTT,CUST_102,33,4.25,139.47,276.75,646.52
ACT-001426,2026-03-17,PROD_OTT,CUST_102,75,7.61,228.14,604.47,932.92
ACT-001427,2026-03-18,PROD_ENCODE,CUST_105,25,7.78,81.19,182.21,425.77
ACT-001428,2026-03-19,PROD_LIVE,CUST_103,144,45.43,447.51,880.38,2382.5
ACT-001429,2026-03-20,PROD_LIVE,CUST_104,76,14.91,296.47,508.44,1597.06
ACT-001430,2026-03-21,PROD_ENCODE,CUST_105,133,23.67,405.43,765.37,1430.34
ACT-001431,2026-03-22,PROD_VOD,CUST_106,87,14.26,312.38,764.17,1179.07
ACT-001432,2026-03-23,PROD_OTT,CUST_105,136,49.76,487.42,594.37,2689.71
ACT-001433,2026-03-24,PROD_ENCODE,CUST_105,120,44.67,413.24,610.54,1607.57
ACT-001434,2026-03-25,PROD_VOD,CUST_105,37,7.4,74.63,338.59,901.99
ACT-001435,2026-03-26,PROD_OTT,CUST_103,37,4.89,179.92,281.74,435.92
ACT-001436,2026-03-27,PROD_LIVE,CUST_103,115,28.14,452.77,903.33,2126.06
ACT-001437,2026-03-28,PROD_LIVE,CUST_104,96,14.53,318.46,444.77,2199.28
ACT-001438,2026-03-29,PROD_LIVE,CUST_106,104,37.5,407.88,534.89,962.37
ACT-001439,2026-03-30,PROD_ENCODE,CUST_103,125,14.58,326.47,635.85,2195.77
ACT-001440,2026-03-01,PROD_LIVE,CUST_104,29,4.82,112.92,127.33,385.7
ACT-001441,2026-03-02,PROD_ENCODE,CUST_103,37,10.6,127.54,305.63,818.87
ACT-001442,2026-03-03,PROD_OTT,CUST_101,24,3.92,83.5,172.4,197.8
ACT-001443,2026-03-04,PROD_LIVE,CUST_102,144,52.95,402.98,637.21,1375.73
ACT-001444,2026-03-05,PROD_VOD,CUST_102,18,5.85,87.28,124.33,333.45
ACT-001445,2026-03-06,PROD_VOD,CUST_105,77,17.22,260.0,334.37,1225.03
ACT-001446,2026-03-07,PROD_LIVE,CUST_104,65,25.44,150.59,422.3,1151.09
ACT-001447,2026-03-08,PROD_LIVE,CUST_104,98,27.72,340.16,635.3,862.82
ACT-001448,2026-03-09,PROD_VOD,CUST_101,112,32.61,530.47,995.61,1792.12
ACT-001449,2026-03-10,PROD_VOD,CUST_101,128,14.91,453.24,613.58,2394.27
ACT-001450,2026-03-11,PROD_ENCODE,CUST_104,28,7.37,87.75,112.54,657.35
ACT-001451,2026-03-12,PROD_LIVE,CUST_104,20,2.04,43.74,82.48,162.1
ACT-001452,2026-03-13,PROD_LIVE,CUST_102,43,13.65,107.84,274.11,949.83
ACT-001453,2026-03-14,PROD_VOD,CUST_103,34,12.02,71.65,324.23,753.03
ACT-001454,2026-03-15,PROD_VOD,CUST_106,106,28.61,463.13,885.91,1049.65
ACT-001455,2026-03-16,PROD_ENCODE,CUST_104,121,34.46,569.06,1096.08,1049.59
ACT-001456,2026-03-17,PROD_VOD,CUST_103,88,10.9,384.95,848.39,2188.55
ACT-001457,2026-03-18,PROD_LIVE,CUST_102,48,15.51,148.24,355.42,593.95
ACT-001458,2026-03-19,PROD_LIVE,CUST_105,94,23.69,296.89,620.01,985.07
ACT-001459,2026-03-20,PROD_VOD,CUST_104,15,5.4,37.02,89.41,337.72
ACT-001460,2026-03-21,PROD_ENCODE,CUST_103,93,10.31,229.82,525.68,1912.08
ACT-001461,2026-03-22,PROD_VOD,CUST_105,46,17.24,207.07,256.69,778.45
ACT-001462,2026-03-23,PROD_OTT,CUST_106,129,49.57,497.05,1267.48,1036.33
ACT-001463,2026-03-24,PROD_LIVE,CUST_103,46,17.96,181.82,222.18,536.34
ACT-001464,2026-03-25,PROD_OTT,CUST_102,68,9.15,230.44,402.7,1125.68
ACT-001465,2026-03-26,PROD_ENCODE,CUST_101,59,8.62,145.36,377.82,1164.28
ACT-001466,2026-03-27,PROD_LIVE,CUST_101,70,9.22,250.04,468.84,1549.73
ACT-001467,2026-03-28,PROD_ENCODE,CUST_103,88,22.48,220.14,621.43,1435.84
ACT-001468,2026-03-29,PROD_VOD,CUST_104,59,16.78,125.77,531.26,772.18
ACT-001469,2026-03-30,PROD_ENCODE,CUST_102,18,5.57,85.38,117.08,409.29
ACT-001470,2026-03-01,PROD_ENCODE,CUST_102,106,11.61,261.82,927.74,1944.85
ACT-001471,2026-03-02,PROD_ENCODE,CUST_106,89,31.44,337.72,840.3,1676.44
ACT-001472,2026-03-03,PROD_OTT,CUST_106,136,18.62,441.33,1214.54,2464.46
ACT-001473,2026-03-04,PROD_OTT,CUST_103,138,48.94,579.42,1304.89,1911.43
ACT-001474,2026-03-05,PROD_ENCODE,CUST_106,40,6.94,177.83,311.99,395.66
ACT-001475,2026-03-06,PROD_LIVE,CUST_103,52,12.46,220.44,274.11,1160.61
ACT-001476,2026-03-07,PROD_ENCODE,CUST_102,47,17.92,203.54,415.24,989.24
ACT-001477,2026-03-08,PROD_ENCODE,CUST_103,75,24.51,270.22,430.29,1237.01
ACT-001478,2026-03-09,PROD_OTT,CUST_105,84,33.12,341.53,508.75,1064.9
ACT-001479,2026-03-10,PROD_VOD,CUST_102,17,5.37,41.92,78.21,222.77
ACT-001480,2026-03-11,PROD_ENCODE,CUST_104,93,30.41,435.0,686.41,1311.74
ACT-001481,2026-03-12,PROD_LIVE,CUST_105,54,21.33,142.84,533.59,712.59
ACT-001482,2026-03-13,PROD_OTT,CUST_106,72,11.92,227.72,510.35,774.18
ACT-001483,2026-03-14,PROD_LIVE,CUST_105,116,40.0,500.09,930.91,1526.04
ACT-001484,2026-03-15,PROD_LIVE,CUST_106,11,4.31,54.27,99.52,202.96
ACT-001485,2026-03-16,PROD_VOD,CUST_101,61,10.36,238.31,477.81,563.93
ACT-001486,2026-03-17,PROD_VOD,CUST_103,126,30.81,255.03,1195.15,2885.78
ACT-001487,2026-03-18,PROD_VOD,CUST_101,101,32.79,362.08,789.85,2246.38
ACT-001488,2026-03-19,PROD_LIVE,CUST_101,100,17.3,282.0,729.29,992.36
ACT-001489,2026-03-20,PROD_ENCODE,CUST_106,113,22.75,421.55,495.53,1292.03
ACT-001490,2026-03-21,PROD_ENCODE,CUST_106,103,11.0,480.08,918.93,1884.24
ACT-001491,2026-03-22,PROD_LIVE,CUST_101,104,12.41,412.53,792.65,2298.48
ACT-001492,2026-03-23,PROD_VOD,CUST_101,77,14.51,157.5,372.28,1254.95
ACT-001493,2026-03-24,PROD_LIVE,CUST_101,106,21.28,391.94,516.88,2007.12
ACT-001494,2026-03-25,PROD_LIVE,CUST_105,12,4.2,42.94,75.55,136.32
ACT-001495,2026-03-26,PROD_LIVE,CUST_104,123,27.69,329.51,965.31,1167.42
ACT-001496,2026-03-27,PROD_LIVE,CUST_101,25,5.94,67.15,189.51,567.45
ACT-001497,2026-03-28,PROD_ENCODE,CUST_101,80,10.61,364.13,783.1,1227.35
ACT-001498,2026-03-29,PROD_OTT,CUST_102,66,7.21,206.53,657.95,816.66
ACT-001499,2026-03-30,PROD_ENCODE,CUST_101,82,31.34,288.53,427.27,1917.79
ACT-001500,2026-03-01,PROD_VOD,CUST_104,137,26.05,571.65,1115.61,2787.46
ACT-001501,2026-03-02,PROD_OTT,CUST_103,23,4.75,65.62,157.49,280.23
ACT-001502,2026-03-03,PROD_OTT,CUST_104,96,13.45,338.39,723.52,2075.44
ACT-001503,2026-03-04,PROD_LIVE,CUST_106,88,17.61,336.28,833.8,1535.56
ACT-001504,2026-03-05,PROD_LIVE,CUST_102,83,16.76,338.29,345.14,1582.88
ACT-001505,2026-03-06,PROD_OTT,CUST_102,41,4.36,95.87,320.5,753.93
ACT-001506,2026-03-07,PROD_VOD,CUST_101,131,30.61,388.44,743.9,1512.87
ACT-001507,2026-03-08,PROD_VOD,CUST_106,98,22.74,378.26,615.6,2339.23
ACT-001508,2026-03-09,PROD_ENCODE,CUST_105,55,19.52,145.47,406.95,1189.13
ACT-001509,2026-03-10,PROD_VOD,CUST_101,42,12.44,177.02,405.47,760.72
ACT-001510,2026-03-11,PROD_LIVE,CUST_106,104,22.89,272.32,941.83,1693.88
ACT-001511,2026-03-12,PROD_LIVE,CUST_101,54,18.64,133.62,333.34,1092.4
ACT-001512,2026-03-13,PROD_ENCODE,CUST_101,41,6.82,93.68,364.28,371.57
ACT-001513,2026-03-14,PROD_OTT,CUST_101,135,23.12,353.53,991.32,2023.83
ACT-001514,2026-03-15,PROD_OTT,CUST_105,55,7.55,124.28,361.48,728.94
ACT-001515,2026-03-16,PROD_LIVE,CUST_105,136,49.74,466.04,917.41,1246.23
ACT-001516,2026-03-17,PROD_OTT,CUST_106,65,13.3,265.78,460.26,1165.85
ACT-001517,2026-03-18,PROD_VOD,CUST_103,81,21.19,349.42,807.21,1103.51
ACT-001518,2026-03-19,PROD_LIVE,CUST_106,133,21.8,435.39,755.94,2586.37
ACT-001519,2026-03-20,PROD_LIVE,CUST_101,120,14.97,295.51,943.76,2217.43
ACT-001520,2026-03-21,PROD_ENCODE,CUST_106,146,43.56,600.21,1073.12,1548.17
ACT-001521,2026-03-22,PROD_ENCODE,CUST_104,94,12.3,250.67,746.72,2014.71
ACT-001522,2026-03-23,PROD_VOD,CUST_106,122,43.72,518.0,746.92,2690.96
ACT-001523,2026-03-24,PROD_ENCODE,CUST_105,36,10.99,141.3,359.31,622.47
ACT-001524,2026-03-25,PROD_ENCODE,CUST_105,94,25.34,265.63,420.4,1208.44
ACT-001525,2026-03-26,PROD_LIVE,CUST_102,35,11.54,78.8,207.17,730.29
ACT-001526,2026-03-27,PROD_OTT,CUST_103,17,2.57,72.17,80.77,285.67
ACT-001527,2026-03-28,PROD_ENCODE,CUST_106,12,3.78,51.01,77.44,130.64
ACT-001528,2026-03-29,PROD_OTT,CUST_106,41,10.86,188.64,199.58,787.44
ACT-001529,2026-03-30,PROD_ENCODE,CUST_103,112,14.33,457.6,489.55,1734.17
ACT-001530,2026-03-01,PROD_LIVE,CUST_105,141,54.49,315.22,1130.95,2353.27
ACT-001531,2026-03-02,PROD_OTT,CUST_103,88,33.19,228.49,354.1,1670.01
ACT-001532,2026-03-03,PROD_OTT,CUST_106,125,40.18,425.83,718.26,2377.54
ACT-001533,2026-03-04,PROD_OTT,CUST_104,98,35.31,343.42,449.09,1191.31
ACT-001534,2026-03-05,PROD_LIVE,CUST_103,66,23.62,320.42,359.92,1014.45
ACT-001535,2026-03-06,PROD_VOD,CUST_103,126,40.37,427.14,886.27,1821.41
ACT-001536,2026-03-07,PROD_VOD,CUST_104,24,3.75,113.25,144.46,378.25
ACT-001537,2026-03-08,PROD_ENCODE,CUST_104,119,13.49,376.0,933.49,1674.46
ACT-001538,2026-03-09,PROD_OTT,CUST_106,47,10.71,227.75,306.68,868.41
ACT-001539,2026-03-10,PROD_OTT,CUST_103,63,8.87,270.25,348.25,794.39
ACT-001540,2026-03-11,PROD_VOD,CUST_106,76,9.06,305.33,310.38,1580.31
ACT-001541,2026-03-12,PROD_OTT,CUST_102,121,30.99,428.87,636.71,2167.37
ACT-001542,2026-03-13,PROD_ENCODE,CUST_101,11,1.12,24.22,87.57,117.06
ACT-001543,2026-03-14,PROD_ENCODE,CUST_101,109,31.57,391.69,796.62,1969.75
ACT-001544,2026-03-15,PROD_LIVE,CUST_104,30,8.1,105.54,223.63,352.4
ACT-001545,2026-03-16,PROD_VOD,CUST_105,146,35.53,556.52,668.38,1993.2
ACT-001546,2026-03-17,PROD_VOD,CUST_105,28,6.71,86.41,182.73,227.79
ACT-001547,2026-03-18,PROD_VOD,CUST_105,120,37.66,486.12,709.97,1215.25
ACT-001548,2026-03-19,PROD_ENCODE,CUST_102,88,24.56,198.84,419.95,1479.42
ACT-001549,2026-03-20,PROD_LIVE,CUST_102,140,18.51,614.32,1260.4,3196.08
ACT-001550,2026-03-21,PROD_OTT,CUST_106,30,7.39,104.03,133.99,282.56
ACT-001551,2026-03-22,PROD_ENCODE,CUST_103,72,9.7,214.45,596.1,1546.76
ACT-001552,2026-03-23,PROD_ENCODE,CUST_106,119,40.46,517.68,722.07,2199.89
ACT-001553,2026-03-24,PROD_ENCODE,CUST_104,104,12.35,476.75,963.96,1398.62
ACT-001554,2026-03-25,PROD_ENCODE,CUST_106,96,12.78,253.78,447.19,1044.64
ACT-001555,2026-03-26,PROD_VOD,CUST_103,74,19.27,191.13,372.44,709.0
ACT-001556,2026-03-27,PROD_LIVE,CUST_103,41,6.98,123.05,210.21,525.43
ACT-001557,2026-03-28,PROD_VOD,CUST_106,131,25.33,494.95,1188.61,3188.6
ACT-001558,2026-03-29,PROD_ENCODE,CUST_103,124,23.62,525.1,814.35,1656.66
ACT-001559,2026-03-30,PROD_OTT,CUST_105,46,6.19,208.93,419.98,749.95
ACT-001560,2026-03-01,PROD_LIVE,CUST_101,42,15.47,198.09,296.55,1006.75
ACT-001561,2026-03-02,PROD_ENCODE,CUST_103,20,7.4,61.08,106.15,182.14
ACT-001562,2026-03-03,PROD_VOD,CUST_102,89,29.3,279.26,384.78,1778.1
ACT-001563,2026-03-04,PROD_ENCODE,CUST_103,117,33.45,556.83,952.19,1371.87
ACT-001564,2026-03-05,PROD_ENCODE,CUST_103,85,20.72,295.45,456.52,805.4
ACT-001565,2026-03-06,PROD_OTT,CUST_106,71,20.76,252.47,580.53,1656.22
ACT-001566,2026-03-07,PROD_LIVE,CUST_103,32,3.44,99.39,216.08,744.12
ACT-001567,2026-03-08,PROD_ENCODE,CUST_104,107,22.47,459.38,1037.42,2262.68
ACT-001568,2026-03-09,PROD_ENCODE,CUST_104,22,7.92,102.87,118.77,542.13
ACT-001569,2026-03-10,PROD_ENCODE,CUST_106,134,31.66,393.18,612.35,3036.4
ACT-001570,2026-03-11,PROD_OTT,CUST_102,130,48.18,552.25,1114.29,2188.7
ACT-001571,2026-03-12,PROD_VOD,CUST_101,65,19.59,308.34,273.72,1332.99
ACT-001572,2026-03-13,PROD_OTT,CUST_106,140,21.69,589.12,655.22,3220.99
ACT-001573,2026-03-14,PROD_LIVE,CUST_106,44,15.17,208.81,231.75,848.91
ACT-001574,2026-03-15,PROD_ENCODE,CUST_104,111,20.47,367.05,683.52,2477.89
ACT-001575,2026-03-16,PROD_OTT,CUST_104,140,47.21,489.32,1321.01,2600.82
ACT-001576,2026-03-17,PROD_OTT,CUST_103,138,39.71,576.28,1064.71,3167.03
ACT-001577,2026-03-18,PROD_ENCODE,CUST_106,132,16.58,379.74,1002.24,2083.99
ACT-001578,2026-03-19,PROD_OTT,CUST_104,27,7.94,103.58,258.83,486.31
ACT-001579,2026-03-20,PROD_LIVE,CUST_102,100,12.89,361.67,789.58,2254.76
ACT-001580,2026-03-21,PROD_LIVE,CUST_102,136,40.96,664.56,864.27,3068.56
ACT-001581,2026-03-22,PROD_OTT,CUST_102,14,1.49,35.87,88.36,304.84
ACT-001582,2026-03-23,PROD_VOD,CUST_106,68,27.12,315.16,645.67,846.33
ACT-001583,2026-03-24,PROD_VOD,CUST_103,53,5.93,176.43,341.43,1184.36
ACT-001584,2026-03-25,PROD_LIVE,CUST_102,96,14.72,354.1,729.71,1545.46
ACT-001585,2026-03-26,PROD_VOD,CUST_102,116,41.63,256.59,485.07,1461.37
ACT-001586,2026-03-27,PROD_LIVE,CUST_106,132,15.33,570.02,691.16,3203.31
ACT-001587,2026-03-28,PROD_ENCODE,CUST_104,27,3.86,114.84,180.68,441.33
ACT-001588,2026-03-29,PROD_LIVE,CUST_101,60,12.03,233.58,385.45,549.61
ACT-001589,2026-03-30,PROD_OTT,CUST_106,68,26.94,160.58,574.34,1624.29
ACT-001590,2026-03-01,PROD_LIVE,CUST_106,87,23.28,391.92,648.87,1562.76
ACT-001591,2026-03-02,PROD_OTT,CUST_102,26,3.99,128.81,111.88,437.75
ACT-001592,2026-03-03,PROD_OTT,CUST_105,20,3.87,98.34,83.54,219.63
ACT-001593,2026-03-04,PROD_VOD,CUST_106,125,13.7,401.67,688.65,2879.46
ACT-001594,2026-03-05,PROD_ENCODE,CUST_106,73,12.07,190.8,649.96,769.04
ACT-001595,2026-03-06,PROD_VOD,CUST_103,122,16.74,431.6,1145.78,2782.7
ACT-001596,2026-03-07,PROD_ENCODE,CUST_102,29,9.51,126.18,197.61,652.8
ACT-001597,2026-03-08,PROD_OTT,CUST_106,46,17.87,180.57,233.03,395.42
ACT-001598,2026-03-09,PROD_VOD,CUST_104,44,10.94,123.32,378.48,412.52
ACT-001599,2026-03-10,PROD_OTT,CUST_101,132,43.56,653.89,1107.78,2156.32
ACT-001600,2026-03-11,PROD_ENCODE,CUST_102,30,5.02,84.65,130.87,681.84
ACT-001601,2026-03-12,PROD_OTT,CUST_105,109,37.6,421.5,710.51,2065.1
ACT-001602,2026-03-13,PROD_OTT,CUST_101,111,24.16,382.31,628.05,1801.75
ACT-001603,2026-03-14,PROD_ENCODE,CUST_103,146,54.1,481.87,1028.52,1572.34
ACT-001604,2026-03-15,PROD_LIVE,CUST_104,140,29.63,595.33,948.49,2729.1
ACT-001605,2026-03-16,PROD_ENCODE,CUST_101,55,6.59,207.47,539.25,1238.74
ACT-001606,2026-03-17,PROD_VOD,CUST_104,107,33.85,367.53,855.48,2224.09
ACT-001607,2026-03-18,PROD_ENCODE,CUST_106,12,1.21,30.17,79.58,271.81
ACT-001608,2026-03-19,PROD_LIVE,CUST_106,80,15.35,203.93,562.77,1792.88
ACT-001609,2026-03-20,PROD_LIVE,CUST_101,12,1.99,43.62,84.05,249.96
ACT-001610,2026-03-21,PROD_ENCODE,CUST_103,118,43.59,356.53,871.34,2424.0
ACT-001611,2026-03-22,PROD_VOD,CUST_106,148,33.21,582.62,1323.45,1948.93
ACT-001612,2026-03-23,PROD_ENCODE,CUST_106,79,22.17,203.84,400.57,913.39
ACT-001613,2026-03-24,PROD_LIVE,CUST_102,106,28.18,508.21,742.77,894.19
ACT-001614,2026-03-25,PROD_LIVE,CUST_104,103,21.8,511.38,901.79,1754.3
ACT-001615,2026-03-26,PROD_OTT,CUST_103,133,41.44,623.91,1239.69,1548.68
ACT-001616,2026-03-27,PROD_LIVE,CUST_103,117,21.8,240.34,822.7,1378.55
ACT-001617,2026-03-28,PROD_LIVE,CUST_102,98,38.57,304.97,544.11,1014.11
ACT-001618,2026-03-29,PROD_ENCODE,CUST_104,88,28.67,358.74,549.18,1841.52
ACT-001619,2026-03-30,PROD_OTT,CUST_103,104,40.59,409.82,692.76,1005.34
ACT-001620,2026-03-01,PROD_LIVE,CUST_106,118,26.73,287.5,937.64,1929.57
ACT-001621,2026-03-02,PROD_ENCODE,CUST_101,61,24.03,149.86,493.01,1008.9
ACT-001622,2026-03-03,PROD_ENCODE,CUST_101,25,2.87,69.13,178.84,559.32
ACT-001623,2026-03-04,PROD_ENCODE,CUST_103,38,10.97,150.7,206.56,693.54
ACT-001624,2026-03-05,PROD_ENCODE,CUST_105,132,37.08,524.58,1127.41,2826.33
ACT-001625,2026-03-06,PROD_LIVE,CUST_105,61,10.6,157.81,315.71,950.61
ACT-001626,2026-03-07,PROD_ENCODE,CUST_105,141,22.99,586.44,901.18,2520.3
ACT-001627,2026-03-08,PROD_LIVE,CUST_103,141,19.29,471.26,1035.47,2853.64
ACT-001628,2026-03-09,PROD_VOD,CUST_104,99,15.26,240.19,593.58,1618.61
ACT-001629,2026-03-10,PROD_LIVE,CUST_104,149,58.48,402.08,1160.83,1529.07
ACT-001630,2026-03-11,PROD_VOD,CUST_104,142,25.09,673.69,912.1,2745.88
ACT-001631,2026-03-12,PROD_LIVE,CUST_103,55,15.31,248.22,423.54,768.06
ACT-001632,2026-03-13,PROD_ENCODE,CUST_104,49,19.56,120.68,390.82,753.46
ACT-001633,2026-03-14,PROD_VOD,CUST_101,125,27.66,421.34,1235.7,2713.89
ACT-001634,2026-03-15,PROD_ENCODE,CUST_104,68,21.11,234.36,489.37,622.16
ACT-001635,2026-03-16,PROD_VOD,CUST_103,122,21.89,401.45,1183.12,2166.81
ACT-001636,2026-03-17,PROD_LIVE,CUST_102,18,3.75,73.38,102.31,348.6
ACT-001637,2026-03-18,PROD_LIVE,CUST_103,45,9.74,97.47,243.55,475.84
ACT-001638,2026-03-19,PROD_ENCODE,CUST_104,58,12.58,134.91,418.72,1233.01
ACT-001639,2026-03-20,PROD_VOD,CUST_105,147,51.03,626.64,659.5,1528.94
ACT-001640,2026-03-21,PROD_OTT,CUST_101,112,19.2,346.41,765.56,1399.43
ACT-001641,2026-03-22,PROD_ENCODE,CUST_102,150,30.67,644.47,1327.2,2884.33
ACT-001642,2026-03-23,PROD_OTT,CUST_101,12,2.87,43.9,96.74,157.01
ACT-001643,2026-03-24,PROD_LIVE,CUST_105,100,25.74,461.92,404.97,1784.2
ACT-001644,2026-03-25,PROD_ENCODE,CUST_104,51,17.1,251.32,401.33,1167.93
ACT-001645,2026-03-26,PROD_OTT,CUST_106,14,5.31,30.72,78.45,118.83
ACT-001646,2026-03-27,PROD_ENCODE,CUST_106,67,13.63,256.08,418.63,793.05
ACT-001647,2026-03-28,PROD_OTT,CUST_103,70,27.82,316.58,539.82,1026.18
ACT-001648,2026-03-29,PROD_VOD,CUST_104,137,43.36,509.86,1070.8,2159.25
ACT-001649,2026-03-30,PROD_LIVE,CUST_102,46,14.23,134.43,434.46,939.22
ACT-001650,2026-03-01,PROD_VOD,CUST_103,71,12.15,149.27,346.95,581.41
ACT-001651,2026-03-02,PROD_ENCODE,CUST_103,25,8.92,85.72,162.92,571.07
ACT-001652,2026-03-03,PROD_ENCODE,CUST_106,121,37.28,330.3,874.24,1047.61
ACT-001653,2026-03-04,PROD_OTT,CUST_101,74,15.36,341.33,463.54,1339.68
ACT-001654,2026-03-05,PROD_VOD,CUST_101,121,30.82,558.81,596.49,2935.68
ACT-001655,2026-03-06,PROD_VOD,CUST_104,97,35.09,209.91,622.28,2191.95
ACT-001656,2026-03-07,PROD_VOD,CUST_103,103,26.67,492.55,985.47,1207.55
ACT-001657,2026-03-08,PROD_LIVE,CUST_102,76,13.44,233.15,502.88,844.1
ACT-001658,2026-03-09,PROD_LIVE,CUST_102,34,6.5,167.2,337.06,450.68
ACT-001659,2026-03-10,PROD_VOD,CUST_102,105,31.16,496.63,673.28,1910.46
ACT-001660,2026-03-11,PROD_LIVE,CUST_101,71,18.85,209.49,532.7,1276.82
ACT-001661,2026-03-12,PROD_VOD,CUST_104,13,2.66,51.71,111.58,236.1
ACT-001662,2026-03-13,PROD_VOD,CUST_101,120,41.6,315.12,1130.48,2287.61
ACT-001663,2026-03-14,PROD_VOD,CUST_102,142,50.48,408.08,1168.6,2349.01
ACT-001664,2026-03-15,PROD_VOD,CUST_101,126,43.88,623.01,1023.25,2245.88
ACT-001665,2026-03-16,PROD_LIVE,CUST_105,47,5.68,138.27,341.75,1086.44
ACT-001666,2026-03-17,PROD_ENCODE,CUST_102,139,37.93,669.64,562.21,2628.46
ACT-001667,2026-03-18,PROD_OTT,CUST_101,102,14.62,357.75,436.97,1480.69
ACT-001668,2026-03-19,PROD_VOD,CUST_105,58,18.75,215.35,284.12,866.68
ACT-001669,2026-03-20,PROD_OTT,CUST_106,149,30.72,744.47,1103.13,2017.63
ACT-001670,2026-03-21,PROD_VOD,CUST_105,79,14.35,161.66,730.22,1362.07
ACT-001671,2026-03-22,PROD_ENCODE,CUST_103,88,20.92,340.26,450.6,1451.37
ACT-001672,2026-03-23,PROD_VOD,CUST_106,105,18.48,354.07,753.58,905.93
ACT-001673,2026-03-24,PROD_ENCODE,CUST_104,49,8.21,224.11,468.42,431.4
ACT-001674,2026-03-25,PROD_OTT,CUST_104,11,3.03,54.98,61.97,161.18
ACT-001675,2026-03-26,PROD_VOD,CUST_103,12,4.29,28.99,112.05,255.13
ACT-001676,2026-03-27,PROD_LIVE,CUST_103,23,5.18,89.36,210.65,353.21
ACT-001677,2026-03-28,PROD_VOD,CUST_103,17,6.72,65.5,153.11,382.39
ACT-001678,2026-03-29,PROD_OTT,CUST_106,127,29.01,438.67,1187.18,1475.35
ACT-001679,2026-03-30,PROD_ENCODE,CUST_105,73,20.08,348.96,427.07,914.79
ACT-001680,2026-03-01,PROD_ENCODE,CUST_102,20,6.23,59.54,98.29,395.93
ACT-001681,2026-03-02,PROD_ENCODE,CUST_101,41,4.43,138.03,387.0,517.58
ACT-001682,2026-03-03,PROD_VOD,CUST_103,57,9.99,225.55,285.57,553.59
ACT-001683,2026-03-04,PROD_VOD,CUST_102,121,35.62,518.57,581.04,1965.57
ACT-001684,2026-03-05,PROD_LIVE,CUST_106,37,12.39,179.27,323.13,300.68
ACT-001685,2026-03-06,PROD_LIVE,CUST_101,77,16.25,191.53,534.74,1822.07
ACT-001686,2026-03-07,PROD_VOD,CUST_102,89,19.2,391.65,749.99,985.36
ACT-001687,2026-03-08,PROD_ENCODE,CUST_103,49,16.71,159.28,314.6,1140.77
ACT-001688,2026-03-09,PROD_ENCODE,CUST_104,146,16.09,580.38,876.29,2542.53
ACT-001689,2026-03-10,PROD_VOD,CUST_101,102,37.97,380.19,622.0,2342.8
ACT-001690,2026-03-11,PROD_LIVE,CUST_105,39,7.73,175.36,358.45,347.23
ACT-001691,2026-03-12,PROD_VOD,CUST_103,79,13.13,286.81,642.24,1712.79
ACT-001692,2026-03-13,PROD_OTT,CUST_104,148,19.53,578.25,1445.7,2326.5
ACT-001693,2026-03-14,PROD_OTT,CUST_105,37,12.57,171.67,365.53,844.06
ACT-001694,2026-03-15,PROD_VOD,CUST_103,39,15.08,109.72,251.08,901.15
ACT-001695,2026-03-16,PROD_OTT,CUST_103,38,8.98,80.05,349.83,566.71
ACT-001696,2026-03-17,PROD_OTT,CUST_104,46,17.17,145.94,332.03,651.11
ACT-001697,2026-03-18,PROD_OTT,CUST_106,95,16.2,439.03,770.44,1115.03
ACT-001698,2026-03-19,PROD_ENCODE,CUST_104,120,24.98,463.46,733.58,2183.03
ACT-001699,2026-03-20,PROD_LIVE,CUST_106,68,12.42,324.24,597.39,813.34
ACT-001700,2026-03-21,PROD_VOD,CUST_104,56,8.7,184.08,314.51,1253.65
ACT-001701,2026-03-22,PROD_VOD,CUST_105,110,14.19,347.03,545.71,1846.28
ACT-001702,2026-03-23,PROD_ENCODE,CUST_102,95,24.82,207.04,593.21,1093.72
ACT-001703,2026-03-24,PROD_VOD,CUST_106,102,12.71,265.1,822.66,1157.55
ACT-001704,2026-03-25,PROD_ENCODE,CUST_101,37,14.2,173.53,184.38,614.75
ACT-001705,2026-03-26,PROD_ENCODE,CUST_102,86,16.51,424.33,642.06,967.88
ACT-001706,2026-03-27,PROD_LIVE,CUST_106,54,9.07,208.54,477.25,533.2
ACT-001707,2026-03-28,PROD_ENCODE,CUST_101,114,30.47,529.35,692.83,1970.7
ACT-001708,2026-03-29,PROD_OTT,CUST_106,60,8.16,234.23,510.46,1190.14
ACT-001709,2026-03-30,PROD_ENCODE,CUST_103,13,3.36,37.99,73.36,295.22
ACT-001710,2026-03-01,PROD_LIVE,CUST_105,132,19.2,512.87,610.65,2149.06
ACT-001711,2026-03-02,PROD_ENCODE,CUST_103,122,29.95,453.26,1109.17,1774.21
ACT-001712,2026-03-03,PROD_LIVE,CUST_106,84,15.02,250.86,379.51,725.67
ACT-001713,2026-03-04,PROD_OTT,CUST_103,95,18.43,356.73,920.99,963.55
ACT-001714,2026-03-05,PROD_VOD,CUST_103,43,10.93,141.73,252.31,527.56
ACT-001715,2026-03-06,PROD_VOD,CUST_104,32,9.64,68.6,287.74,619.12
ACT-001716,2026-03-07,PROD_OTT,CUST_105,40,7.65,119.05,399.84,654.73
ACT-001717,2026-03-08,PROD_OTT,CUST_102,15,1.93,46.17,115.17,190.4
ACT-001718,2026-03-09,PROD_VOD,CUST_104,86,34.24,262.48,588.6,962.55
ACT-001719,2026-03-10,PROD_ENCODE,CUST_105,79,8.07,304.72,411.56,728.3
ACT-001720,2026-03-11,PROD_ENCODE,CUST_105,27,2.83,54.47,126.03,387.82
ACT-001721,2026-03-12,PROD_VOD,CUST_106,86,31.91,198.23,644.76,832.21
ACT-001722,2026-03-13,PROD_OTT,CUST_103,146,48.54,529.67,1335.15,2120.25
ACT-001723,2026-03-14,PROD_VOD,CUST_104,54,15.04,177.07,241.23,1229.69
ACT-001724,2026-03-15,PROD_VOD,CUST_105,75,12.93,267.1,698.21,1087.84
ACT-001725,2026-03-16,PROD_OTT,CUST_105,45,16.08,186.32,444.34,858.89
ACT-001726,2026-03-17,PROD_VOD,CUST_105,18,4.26,36.94,105.67,430.73
ACT-001727,2026-03-18,PROD_OTT,CUST_103,97,9.79,200.37,391.99,1883.41
ACT-001728,2026-03-19,PROD_OTT,CUST_103,41,12.39,157.6,289.86,912.53
ACT-001729,2026-03-20,PROD_ENCODE,CUST_102,64,7.41,162.05,501.05,922.85
ACT-001730,2026-03-21,PROD_LIVE,CUST_104,56,8.39,243.4,298.59,854.24
ACT-001731,2026-03-22,PROD_OTT,CUST_101,77,26.9,187.76,607.83,1781.8
ACT-001732,2026-03-23,PROD_OTT,CUST_105,22,3.92,59.43,115.83,491.41
ACT-001733,2026-03-24,PROD_LIVE,CUST_104,103,18.34,269.66,1008.58,2253.14
ACT-001734,2026-03-25,PROD_OTT,CUST_102,129,47.29,555.55,1168.84,1243.73
ACT-001735,2026-03-26,PROD_OTT,CUST_105,121,22.84,394.75,943.89,2662.9
ACT-001736,2026-03-27,PROD_VOD,CUST_105,127,18.66,351.25,516.44,1694.48
ACT-001737,2026-03-28,PROD_OTT,CUST_106,72,9.67,328.13,413.69,1544.34
ACT-001738,2026-03-29,PROD_VOD,CUST_106,61,14.05,198.84,506.49,1497.48
ACT-001739,2026-03-30,PROD_LIVE,CUST_106,102,38.48,474.88,514.08,886.61
ACT-001740,2026-03-01,PROD_ENCODE,CUST_102,148,48.21,551.38,754.64,1660.38
ACT-001741,2026-03-02,PROD_OTT,CUST_102,102,36.24,390.42,785.0,1748.5
ACT-001742,2026-03-03,PROD_OTT,CUST_105,86,18.08,405.41,635.66,915.5
ACT-001743,2026-03-04,PROD_VOD,CUST_106,133,24.42,459.97,672.4,1676.24
ACT-001744,2026-03-05,PROD_ENCODE,CUST_104,100,21.94,294.41,497.44,2238.2
ACT-001745,2026-03-06,PROD_OTT,CUST_104,61,15.91,200.35,393.27,847.9
ACT-001746,2026-03-07,PROD_ENCODE,CUST_101,63,7.82,126.61,315.37,1175.95
ACT-001747,2026-03-08,PROD_LIVE,CUST_102,142,35.2,618.85,1114.14,2778.2
ACT-001748,2026-03-09,PROD_OTT,CUST_102,28,5.33,117.92,148.03,601.35
ACT-001749,2026-03-10,PROD_OTT,CUST_106,94,30.68,316.05,694.04,1593.15
ACT-001750,2026-03-11,PROD_LIVE,CUST_105,118,43.15,579.59,869.84,1199.15
ACT-001751,2026-03-12,PROD_LIVE,CUST_103,83,13.66,321.19,427.76,1145.99
ACT-001752,2026-03-13,PROD_LIVE,CUST_103,54,21.02,165.02,374.82,1056.49
ACT-001753,2026-03-14,PROD_OTT,CUST_104,117,44.89,241.46,1019.97,2831.23
ACT-001754,2026-03-15,PROD_LIVE,CUST_106,75,18.08,366.56,514.12,1009.14
ACT-001755,2026-03-16,PROD_VOD,CUST_101,149,16.98,704.77,630.77,1732.39
ACT-001756,2026-03-17,PROD_VOD,CUST_102,55,20.19,228.1,289.18,756.26
ACT-001757,2026-03-18,PROD_OTT,CUST_101,55,7.09,244.17,416.78,649.87
ACT-001758,2026-03-19,PROD_LIVE,CUST_102,100,37.34,229.62,985.71,2390.31
ACT-001759,2026-03-20,PROD_ENCODE,CUST_102,44,9.84,219.89,209.69,572.64
ACT-001760,2026-03-21,PROD_OTT,CUST_102,131,17.28,515.88,733.6,1325.56
ACT-001761,2026-03-22,PROD_ENCODE,CUST_104,149,53.43,518.7,1043.04,1273.67
ACT-001762,2026-03-23,PROD_VOD,CUST_106,41,11.96,175.67,188.7,452.49
ACT-001763,2026-03-24,PROD_OTT,CUST_102,60,22.31,247.13,381.57,824.45
ACT-001764,2026-03-25,PROD_OTT,CUST_104,20,3.25,83.04,178.69,351.29
ACT-001765,2026-03-26,PROD_LIVE,CUST_101,18,6.53,82.05,120.0,317.68
ACT-001766,2026-03-27,PROD_LIVE,CUST_102,61,18.97,140.34,351.34,839.07
ACT-001767,2026-03-28,PROD_ENCODE,CUST_105,130,30.04,563.5,1011.4,1054.58
ACT-001768,2026-03-29,PROD_LIVE,CUST_102,94,21.51,194.18,757.21,1123.89
ACT-001769,2026-03-30,PROD_ENCODE,CUST_105,30,8.4,93.58,206.71,525.95
ACT-001770,2026-03-01,PROD_ENCODE,CUST_105,110,29.79,420.21,583.43,1861.02
ACT-001771,2026-03-02,PROD_VOD,CUST_105,41,15.01,159.2,235.44,1004.11
ACT-001772,2026-03-03,PROD_ENCODE,CUST_103,109,14.75,294.68,867.27,1981.25
ACT-001773,2026-03-04,PROD_VOD,CUST_101,46,8.59,142.0,215.21,1031.2
ACT-001774,2026-03-05,PROD_OTT,CUST_105,111,41.27,521.25,1057.61,1285.67
ACT-001775,2026-03-06,PROD_LIVE,CUST_102,52,18.92,109.34,365.46,1136.41
ACT-001776,2026-03-07,PROD_ENCODE,CUST_104,121,30.31,535.77,1162.97,1726.99
ACT-001777,2026-03-08,PROD_OTT,CUST_102,27,3.42,67.09,118.86,542.99
ACT-001778,2026-03-09,PROD_ENCODE,CUST_103,31,5.93,119.27,280.68,356.95
ACT-001779,2026-03-10,PROD_ENCODE,CUST_106,103,31.45,295.67,536.19,855.88
ACT-001780,2026-03-11,PROD_OTT,CUST_104,136,16.31,290.44,711.2,1215.24
ACT-001781,2026-03-12,PROD_LIVE,CUST_104,94,25.57,199.7,895.26,1624.18
ACT-001782,2026-03-13,PROD_OTT,CUST_105,108,30.56,412.96,1072.65,2457.0
ACT-001783,2026-03-14,PROD_OTT,CUST_102,75,27.79,192.38,417.78,952.59
ACT-001784,2026-03-15,PROD_OTT,CUST_102,35,5.27,144.26,342.71,606.19
ACT-001785,2026-03-16,PROD_VOD,CUST_104,45,13.18,192.77,384.28,1044.97
ACT-001786,2026-03-17,PROD_VOD,CUST_105,21,6.4,45.01,156.36,478.15
ACT-001787,2026-03-18,PROD_VOD,CUST_103,41,13.92,119.14,189.54,329.49
ACT-001788,2026-03-19,PROD_VOD,CUST_105,99,10.32,221.52,539.83,1240.08
ACT-001789,2026-03-20,PROD_OTT,CUST_106,51,19.95,207.27,482.12,1087.38
ACT-001790,2026-03-21,PROD_OTT,CUST_101,56,8.49,181.2,375.95,752.9
ACT-001791,2026-03-22,PROD_OTT,CUST_106,66,20.45,278.48,334.61,910.12
ACT-001792,2026-03-23,PROD_ENCODE,CUST_101,84,11.59,174.59,817.0,1319.67
ACT-001793,2026-03-24,PROD_OTT,CUST_102,104,31.39,497.88,852.36,2286.23
ACT-001794,2026-03-25,PROD_ENCODE,CUST_105,96,31.24,245.49,841.05,2313.62
ACT-001795,2026-03-26,PROD_ENCODE,CUST_105,55,5.82,126.15,433.68,535.47
ACT-001796,2026-03-27,PROD_LIVE,CUST_103,108,23.43,519.18,1004.65,2294.88
ACT-001797,2026-03-28,PROD_VOD,CUST_105,134,13.46,271.22,1148.53,2138.21
ACT-001798,2026-03-29,PROD_VOD,CUST_105,121,36.57,371.94,1147.44,2677.4
ACT-001799,2026-03-30,PROD_OTT,CUST_105,29,3.55,87.72,153.1,289.83
ACT-001800,2026-03-01,PROD_VOD,CUST_102,99,36.49,269.06,751.54,794.87
ACT-001801,2026-03-02,PROD_ENCODE,CUST_101,88,32.51,238.22,755.05,2081.86
ACT-001802,2026-03-03,PROD_ENCODE,CUST_102,104,16.59,234.96,502.33,2042.46
ACT-001803,2026-03-04,PROD_OTT,CUST_102,71,11.94,143.57,678.03,792.94
ACT-001804,2026-03-05,PROD_ENCODE,CUST_105,116,21.05,497.7,1101.68,1060.42
ACT-001805,2026-03-06,PROD_LIVE,CUST_101,35,7.25,132.46,245.66,643.06
ACT-001806,2026-03-07,PROD_OTT,CUST_102,46,10.29,151.67,207.99,604.66
ACT-001807,2026-03-08,PROD_LIVE,CUST_101,17,6.78,66.74,134.62,225.93
ACT-001808,2026-03-09,PROD_VOD,CUST_102,29,6.0,91.15,175.62,655.42
ACT-001809,2026-03-10,PROD_ENCODE,CUST_104,137,17.32,438.79,892.18,3208.29
ACT-001810,2026-03-11,PROD_LIVE,CUST_103,31,10.05,90.04,155.39,519.42
ACT-001811,2026-03-12,PROD_LIVE,CUST_102,45,16.4,182.74,404.29,751.31
ACT-001812,2026-03-13,PROD_OTT,CUST_106,57,19.79,215.85,488.69,1006.51
ACT-001813,2026-03-14,PROD_OTT,CUST_105,114,23.55,377.84,671.65,1376.93
ACT-001814,2026-03-15,PROD_LIVE,CUST_103,55,7.47,210.22,220.04,1078.95
ACT-001815,2026-03-16,PROD_OTT,CUST_101,120,22.38,291.72,1149.33,2888.33
ACT-001816,2026-03-17,PROD_VOD,CUST_103,81,9.09,236.89,800.26,1340.68
ACT-001817,2026-03-18,PROD_VOD,CUST_104,95,9.91,303.97,460.79,1784.55
ACT-001818,2026-03-19,PROD_LIVE,CUST_106,78,21.16,215.13,717.13,1520.06
ACT-001819,2026-03-20,PROD_LIVE,CUST_104,111,17.79,531.22,1066.27,1203.38
ACT-001820,2026-03-21,PROD_LIVE,CUST_106,28,4.37,129.39,271.13,348.47
ACT-001821,2026-03-22,PROD_OTT,CUST_103,61,13.19,198.53,481.12,1284.21
ACT-001822,2026-03-23,PROD_ENCODE,CUST_104,88,19.09,342.21,841.45,1282.06
ACT-001823,2026-03-24,PROD_ENCODE,CUST_106,59,5.98,257.47,480.59,678.74
ACT-001824,2026-03-25,PROD_LIVE,CUST_104,150,57.71,665.3,1346.88,1202.98
ACT-001825,2026-03-26,PROD_ENCODE,CUST_106,133,18.11,492.1,588.27,3001.06
ACT-001826,2026-03-27,PROD_OTT,CUST_105,34,12.14,103.89,198.87,537.68
ACT-001827,2026-03-28,PROD_ENCODE,CUST_101,116,37.32,509.08,843.13,2077.99
ACT-001828,2026-03-29,PROD_OTT,CUST_106,48,10.54,213.95,340.45,534.08
ACT-001829,2026-03-30,PROD_LIVE,CUST_105,127,34.28,524.77,562.58,2697.16
ACT-001830,2026-03-01,PROD_VOD,CUST_105,107,22.98,429.84,664.65,1164.73
ACT-001831,2026-03-02,PROD_LIVE,CUST_102,96,37.05,322.12,729.08,2254.92
ACT-001832,2026-03-03,PROD_OTT,CUST_101,118,31.92,303.7,1048.28,2706.17
ACT-001833,2026-03-04,PROD_LIVE,CUST_103,133,42.69,592.44,1298.28,2724.54
ACT-001834,2026-03-05,PROD_VOD,CUST_102,22,3.11,58.03,197.75,419.09
ACT-001835,2026-03-06,PROD_LIVE,CUST_105,102,29.74,458.71,837.77,2239.29
ACT-001836,2026-03-07,PROD_LIVE,CUST_105,49,19.33,103.17,240.82,556.1
ACT-001837,2026-03-08,PROD_LIVE,CUST_102,105,33.68,257.28,561.31,1805.58
ACT-001838,2026-03-09,PROD_OTT,CUST_101,37,11.46,180.26,287.08,919.89
ACT-001839,2026-03-10,PROD_ENCODE,CUST_106,130,48.85,355.02,1162.49,2051.59
ACT-001840,2026-03-11,PROD_LIVE,CUST_104,129,27.99,427.36,928.89,1374.92
ACT-001841,2026-03-12,PROD_ENCODE,CUST_101,85,13.15,321.25,535.43,1940.84
ACT-001842,2026-03-13,PROD_ENCODE,CUST_103,36,6.89,146.12,315.99,518.6
ACT-001843,2026-03-14,PROD_ENCODE,CUST_103,60,6.43,192.53,535.22,869.77
ACT-001844,2026-03-15,PROD_VOD,CUST_103,86,29.48,330.52,407.65,1427.39
ACT-001845,2026-03-16,PROD_ENCODE,CUST_102,22,3.34,82.95,98.45,253.97
ACT-001846,2026-03-17,PROD_VOD,CUST_105,79,13.53,311.31,593.3,1974.57
ACT-001847,2026-03-18,PROD_VOD,CUST_105,150,20.23,745.46,1230.68,2814.08
ACT-001848,2026-03-19,PROD_ENCODE,CUST_102,59,6.27,177.76,236.46,927.94
ACT-001849,2026-03-20,PROD_OTT,CUST_105,96,11.12,273.3,521.69,2193.26
ACT-001850,2026-03-21,PROD_ENCODE,CUST_101,52,14.1,242.35,509.0,541.6
ACT-001851,2026-03-22,PROD_OTT,CUST_106,77,25.31,179.75,670.25,729.19
ACT-001852,2026-03-23,PROD_ENCODE,CUST_105,64,25.2,312.62,566.62,809.03
ACT-001853,2026-03-24,PROD_VOD,CUST_105,144,47.52,712.12,675.07,3333.38
ACT-001854,2026-03-25,PROD_ENCODE,CUST_102,43,7.4,99.39,298.42,1059.6
ACT-001855,2026-03-26,PROD_OTT,CUST_104,85,10.45,231.94,549.57,909.37
ACT-001856,2026-03-27,PROD_ENCODE,CUST_106,95,26.63,224.82,565.99,1341.6
ACT-001857,2026-03-28,PROD_LIVE,CUST_105,99,12.39,326.2,583.0,1662.15
ACT-001858,2026-03-29,PROD_VOD,CUST_104,82,27.57,232.4,541.39,1802.58
ACT-001859,2026-03-30,PROD_OTT,CUST_104,37,12.84,92.94,350.17,332.92
ACT-001860,2026-03-01,PROD_VOD,CUST_101,55,19.23,217.07,530.17,927.52
ACT-001861,2026-03-02,PROD_OTT,CUST_106,40,14.07,146.11,286.16,942.68
ACT-001862,2026-03-03,PROD_VOD,CUST_101,83,17.86,198.78,713.42,1187.05
ACT-001863,2026-03-04,PROD_OTT,CUST_106,111,28.06,391.91,453.82,2368.52
ACT-001864,2026-03-05,PROD_VOD,CUST_105,39,13.83,159.11,234.76,463.04
ACT-001865,2026-03-06,PROD_VOD,CUST_104,136,46.93,433.25,660.57,1307.83
ACT-001866,2026-03-07,PROD_LIVE,CUST_104,145,53.48,531.32,818.95,2314.94
ACT-001867,2026-03-08,PROD_ENCODE,CUST_101,149,18.33,573.21,1350.31,2539.01
ACT-001868,2026-03-09,PROD_OTT,CUST_104,123,39.87,374.44,557.48,2339.81
ACT-001869,2026-03-10,PROD_OTT,CUST_104,69,27.42,342.9,505.67,768.72
ACT-001870,2026-03-11,PROD_LIVE,CUST_101,65,8.72,145.33,376.25,1084.85
ACT-001871,2026-03-12,PROD_OTT,CUST_106,33,11.53,95.79,178.34,417.73
ACT-001872,2026-03-13,PROD_OTT,CUST_103,107,28.9,384.94,805.95,1122.82
ACT-001873,2026-03-14,PROD_OTT,CUST_105,115,19.13,429.98,1037.11,950.69
ACT-001874,2026-03-15,PROD_VOD,CUST_101,125,28.24,520.04,956.8,1524.33
ACT-001875,2026-03-16,PROD_OTT,CUST_101,25,4.44,96.38,113.39,236.83
ACT-001876,2026-03-17,PROD_VOD,CUST_102,16,3.73,50.67,101.46,257.66
ACT-001877,2026-03-18,PROD_ENCODE,CUST_106,37,8.0,154.29,271.51,464.34
ACT-001878,2026-03-19,PROD_ENCODE,CUST_103,147,44.44,353.75,1153.34,1253.36
ACT-001879,2026-03-20,PROD_ENCODE,CUST_102,145,27.96,517.62,1304.99,1334.66
ACT-001880,2026-03-21,PROD_VOD,CUST_105,109,29.67,415.63,584.02,1392.3
ACT-001881,2026-03-22,PROD_OTT,CUST_101,93,19.62,225.67,887.54,1532.07
ACT-001882,2026-03-23,PROD_ENCODE,CUST_102,31,10.46,134.59,200.25,351.31
ACT-001883,2026-03-24,PROD_ENCODE,CUST_102,16,4.99,59.98,103.18,386.49
ACT-001884,2026-03-25,PROD_OTT,CUST_105,85,32.78,291.65,697.42,1928.84
ACT-001885,2026-03-26,PROD_VOD,CUST_105,17,2.02,36.85,149.79,258.39
ACT-001886,2026-03-27,PROD_ENCODE,CUST_102,122,17.11,499.31,1069.04,2607.58
ACT-001887,2026-03-28,PROD_LIVE,CUST_103,141,53.89,589.37,1344.57,2698.55
ACT-001888,2026-03-29,PROD_OTT,CUST_104,20,6.67,95.69,163.26,190.04
ACT-001889,2026-03-30,PROD_LIVE,CUST_104,91,19.7,276.58,831.89,1800.0
ACT-001890,2026-03-01,PROD_VOD,CUST_106,119,23.16,377.14,802.69,1630.05
ACT-001891,2026-03-02,PROD_VOD,CUST_101,40,5.68,192.46,164.31,675.17
ACT-001892,2026-03-03,PROD_VOD,CUST_106,96,27.63,413.19,494.46,1367.31
ACT-001893,2026-03-04,PROD_ENCODE,CUST_104,57,19.45,265.2,290.39,1155.07
ACT-001894,2026-03-05,PROD_OTT,CUST_102,98,23.34,218.99,408.63,1970.81
ACT-001895,2026-03-06,PROD_LIVE,CUST_102,98,35.43,374.58,761.31,1859.59
ACT-001896,2026-03-07,PROD_VOD,CUST_105,116,13.88,382.03,992.96,2291.04
ACT-001897,2026-03-08,PROD_LIVE,CUST_101,74,11.93,359.73,367.51,1350.47
ACT-001898,2026-03-09,PROD_ENCODE,CUST_105,105,17.33,470.25,498.04,2071.53
ACT-001899,2026-03-10,PROD_VOD,CUST_106,71,11.76,266.17,524.79,830.18
ACT-001900,2026-03-11,PROD_VOD,CUST_103,11,1.26,38.17,97.67,166.61
ACT-001901,2026-03-12,PROD_OTT,CUST_106,14,1.85,40.77,129.55,214.97
ACT-001902,2026-03-13,PROD_VOD,CUST_102,100,23.5,346.53,803.54,2188.67
ACT-001903,2026-03-14,PROD_VOD,CUST_105,93,26.34,225.9,883.73,1906.75
ACT-001904,2026-03-15,PROD_VOD,CUST_103,110,17.37,419.53,484.88,1992.42
ACT-001905,2026-03-16,PROD_VOD,CUST_105,59,19.5,192.34,330.42,1228.44
ACT-001906,2026-03-17,PROD_LIVE,CUST_104,44,9.79,208.04,285.47,660.94
ACT-001907,2026-03-18,PROD_LIVE,CUST_104,123,37.09,421.28,541.06,2901.82
ACT-001908,2026-03-19,PROD_ENCODE,CUST_103,57,15.92,236.41,460.93,1140.7
ACT-001909,2026-03-20,PROD_LIVE,CUST_106,108,30.98,331.84,608.3,1855.91
ACT-001910,2026-03-21,PROD_ENCODE,CUST_105,149,47.48,598.21,832.72,2940.17
ACT-001911,2026-03-22,PROD_OTT,CUST_103,51,17.26,217.09,348.53,721.52
ACT-001912,2026-03-23,PROD_ENCODE,CUST_103,96,10.78,315.83,536.94,2143.11
ACT-001913,2026-03-24,PROD_VOD,CUST_105,147,38.2,656.13,927.97,2466.97
ACT-001914,2026-03-25,PROD_OTT,CUST_101,35,5.87,130.27,333.23,399.54
ACT-001915,2026-03-26,PROD_ENCODE,CUST_101,122,45.91,550.68,547.07,2792.14
ACT-001916,2026-03-27,PROD_VOD,CUST_101,71,12.99,274.79,563.58,1217.32
ACT-001917,2026-03-28,PROD_OTT,CUST_102,54,14.24,231.81,240.35,1255.71
ACT-001918,2026-03-29,PROD_VOD,CUST_103,109,16.68,373.25,722.1,2220.35
ACT-001919,2026-03-30,PROD_OTT,CUST_104,57,9.39,227.41,392.68,676.19
ACT-001920,2026-03-01,PROD_VOD,CUST_105,12,2.07,35.47,69.36,176.94
ACT-001921,2026-03-02,PROD_OTT,CUST_102,55,19.28,271.13,530.74,479.27
ACT-001922,2026-03-03,PROD_OTT,CUST_103,109,29.28,251.26,737.16,2202.36
ACT-001923,2026-03-04,PROD_LIVE,CUST_101,130,35.08,261.16,1003.91,2576.13
ACT-001924,2026-03-05,PROD_OTT,CUST_104,124,28.0,421.12,939.94,1776.65
ACT-001925,2026-03-06,PROD_VOD,CUST_101,65,20.44,198.46,544.34,700.1
ACT-001926,2026-03-07,PROD_ENCODE,CUST_106,111,15.53,240.9,1107.01,2068.96
ACT-001927,2026-03-08,PROD_VOD,CUST_102,144,15.52,483.97,1366.85,2597.14
ACT-001928,2026-03-09,PROD_OTT,CUST_103,15,1.61,32.47,83.11,189.92
ACT-001929,2026-03-10,PROD_OTT,CUST_104,107,32.53,227.25,1010.65,2178.54
ACT-001930,2026-03-11,PROD_LIVE,CUST_104,105,24.16,462.61,990.23,1174.48
ACT-001931,2026-03-12,PROD_LIVE,CUST_101,125,24.47,463.09,1116.78,2192.89
ACT-001932,2026-03-13,PROD_VOD,CUST_103,59,14.03,138.8,316.3,951.54
ACT-001933,2026-03-14,PROD_ENCODE,CUST_106,17,6.63,67.92,86.84,330.14
ACT-001934,2026-03-15,PROD_LIVE,CUST_102,81,20.72,309.7,727.81,841.85
ACT-001935,2026-03-16,PROD_ENCODE,CUST_104,103,23.29,353.04,983.04,2462.1
ACT-001936,2026-03-17,PROD_ENCODE,CUST_105,93,15.01,237.96,437.15,1949.35
ACT-001937,2026-03-18,PROD_OTT,CUST_102,117,34.5,431.11,824.82,2030.58
ACT-001938,2026-03-19,PROD_VOD,CUST_104,122,25.34,561.77,1172.65,1882.78
ACT-001939,2026-03-20,PROD_OTT,CUST_105,96,29.09,318.43,598.11,2108.83
ACT-001940,2026-03-21,PROD_OTT,CUST_101,55,10.07,183.99,299.89,800.83
ACT-001941,2026-03-22,PROD_LIVE,CUST_106,102,12.99,309.84,520.36,1720.06
ACT-001942,2026-03-23,PROD_LIVE,CUST_103,37,4.66,125.83,265.73,447.29
ACT-001943,2026-03-24,PROD_VOD,CUST_103,82,21.97,281.7,566.73,1075.0
ACT-001944,2026-03-25,PROD_ENCODE,CUST_102,124,36.91,276.77,1216.89,1030.41
ACT-001945,2026-03-26,PROD_VOD,CUST_105,147,34.05,636.24,1469.59,3226.31
ACT-001946,2026-03-27,PROD_ENCODE,CUST_104,117,45.7,541.08,936.49,1941.47
ACT-001947,2026-03-28,PROD_ENCODE,CUST_104,82,26.17,206.98,332.51,1612.35
ACT-001948,2026-03-29,PROD_VOD,CUST_106,93,22.43,456.05,597.12,972.05
ACT-001949,2026-03-30,PROD_VOD,CUST_104,63,11.25,202.92,287.02,1276.44
ACT-001950,2026-03-01,PROD_OTT,CUST_101,98,16.64,235.0,564.33,903.53
ACT-001951,2026-03-02,PROD_LIVE,CUST_106,143,19.68,550.16,1122.52,2321.29
ACT-001952,2026-03-03,PROD_VOD,CUST_105,120,35.79,393.8,1047.24,2838.28
ACT-001953,2026-03-04,PROD_OTT,CUST_104,114,39.03,495.9,526.1,939.28
ACT-001954,2026-03-05,PROD_OTT,CUST_105,70,19.9,237.25,324.95,1627.91
ACT-001955,2026-03-06,PROD_OTT,CUST_103,52,8.07,152.09,438.25,648.46
ACT-001956,2026-03-07,PROD_ENCODE,CUST_103,95,13.89,377.56,799.27,1343.49
ACT-001957,2026-03-08,PROD_ENCODE,CUST_105,125,48.72,613.03,646.74,1673.98
ACT-001958,2026-03-09,PROD_ENCODE,CUST_105,71,10.07,342.37,360.64,1531.32
ACT-001959,2026-03-10,PROD_ENCODE,CUST_106,41,5.12,162.26,287.12,369.73
ACT-001960,2026-03-11,PROD_VOD,CUST_106,81,22.7,174.51,673.83,1991.21
ACT-001961,2026-03-12,PROD_OTT,CUST_104,90,31.02,269.87,601.19,1463.41
ACT-001962,2026-03-13,PROD_OTT,CUST_106,65,9.42,165.19,604.54,595.46
ACT-001963,2026-03-14,PROD_LIVE,CUST_106,26,6.89,116.22,141.6,380.48
ACT-001964,2026-03-15,PROD_OTT,CUST_105,142,24.81,534.33,1114.25,2401.83
ACT-001965,2026-03-16,PROD_ENCODE,CUST_105,142,48.83,495.83,685.75,3502.92
ACT-001966,2026-03-17,PROD_ENCODE,CUST_103,140,25.46,420.66,679.01,1374.73
ACT-001967,2026-03-18,PROD_LIVE,CUST_104,23,6.61,63.9,133.24,516.08
ACT-001968,2026-03-19,PROD_OTT,CUST_103,148,58.2,618.46,1126.49,2139.08
ACT-001969,2026-03-20,PROD_VOD,CUST_105,86,20.66,223.2,372.2,1297.18
ACT-001970,2026-03-21,PROD_ENCODE,CUST_103,113,35.72,338.41,1059.29,2675.16
ACT-001971,2026-03-22,PROD_ENCODE,CUST_102,78,14.07,226.32,736.91,1910.04
ACT-001972,2026-03-23,PROD_VOD,CUST_102,145,44.27,636.56,1177.98,1265.7
ACT-001973,2026-03-24,PROD_LIVE,CUST_104,88,24.27,356.97,788.77,1584.98
ACT-001974,2026-03-25,PROD_VOD,CUST_106,30,4.29,63.43,292.36,277.73
ACT-001975,2026-03-26,PROD_VOD,CUST_102,139,28.66,365.66,981.03,1187.73
ACT-001976,2026-03-27,PROD_OTT,CUST_101,109,32.78,272.01,586.37,886.55
ACT-001977,2026-03-28,PROD_ENCODE,CUST_104,131,27.71,503.49,1114.21,1505.96
ACT-001978,2026-03-29,PROD_LIVE,CUST_106,120,12.96,327.09,1027.3,1907.16
ACT-001979,2026-03-30,PROD_OTT,CUST_102,51,11.62,248.14,473.48,676.4
ACT-001980,2026-03-01,PROD_OTT,CUST_106,66,8.14,144.25,582.98,762.34
ACT-001981,2026-03-02,PROD_LIVE,CUST_102,149,56.55,659.19,1321.04,1806.77
ACT-001982,2026-03-03,PROD_ENCODE,CUST_104,70,8.16,214.66,424.0,767.09
ACT-001983,2026-03-04,PROD_ENCODE,CUST_106,81,26.62,308.41,621.8,1399.19
ACT-001984,2026-03-05,PROD_LIVE,CUST_103,62,7.93,149.33,495.49,580.25
ACT-001985,2026-03-06,PROD_OTT,CUST_103,138,34.58,491.16,1160.95,1499.07
ACT-001986,2026-03-07,PROD_LIVE,CUST_101,132,34.72,369.83,629.06,2796.34
ACT-001987,2026-03-08,PROD_OTT,CUST_104,15,4.48,50.27,65.26,247.05
ACT-001988,2026-03-09,PROD_LIVE,CUST_103,74,27.33,329.62,429.4,1630.76
ACT-001989,2026-03-10,PROD_ENCODE,CUST_103,122,14.74,328.38,568.65,2652.35
ACT-001990,2026-03-11,PROD_ENCODE,CUST_105,134,21.88,538.86,640.94,1430.36
ACT-001991,2026-03-12,PROD_OTT,CUST_103,119,43.53,442.17,675.75,1816.68
ACT-001992,2026-03-13,PROD_OTT,CUST_103,141,23.14,324.11,574.63,2500.38
ACT-001993,2026-03-14,PROD_LIVE,CUST_103,98,24.6,336.01,614.27,1918.98
ACT-001994,2026-03-15,PROD_ENCODE,CUST_103,18,6.33,62.51,79.66,191.31
ACT-001995,2026-03-16,PROD_OTT,CUST_102,38,12.3,95.72,277.35,587.51
ACT-001996,2026-03-17,PROD_LIVE,CUST_105,150,16.4,412.24,1478.27,3581.12
ACT-001997,2026-03-18,PROD_OTT,CUST_105,136,15.31,536.65,1216.65,2426.21
ACT-001998,2026-03-19,PROD_VOD,CUST_106,39,10.49,125.35,303.56,489.09
ACT-001999,2026-03-20,PROD_LIVE,CUST_103,115,16.45,430.5,1003.86,1256.58
ACT-002000,2026-03-21,PROD_VOD,CUST_101,140,33.81,568.32,1366.85,1215.41
ACT-002001,2026-03-22,PROD_LIVE,CUST_102,42,16.65,129.23,201.08,455.1
ACT-002002,2026-03-23,PROD_LIVE,CUST_105,101,21.72,434.2,724.66,1715.16
ACT-002003,2026-03-24,PROD_OTT,CUST_104,108,13.1,360.82,973.6,892.47
ACT-002004,2026-03-25,PROD_VOD,CUST_103,130,46.67,330.73,1150.9,2862.02
ACT-002005,2026-03-26,PROD_VOD,CUST_101,134,21.1,285.68,851.3,1810.52
ACT-002006,2026-03-27,PROD_ENCODE,CUST_105,145,41.89,508.66,981.98,2218.99
ACT-002007,2026-03-28,PROD_VOD,CUST_102,129,49.59,334.18,844.73,1555.3
ACT-002008,2026-03-29,PROD_OTT,CUST_101,49,15.02,230.26,296.04,720.14
ACT-002009,2026-03-30,PROD_LIVE,CUST_102,128,42.93,621.27,1228.68,2536.31
ACT-002010,2026-03-01,PROD_OTT,CUST_102,80,29.96,318.65,772.99,1467.45
ACT-002011,2026-03-02,PROD_OTT,CUST_106,90,20.64,260.94,649.9,1299.71
ACT-002012,2026-03-03,PROD_ENCODE,CUST_106,75,16.76,342.81,354.05,811.43
ACT-002013,2026-03-04,PROD_OTT,CUST_101,14,1.42,65.97,57.14,278.03
ACT-002014,2026-03-05,PROD_LIVE,CUST_104,77,12.12,271.94,533.97,743.79
ACT-002015,2026-03-06,PROD_ENCODE,CUST_102,139,47.75,357.43,706.49,1880.26
ACT-002016,2026-03-07,PROD_LIVE,CUST_102,133,30.36,573.47,663.22,2715.25
ACT-002017,2026-03-08,PROD_LIVE,CUST_106,70,12.64,149.32,423.77,701.14
ACT-002018,2026-03-09,PROD_ENCODE,CUST_104,104,24.81,519.75,1039.18,1604.78
ACT-002019,2026-03-10,PROD_VOD,CUST_106,22,2.44,102.55,167.0,494.82
ACT-002020,2026-03-11,PROD_VOD,CUST_105,107,15.92,448.89,748.73,2224.17
ACT-002021,2026-03-12,PROD_LIVE,CUST_106,62,24.0,218.53,462.98,796.57
ACT-002022,2026-03-13,PROD_LIVE,CUST_104,109,42.42,510.79,492.37,1465.02
ACT-002023,2026-03-14,PROD_OTT,CUST_106,99,29.98,212.21,407.21,1601.38
ACT-002024,2026-03-15,PROD_ENCODE,CUST_103,127,25.22,614.78,669.54,2114.86
ACT-002025,2026-03-16,PROD_LIVE,CUST_106,44,16.78,152.84,351.64,754.05
ACT-002026,2026-03-17,PROD_OTT,CUST_103,109,28.43,426.69,446.81,2109.11
ACT-002027,2026-03-18,PROD_VOD,CUST_102,139,29.2,689.99,1120.05,3126.72
ACT-002028,2026-03-19,PROD_OTT,CUST_102,67,9.93,214.99,380.49,904.1
ACT-002029,2026-03-20,PROD_VOD,CUST_101,130,46.61,634.11,1269.88,1591.62
ACT-002030,2026-03-21,PROD_ENCODE,CUST_106,19,2.28,62.07,97.96,166.28
ACT-002031,2026-03-22,PROD_OTT,CUST_106,134,16.73,458.14,723.3,2500.36
ACT-002032,2026-03-23,PROD_LIVE,CUST_104,52,15.3,178.96,305.83,1166.8
ACT-002033,2026-03-24,PROD_VOD,CUST_104,15,2.85,52.74,115.46,218.99
ACT-002034,2026-03-25,PROD_OTT,CUST_104,113,40.58,260.01,1007.86,2555.58
ACT-002035,2026-03-26,PROD_LIVE,CUST_105,43,15.44,177.09,426.65,572.96
ACT-002036,2026-03-27,PROD_ENCODE,CUST_103,66,13.75,292.16,272.85,1081.2
ACT-002037,2026-03-28,PROD_LIVE,CUST_102,106,16.9,516.57,791.77,2617.45
ACT-002038,2026-03-29,PROD_LIVE,CUST_105,114,45.21,260.3,925.25,1144.71
ACT-002039,2026-03-30,PROD_ENCODE,CUST_103,111,29.26,294.58,1044.32,2132.63
ACT-002040,2026-03-01,PROD_ENCODE,CUST_103,53,8.04,172.15,475.09,935.58
ACT-002041,2026-03-02,PROD_LIVE,CUST_103,97,25.09,264.02,394.31,2094.8
ACT-002042,2026-03-03,PROD_OTT,CUST_105,25,7.48,103.1,216.56,356.5
ACT-002043,2026-03-04,PROD_LIVE,CUST_103,84,23.95,349.2,770.59,1395.93
ACT-002044,2026-03-05,PROD_OTT,CUST_102,84,33.12,398.53,456.96,794.01
ACT-002045,2026-03-06,PROD_LIVE,CUST_104,51,19.42,231.39,451.9,791.64
ACT-002046,2026-03-07,PROD_LIVE,CUST_103,22,5.48,99.13,170.67,246.28
ACT-002047,2026-03-08,PROD_VOD,CUST_105,32,6.91,109.49,300.53,523.15
ACT-002048,2026-03-09,PROD_VOD,CUST_101,11,1.85,23.43,47.52,259.37
ACT-002049,2026-03-10,PROD_LIVE,CUST_104,26,6.49,76.91,222.07,323.68
ACT-002050,2026-03-11,PROD_ENCODE,CUST_106,26,6.52,101.83,104.9,558.24
ACT-002051,2026-03-12,PROD_VOD,CUST_101,33,5.55,71.84,297.96,622.02
ACT-002052,2026-03-13,PROD_VOD,CUST_103,150,41.49,414.87,607.22,1438.81
ACT-002053,2026-03-14,PROD_LIVE,CUST_106,51,6.77,203.06,374.92,1037.93
ACT-002054,2026-03-15,PROD_VOD,CUST_105,48,11.51,166.85,234.41,619.49
ACT-002055,2026-03-16,PROD_ENCODE,CUST_106,117,45.07,347.13,521.0,2390.82
ACT-002056,2026-03-17,PROD_OTT,CUST_104,35,7.42,142.27,254.52,772.99
ACT-002057,2026-03-18,PROD_LIVE,CUST_104,94,26.91,312.96,650.89,823.11
ACT-002058,2026-03-19,PROD_VOD,CUST_103,141,33.62,703.08,664.42,1571.74
ACT-002059,2026-03-20,PROD_VOD,CUST_105,67,11.18,238.96,320.78,1385.55
ACT-002060,2026-03-21,PROD_OTT,CUST_104,41,11.07,147.77,361.61,732.71
ACT-002061,2026-03-22,PROD_VOD,CUST_102,106,23.42,429.36,793.05,1541.83
ACT-002062,2026-03-23,PROD_LIVE,CUST_106,127,45.82,510.82,1022.4,2100.61
ACT-002063,2026-03-24,PROD_ENCODE,CUST_106,106,21.89,504.63,927.24,2517.23
ACT-002064,2026-03-25,PROD_ENCODE,CUST_103,125,29.09,607.56,950.35,2933.0
ACT-002065,2026-03-26,PROD_ENCODE,CUST_104,133,21.84,531.49,1174.97,2210.24
ACT-002066,2026-03-27,PROD_VOD,CUST_104,91,10.03,404.48,650.37,1025.24
ACT-002067,2026-03-28,PROD_LIVE,CUST_104,70,24.6,187.04,380.3,1116.48
ACT-002068,2026-03-29,PROD_OTT,CUST_106,33,12.47,137.17,217.93,579.5
ACT-002069,2026-03-30,PROD_ENCODE,CUST_103,124,14.34,339.47,1105.39,2899.12
ACT-002070,2026-03-01,PROD_OTT,CUST_103,113,11.4,478.02,695.67,1060.29
ACT-002071,2026-03-02,PROD_ENCODE,CUST_102,44,5.28,116.76,344.48,736.44
ACT-002072,2026-03-03,PROD_ENCODE,CUST_106,52,17.66,183.24,484.83,1285.09
ACT-002073,2026-03-04,PROD_LIVE,CUST_105,98,19.61,417.04,872.38,1447.65
ACT-002074,2026-03-05,PROD_LIVE,CUST_101,141,36.21,373.07,1252.82,1204.42
ACT-002075,2026-03-06,PROD_VOD,CUST_106,12,2.7,30.78,95.68,112.95
ACT-002076,2026-03-07,PROD_OTT,CUST_102,88,16.55,196.79,788.46,1168.18
ACT-002077,2026-03-08,PROD_ENCODE,CUST_101,149,58.33,425.51,1259.85,2428.08
ACT-002078,2026-03-09,PROD_VOD,CUST_106,122,39.81,301.96,934.26,2285.19
ACT-002079,2026-03-10,PROD_ENCODE,CUST_102,75,12.05,234.07,654.4,1523.42
ACT-002080,2026-03-11,PROD_VOD,CUST_105,74,9.72,355.23,576.23,1572.42
ACT-002081,2026-03-12,PROD_ENCODE,CUST_104,55,9.89,193.4,345.21,963.27
ACT-002082,2026-03-13,PROD_ENCODE,CUST_101,31,11.38,84.93,281.57,444.14
ACT-002083,2026-03-14,PROD_ENCODE,CUST_104,124,14.7,499.81,957.05,2068.79
ACT-002084,2026-03-15,PROD_VOD,CUST_104,38,3.88,165.61,315.21,673.69
ACT-002085,2026-03-16,PROD_LIVE,CUST_106,21,5.1,46.95,148.98,385.14
ACT-002086,2026-03-17,PROD_VOD,CUST_102,54,6.68,124.95,395.9,1026.72
ACT-002087,2026-03-18,PROD_VOD,CUST_103,18,2.83,52.87,83.77,426.58
ACT-002088,2026-03-19,PROD_VOD,CUST_104,70,13.2,337.04,482.64,1401.02
ACT-002089,2026-03-20,PROD_VOD,CUST_103,114,39.97,346.14,661.22,1078.46
ACT-002090,2026-03-21,PROD_LIVE,CUST_102,62,23.57,187.29,466.37,933.44
ACT-002091,2026-03-22,PROD_OTT,CUST_106,32,6.55,103.42,165.13,631.5
ACT-002092,2026-03-23,PROD_ENCODE,CUST_102,69,17.51,286.0,486.71,942.34
ACT-002093,2026-03-24,PROD_VOD,CUST_104,85,15.18,253.02,798.65,1138.17
ACT-002094,2026-03-25,PROD_VOD,CUST_101,32,7.17,86.18,177.85,266.71
ACT-002095,2026-03-26,PROD_ENCODE,CUST_106,121,34.36,548.44,937.98,2364.01
ACT-002096,2026-03-27,PROD_ENCODE,CUST_105,35,12.13,91.84,153.55,754.07
ACT-002097,2026-03-28,PROD_LIVE,CUST_103,80,21.14,263.97,690.02,728.17
ACT-002098,2026-03-29,PROD_OTT,CUST_102,98,36.77,363.8,785.17,1111.09
ACT-002099,2026-03-30,PROD_OTT,CUST_106,29,10.15,82.12,280.87,418.66
ACT-002100,2026-03-01,PROD_LIVE,CUST_105,49,13.74,135.85,411.15,695.2
ACT-002101,2026-03-02,PROD_LIVE,CUST_102,126,15.84,265.06,971.38,2256.46
ACT-002102,2026-03-03,PROD_LIVE,CUST_104,81,31.9,219.23,574.99,1689.49
ACT-002103,2026-03-04,PROD_VOD,CUST_106,35,9.55,86.61,143.61,308.98
ACT-002104,2026-03-05,PROD_VOD,CUST_104,64,10.99,257.82,617.77,1228.79
ACT-002105,2026-03-06,PROD_ENCODE,CUST_102,91,25.0,242.07,839.67,1390.88
ACT-002106,2026-03-07,PROD_ENCODE,CUST_106,40,5.33,163.32,378.67,434.81
ACT-002107,2026-03-08,PROD_OTT,CUST_105,37,5.25,159.39,350.05,429.29
ACT-002108,2026-03-09,PROD_VOD,CUST_104,54,19.51,230.82,252.51,626.48
ACT-002109,2026-03-10,PROD_LIVE,CUST_103,103,13.88,358.61,467.18,1612.2
ACT-002110,2026-03-11,PROD_VOD,CUST_106,121,12.39,467.12,545.99,1939.62
ACT-002111,2026-03-12,PROD_LIVE,CUST_102,68,26.1,279.44,502.52,831.73
ACT-002112,2026-03-13,PROD_LIVE,CUST_103,62,7.73,193.44,379.03,672.62
ACT-002113,2026-03-14,PROD_ENCODE,CUST_106,45,14.2,222.52,368.48,844.77
ACT-002114,2026-03-15,PROD_OTT,CUST_106,17,4.63,39.28,148.92,328.22
ACT-002115,2026-03-16,PROD_VOD,CUST_104,150,22.46,599.79,1084.43,1397.68
ACT-002116,2026-03-17,PROD_LIVE,CUST_103,83,17.92,206.1,788.87,1228.65
ACT-002117,2026-03-18,PROD_ENCODE,CUST_102,134,13.56,478.32,1222.03,1720.87
ACT-002118,2026-03-19,PROD_ENCODE,CUST_102,46,18.0,114.41,434.12,1117.16
ACT-002119,2026-03-20,PROD_OTT,CUST_102,120,19.2,594.58,880.47,1398.27
ACT-002120,2026-03-21,PROD_VOD,CUST_102,97,17.01,279.44,969.54,2315.94
ACT-002121,2026-03-22,PROD_ENCODE,CUST_105,81,19.69,310.48,458.88,1289.13
ACT-002122,2026-03-23,PROD_VOD,CUST_104,118,22.85,332.67,527.2,1634.43
ACT-002123,2026-03-24,PROD_OTT,CUST_106,18,3.89,53.37,153.61,210.38
ACT-002124,2026-03-25,PROD_LIVE,CUST_106,42,7.58,189.31,335.01,874.92
ACT-002125,2026-03-26,PROD_OTT,CUST_106,105,14.24,509.42,652.5,2480.53
ACT-002126,2026-03-27,PROD_ENCODE,CUST_104,91,34.27,254.03,438.41,1569.17
ACT-002127,2026-03-28,PROD_VOD,CUST_106,92,27.66,191.61,604.22,1014.28
ACT-002128,2026-03-29,PROD_VOD,CUST_101,119,45.42,304.83,690.74,2285.92
ACT-002129,2026-03-30,PROD_ENCODE,CUST_104,41,7.29,188.5,298.79,659.72
ACT-002130,2026-03-01,PROD_OTT,CUST_105,74,20.38,176.71,348.02,808.25
ACT-002131,2026-03-02,PROD_LIVE,CUST_101,92,29.94,335.67,769.93,2081.14
ACT-002132,2026-03-03,PROD_VOD,CUST_105,54,5.75,184.78,378.72,435.96
ACT-002133,2026-03-04,PROD_LIVE,CUST_102,19,5.21,45.37,96.17,189.15
ACT-002134,2026-03-05,PROD_OTT,CUST_102,60,17.43,242.17,416.8,563.64
ACT-002135,2026-03-06,PROD_VOD,CUST_106,50,12.35,216.78,239.21,1118.99
ACT-002136,2026-03-07,PROD_VOD,CUST_102,90,11.35,184.17,723.19,976.77
ACT-002137,2026-03-08,PROD_ENCODE,CUST_105,44,15.54,198.55,327.05,942.67
ACT-002138,2026-03-09,PROD_LIVE,CUST_103,74,28.01,185.48,646.7,883.9
ACT-002139,2026-03-10,PROD_LIVE,CUST_103,22,5.84,100.47,149.75,416.05
ACT-002140,2026-03-11,PROD_VOD,CUST_102,133,44.11,307.54,616.43,1848.93
ACT-002141,2026-03-12,PROD_ENCODE,CUST_105,93,13.44,292.36,654.49,2152.35
ACT-002142,2026-03-13,PROD_OTT,CUST_105,51,19.72,109.65,303.93,1228.24
ACT-002143,2026-03-14,PROD_VOD,CUST_102,45,13.22,158.88,427.42,1096.2
ACT-002144,2026-03-15,PROD_VOD,CUST_105,126,49.14,361.53,716.18,1242.75
ACT-002145,2026-03-16,PROD_ENCODE,CUST_101,105,41.76,492.89,567.87,1367.82
ACT-002146,2026-03-17,PROD_ENCODE,CUST_102,130,17.91,394.13,1045.06,2505.3
ACT-002147,2026-03-18,PROD_VOD,CUST_101,47,9.16,175.19,330.73,792.39
ACT-002148,2026-03-19,PROD_LIVE,CUST_103,68,21.05,337.11,651.95,1339.0
ACT-002149,2026-03-20,PROD_ENCODE,CUST_106,135,16.51,396.46,1301.03,2588.19
ACT-002150,2026-03-21,PROD_LIVE,CUST_106,96,28.99,457.86,726.67,2232.5
ACT-002151,2026-03-22,PROD_ENCODE,CUST_101,87,20.17,400.95,607.27,761.77
ACT-002152,2026-03-23,PROD_VOD,CUST_105,31,10.0,127.54,295.32,370.36
ACT-002153,2026-03-24,PROD_LIVE,CUST_102,112,38.58,527.32,867.38,1113.83
ACT-002154,2026-03-25,PROD_ENCODE,CUST_102,61,10.96,297.25,519.71,577.86
ACT-002155,2026-03-26,PROD_OTT,CUST_105,149,43.76,491.95,817.36,3545.96
ACT-002156,2026-03-27,PROD_OTT,CUST_106,66,17.33,143.18,307.53,912.68
ACT-002157,2026-03-28,PROD_LIVE,CUST_101,38,13.42,155.44,325.25,704.95
ACT-002158,2026-03-29,PROD_OTT,CUST_105,75,20.94,351.25,580.78,1524.64
ACT-002159,2026-03-30,PROD_ENCODE,CUST_103,95,12.85,248.51,604.53,1389.83
ACT-002160,2026-03-01,PROD_OTT,CUST_105,40,7.34,90.58,349.36,932.87
ACT-002161,2026-03-02,PROD_VOD,CUST_106,10,3.1,37.0,43.49,99.9
ACT-002162,2026-03-03,PROD_VOD,CUST_101,114,19.88,284.3,643.21,1437.93
ACT-002163,2026-03-04,PROD_LIVE,CUST_104,98,32.53,479.81,726.31,2006.91
ACT-002164,2026-03-05,PROD_VOD,CUST_106,141,39.81,559.63,665.95,2516.52
ACT-002165,2026-03-06,PROD_OTT,CUST_103,26,10.33,98.65,158.03,593.65
ACT-002166,2026-03-07,PROD_ENCODE,CUST_105,20,7.36,93.89,112.37,364.83
ACT-002167,2026-03-08,PROD_OTT,CUST_105,62,6.73,309.14,477.53,548.07
ACT-002168,2026-03-09,PROD_VOD,CUST_105,27,2.97,54.47,203.02,399.93
ACT-002169,2026-03-10,PROD_VOD,CUST_105,147,45.64,377.0,1444.84,3412.99
ACT-002170,2026-03-11,PROD_VOD,CUST_104,130,35.98,555.75,823.7,1890.41
ACT-002171,2026-03-12,PROD_VOD,CUST_106,70,21.86,233.86,281.22,1231.07
ACT-002172,2026-03-13,PROD_VOD,CUST_106,120,22.01,425.72,523.33,1872.73
ACT-002173,2026-03-14,PROD_VOD,CUST_105,36,8.37,112.59,165.16,780.36
ACT-002174,2026-03-15,PROD_OTT,CUST_105,51,17.79,105.9,321.04,594.53
ACT-002175,2026-03-16,PROD_ENCODE,CUST_103,79,16.29,242.7,568.63,1429.67
ACT-002176,2026-03-17,PROD_VOD,CUST_105,103,37.11,431.82,650.06,2079.14
ACT-002177,2026-03-18,PROD_OTT,CUST_105,72,12.72,243.84,508.34,1546.69
ACT-002178,2026-03-19,PROD_ENCODE,CUST_105,150,38.13,355.9,1022.07,3552.35
ACT-002179,2026-03-20,PROD_ENCODE,CUST_106,71,10.85,159.24,481.81,1326.21
ACT-002180,2026-03-21,PROD_LIVE,CUST_101,135,38.91,482.72,916.03,2052.67
ACT-002181,2026-03-22,PROD_LIVE,CUST_106,54,10.7,256.68,392.34,509.9
ACT-002182,2026-03-23,PROD_VOD,CUST_102,122,29.16,280.05,753.43,1173.8
ACT-002183,2026-03-24,PROD_VOD,CUST_104,138,49.39,404.78,769.98,2202.62
ACT-002184,2026-03-25,PROD_VOD,CUST_101,75,27.07,362.13,662.01,1040.14
ACT-002185,2026-03-26,PROD_ENCODE,CUST_104,90,22.42,229.58,498.58,2058.0
ACT-002186,2026-03-27,PROD_OTT,CUST_104,100,12.63,317.28,552.56,2251.39
ACT-002187,2026-03-28,PROD_VOD,CUST_101,77,8.35,356.92,750.06,1054.16
ACT-002188,2026-03-29,PROD_OTT,CUST_103,118,17.82,499.21,736.89,2605.48
ACT-002189,2026-03-30,PROD_ENCODE,CUST_103,73,19.38,326.69,492.06,1547.0
ACT-002190,2026-03-01,PROD_LIVE,CUST_105,22,5.22,70.64,186.08,357.79
ACT-002191,2026-03-02,PROD_LIVE,CUST_103,86,13.29,421.58,468.15,1912.81
ACT-002192,2026-03-03,PROD_OTT,CUST_104,136,13.97,647.8,827.29,2376.75
ACT-002193,2026-03-04,PROD_VOD,CUST_102,81,17.06,176.19,553.78,1406.26
ACT-002194,2026-03-05,PROD_ENCODE,CUST_102,93,10.49,408.48,607.2,1552.8
ACT-002195,2026-03-06,PROD_VOD,CUST_105,45,17.89,152.04,386.28,680.11
ACT-002196,2026-03-07,PROD_LIVE,CUST_102,68,14.11,320.35,272.5,1077.05
ACT-002197,2026-03-08,PROD_ENCODE,CUST_102,116,23.55,407.72,1047.16,1330.32
ACT-002198,2026-03-09,PROD_ENCODE,CUST_101,58,11.64,254.19,558.34,1277.52
ACT-002199,2026-03-10,PROD_VOD,CUST_101,42,6.89,165.41,381.65,795.56
ACT-002200,2026-03-11,PROD_VOD,CUST_101,52,10.26,247.13,277.5,659.46
ACT-002201,2026-03-12,PROD_ENCODE,CUST_104,89,9.36,298.99,646.79,1878.57
ACT-002202,2026-03-13,PROD_OTT,CUST_102,69,9.24,154.05,443.09,1369.67
ACT-002203,2026-03-14,PROD_LIVE,CUST_103,116,17.78,524.45,977.93,2666.9
ACT-002204,2026-03-15,PROD_OTT,CUST_102,37,12.32,102.71,355.27,829.72
ACT-002205,2026-03-16,PROD_LIVE,CUST_104,83,22.31,193.58,406.76,1656.86
ACT-002206,2026-03-17,PROD_ENCODE,CUST_103,103,39.69,350.25,451.01,1496.38
ACT-002207,2026-03-18,PROD_LIVE,CUST_106,22,3.57,52.75,100.68,459.55
ACT-002208,2026-03-19,PROD_VOD,CUST_104,10,1.29,24.68,99.6,221.41
ACT-002209,2026-03-20,PROD_OTT,CUST_103,135,24.15,599.05,1085.28,3140.22
ACT-002210,2026-03-21,PROD_OTT,CUST_101,55,7.21,200.11,537.68,1087.4
ACT-002211,2026-03-22,PROD_OTT,CUST_101,29,6.98,120.06,219.16,381.93
ACT-002212,2026-03-23,PROD_OTT,CUST_106,103,37.58,482.71,867.39,2448.82
ACT-002213,2026-03-24,PROD_ENCODE,CUST_102,98,15.73,328.69,452.72,1592.86
ACT-002214,2026-03-25,PROD_LIVE,CUST_101,68,13.02,210.83,668.39,1343.9
ACT-002215,2026-03-26,PROD_VOD,CUST_106,123,24.87,373.12,1128.69,2277.65
ACT-002216,2026-03-27,PROD_LIVE,CUST_102,11,1.26,26.31,63.31,121.34
ACT-002217,2026-03-28,PROD_LIVE,CUST_104,33,7.28,104.12,177.14,385.85
ACT-002218,2026-03-29,PROD_LIVE,CUST_106,101,37.86,447.76,781.28,1583.5
ACT-002219,2026-03-30,PROD_LIVE,CUST_101,26,3.14,62.41,258.23,279.47
ACT-002220,2026-03-01,PROD_VOD,CUST_105,64,20.33,208.96,436.93,1198.04
ACT-002221,2026-03-02,PROD_LIVE,CUST_101,39,12.41,88.93,371.32,865.57
ACT-002222,2026-03-03,PROD_LIVE,CUST_101,20,2.47,76.75,93.77,484.96
ACT-002223,2026-03-04,PROD_OTT,CUST_104,19,2.17,56.9,149.91,167.12
ACT-002224,2026-03-05,PROD_OTT,CUST_104,116,30.21,371.38,705.09,969.15
ACT-002225,2026-03-06,PROD_OTT,CUST_102,130,39.74,330.82,878.31,2600.31
ACT-002226,2026-03-07,PROD_LIVE,CUST_105,56,18.0,113.37,338.42,652.17
ACT-002227,2026-03-08,PROD_OTT,CUST_103,145,38.16,667.09,599.33,3065.33
ACT-002228,2026-03-09,PROD_ENCODE,CUST_105,121,25.06,413.74,773.61,1609.51
ACT-002229,2026-03-10,PROD_OTT,CUST_105,52,13.84,119.6,340.2,1090.11
ACT-002230,2026-03-11,PROD_LIVE,CUST_106,85,17.23,230.3,571.32,1520.94
ACT-002231,2026-03-12,PROD_VOD,CUST_101,113,12.45,398.65,912.39,1798.21
ACT-002232,2026-03-13,PROD_VOD,CUST_105,50,7.17,132.02,414.1,977.17
ACT-002233,2026-03-14,PROD_OTT,CUST_103,126,42.43,504.37,732.37,1658.67
ACT-002234,2026-03-15,PROD_OTT,CUST_106,111,37.02,485.42,933.66,1456.39
ACT-002235,2026-03-16,PROD_OTT,CUST_101,77,11.79,299.37,522.12,1428.42
ACT-002236,2026-03-17,PROD_VOD,CUST_103,43,9.19,93.15,188.57,492.38
ACT-002237,2026-03-18,PROD_VOD,CUST_103,69,25.6,164.84,442.93,882.35
ACT-002238,2026-03-19,PROD_ENCODE,CUST_101,43,7.03,163.54,255.22,612.22
ACT-002239,2026-03-20,PROD_LIVE,CUST_103,38,13.33,126.33,343.26,310.78
ACT-002240,2026-03-21,PROD_ENCODE,CUST_104,122,35.57,488.2,532.12,2262.31
ACT-002241,2026-03-22,PROD_ENCODE,CUST_105,16,2.76,61.35,133.58,197.45
ACT-002242,2026-03-23,PROD_ENCODE,CUST_102,23,7.23,69.71,222.72,266.93
ACT-002243,2026-03-24,PROD_VOD,CUST_105,32,10.5,139.18,239.78,359.52
ACT-002244,2026-03-25,PROD_LIVE,CUST_105,31,7.84,129.07,288.3,629.21
ACT-002245,2026-03-26,PROD_VOD,CUST_104,70,20.07,203.71,548.2,942.99
ACT-002246,2026-03-27,PROD_VOD,CUST_103,19,4.13,44.78,86.71,179.99
ACT-002247,2026-03-28,PROD_ENCODE,CUST_102,127,49.63,381.13,1094.4,2386.1
ACT-002248,2026-03-29,PROD_LIVE,CUST_101,130,49.45,535.43,826.29,1398.15
ACT-002249,2026-03-30,PROD_ENCODE,CUST_106,55,10.61,244.97,493.31,1336.08
ACT-002250,2026-03-01,PROD_OTT,CUST_103,102,22.73,456.63,622.76,2046.21
ACT-002251,2026-03-02,PROD_OTT,CUST_105,125,25.36,493.82,552.27,1551.63
ACT-002252,2026-03-03,PROD_LIVE,CUST_102,149,26.59,442.97,894.28,1200.37
ACT-002253,2026-03-04,PROD_LIVE,CUST_106,46,6.53,217.24,452.85,993.42
ACT-002254,2026-03-05,PROD_OTT,CUST_105,35,5.65,83.45,151.27,492.95
ACT-002255,2026-03-06,PROD_LIVE,CUST_101,143,40.8,386.47,1427.6,2849.11
ACT-002256,2026-03-07,PROD_LIVE,CUST_102,20,2.99,97.27,117.05,183.49
ACT-002257,2026-03-08,PROD_ENCODE,CUST_104,114,42.71,430.51,487.21,2459.92
ACT-002258,2026-03-09,PROD_ENCODE,CUST_105,61,18.85,151.08,304.26,1221.67
ACT-002259,2026-03-10,PROD_ENCODE,CUST_103,25,7.63,51.38,101.07,601.65
ACT-002260,2026-03-11,PROD_ENCODE,CUST_104,66,13.09,300.76,493.81,987.47
ACT-002261,2026-03-12,PROD_OTT,CUST_106,99,27.46,415.02,479.83,1157.86
ACT-002262,2026-03-13,PROD_OTT,CUST_102,23,3.12,69.33,126.84,573.39
ACT-002263,2026-03-14,PROD_ENCODE,CUST_106,76,16.47,284.58,516.04,1158.64
ACT-002264,2026-03-15,PROD_OTT,CUST_104,86,16.09,226.32,388.53,1440.96
ACT-002265,2026-03-16,PROD_LIVE,CUST_101,28,8.0,77.87,246.75,677.38
ACT-002266,2026-03-17,PROD_ENCODE,CUST_102,14,5.14,42.57,82.9,166.05
ACT-002267,2026-03-18,PROD_VOD,CUST_104,93,33.83,284.15,372.45,1356.65
ACT-002268,2026-03-19,PROD_OTT,CUST_103,13,2.68,46.39,68.27,190.59
ACT-002269,2026-03-20,PROD_ENCODE,CUST_102,48,18.99,168.42,417.13,854.51
ACT-002270,2026-03-21,PROD_LIVE,CUST_106,146,42.38,536.86,1206.9,2176.47
ACT-002271,2026-03-22,PROD_ENCODE,CUST_105,145,15.13,303.55,1130.21,1999.37
ACT-002272,2026-03-23,PROD_LIVE,CUST_105,98,18.18,287.62,507.05,1307.14
ACT-002273,2026-03-24,PROD_LIVE,CUST_106,118,15.45,326.12,1142.12,1135.77
ACT-002274,2026-03-25,PROD_LIVE,CUST_106,123,12.96,481.42,858.49,1529.12
ACT-002275,2026-03-26,PROD_LIVE,CUST_101,21,7.61,83.5,187.21,473.01
ACT-002276,2026-03-27,PROD_VOD,CUST_102,85,29.0,171.19,821.7,1503.83
ACT-002277,2026-03-28,PROD_LIVE,CUST_105,123,29.78,452.99,1115.46,1082.59
ACT-002278,2026-03-29,PROD_OTT,CUST_105,104,28.67,500.76,897.91,875.72
ACT-002279,2026-03-30,PROD_OTT,CUST_103,53,19.32,153.05,452.76,894.96
ACT-002280,2026-03-01,PROD_VOD,CUST_103,36,11.89,125.94,166.56,291.88
ACT-002281,2026-03-02,PROD_ENCODE,CUST_104,99,35.06,221.02,810.69,1466.18
ACT-002282,2026-03-03,PROD_LIVE,CUST_102,39,14.84,101.34,303.86,698.08
ACT-002283,2026-03-04,PROD_VOD,CUST_104,144,26.58,293.96,1179.74,3224.93
ACT-002284,2026-03-05,PROD_LIVE,CUST_102,12,4.01,48.9,114.99,159.21
ACT-002285,2026-03-06,PROD_VOD,CUST_103,36,13.36,142.68,319.04,401.82
ACT-002286,2026-03-07,PROD_OTT,CUST_102,129,46.93,644.96,895.52,2877.93
ACT-002287,2026-03-08,PROD_OTT,CUST_101,120,24.1,520.3,681.55,1792.57
ACT-002288,2026-03-09,PROD_ENCODE,CUST_104,97,33.77,253.94,645.99,1399.18
ACT-002289,2026-03-10,PROD_LIVE,CUST_104,27,7.99,111.18,123.29,401.81
ACT-002290,2026-03-11,PROD_OTT,CUST_105,105,41.7,253.55,464.65,1722.17
ACT-002291,2026-03-12,PROD_ENCODE,CUST_105,136,25.87,495.44,800.64,2563.29
ACT-002292,2026-03-13,PROD_OTT,CUST_106,62,9.42,140.33,293.59,582.31
ACT-002293,2026-03-14,PROD_LIVE,CUST_106,143,23.01,336.29,801.89,2765.35
ACT-002294,2026-03-15,PROD_VOD,CUST_103,29,3.36,65.81,138.49,629.66
ACT-002295,2026-03-16,PROD_ENCODE,CUST_103,129,22.89,474.76,1286.32,2537.59
ACT-002296,2026-03-17,PROD_ENCODE,CUST_101,80,29.27,205.32,560.31,893.09
ACT-002297,2026-03-18,PROD_VOD,CUST_102,75,14.75,306.03,369.35,1691.2
ACT-002298,2026-03-19,PROD_ENCODE,CUST_106,12,3.03,24.9,83.86,215.27
ACT-002299,2026-03-20,PROD_ENCODE,CUST_105,102,23.93,428.07,658.75,1315.57
ACT-002300,2026-03-21,PROD_OTT,CUST_103,55,16.67,222.03,240.05,601.04
ACT-002301,2026-03-22,PROD_VOD,CUST_106,91,31.59,362.62,581.57,1403.07
ACT-002302,2026-03-23,PROD_LIVE,CUST_101,133,44.23,335.53,898.37,1361.42
ACT-002303,2026-03-24,PROD_LIVE,CUST_106,39,12.33,139.22,258.42,328.88
ACT-002304,2026-03-25,PROD_ENCODE,CUST_106,71,11.53,349.46,605.59,901.91
ACT-002305,2026-03-26,PROD_LIVE,CUST_105,122,46.82,563.93,522.26,1333.54
ACT-002306,2026-03-27,PROD_VOD,CUST_106,61,23.57,253.63,361.92,1214.37
ACT-002307,2026-03-28,PROD_VOD,CUST_102,87,15.97,417.61,428.2,1461.43
ACT-002308,2026-03-29,PROD_ENCODE,CUST_106,43,12.8,157.23,406.17,1007.89
ACT-002309,2026-03-30,PROD_OTT,CUST_101,85,29.09,286.74,368.17,1093.77
ACT-002310,2026-03-01,PROD_OTT,CUST_101,98,16.69,340.22,748.09,1451.73
ACT-002311,2026-03-02,PROD_VOD,CUST_104,15,5.53,64.66,137.77,183.53
ACT-002312,2026-03-03,PROD_LIVE,CUST_101,14,1.46,54.73,105.9,239.65
ACT-002313,2026-03-04,PROD_ENCODE,CUST_106,133,42.46,486.36,1031.44,2017.99
ACT-002314,2026-03-05,PROD_OTT,CUST_102,11,3.11,26.92,106.87,110.62
ACT-002315,2026-03-06,PROD_VOD,CUST_104,15,2.42,72.81,133.76,328.92
ACT-002316,2026-03-07,PROD_LIVE,CUST_106,48,8.08,167.26,256.94,595.38
ACT-002317,2026-03-08,PROD_OTT,CUST_101,110,39.04,390.2,807.09,2626.8
ACT-002318,2026-03-09,PROD_VOD,CUST_103,149,41.01,563.91,1080.5,2887.5
ACT-002319,2026-03-10,PROD_LIVE,CUST_102,59,8.15,206.87,493.46,898.25
ACT-002320,2026-03-11,PROD_ENCODE,CUST_101,123,15.29,433.57,561.23,2048.38
ACT-002321,2026-03-12,PROD_LIVE,CUST_102,38,6.53,101.85,365.58,751.59
ACT-002322,2026-03-13,PROD_LIVE,CUST_101,76,15.46,233.44,441.68,1185.01
ACT-002323,2026-03-14,PROD_LIVE,CUST_104,17,5.34,78.54,169.03,398.45
ACT-002324,2026-03-15,PROD_ENCODE,CUST_103,75,11.22,189.4,454.46,1470.7
ACT-002325,2026-03-16,PROD_ENCODE,CUST_102,18,2.98,49.67,164.84,255.61
ACT-002326,2026-03-17,PROD_VOD,CUST_105,64,21.44,212.09,359.23,753.88
ACT-002327,2026-03-18,PROD_VOD,CUST_101,112,33.33,503.13,973.39,1365.38
ACT-002328,2026-03-19,PROD_ENCODE,CUST_104,72,27.83,305.28,452.95,1506.8
ACT-002329,2026-03-20,PROD_OTT,CUST_105,142,33.02,491.26,647.77,2906.91
ACT-002330,2026-03-21,PROD_OTT,CUST_104,69,11.58,206.81,368.07,800.53
ACT-002331,2026-03-22,PROD_VOD,CUST_102,73,19.0,349.72,619.7,1718.92
ACT-002332,2026-03-23,PROD_OTT,CUST_106,24,4.75,90.78,137.68,531.28
ACT-002333,2026-03-24,PROD_ENCODE,CUST_101,53,12.67,223.4,378.79,562.2
ACT-002334,2026-03-25,PROD_VOD,CUST_104,112,16.4,405.76,1038.89,2414.57
ACT-002335,2026-03-26,PROD_OTT,CUST_102,50,8.93,119.92,336.36,762.69
ACT-002336,2026-03-27,PROD_ENCODE,CUST_106,72,26.6,240.47,311.49,1158.51
ACT-002337,2026-03-28,PROD_VOD,CUST_101,38,8.89,148.74,227.91,556.88
ACT-002338,2026-03-29,PROD_ENCODE,CUST_103,132,23.01,308.3,1232.81,2073.2
ACT-002339,2026-03-30,PROD_OTT,CUST_103,76,23.37,332.01,664.33,1336.24
ACT-002340,2026-03-01,PROD_VOD,CUST_106,135,51.94,553.9,935.44,2208.37
ACT-002341,2026-03-02,PROD_VOD,CUST_102,14,4.8,69.04,138.67,248.99
ACT-002342,2026-03-03,PROD_LIVE,CUST_102,10,3.93,20.29,52.86,131.45
ACT-002343,2026-03-04,PROD_ENCODE,CUST_101,91,28.4,397.67,373.97,1979.44
ACT-002344,2026-03-05,PROD_LIVE,CUST_101,68,17.19,310.63,275.98,1412.74
ACT-002345,2026-03-06,PROD_OTT,CUST_102,36,12.53,98.92,302.9,354.91
ACT-002346,2026-03-07,PROD_OTT,CUST_106,17,5.75,47.8,159.73,317.19
ACT-002347,2026-03-08,PROD_VOD,CUST_105,148,36.94,458.05,1344.81,2608.29
ACT-002348,2026-03-09,PROD_LIVE,CUST_102,55,16.1,131.97,495.07,931.05
ACT-002349,2026-03-10,PROD_LIVE,CUST_105,70,25.53,287.12,521.52,1202.01
ACT-002350,2026-03-11,PROD_LIVE,CUST_105,34,9.82,110.79,142.37,821.82
ACT-002351,2026-03-12,PROD_ENCODE,CUST_105,116,43.29,547.91,998.79,1998.49
ACT-002352,2026-03-13,PROD_ENCODE,CUST_105,27,10.1,115.12,196.34,436.17
ACT-002353,2026-03-14,PROD_ENCODE,CUST_106,107,33.12,518.62,909.36,2396.21
ACT-002354,2026-03-15,PROD_OTT,CUST_103,80,22.08,188.8,488.51,697.5
ACT-002355,2026-03-16,PROD_OTT,CUST_103,52,12.07,255.61,308.75,1200.87
ACT-002356,2026-03-17,PROD_LIVE,CUST_101,36,14.31,152.66,257.49,370.97
ACT-002357,2026-03-18,PROD_OTT,CUST_102,67,7.03,166.43,562.16,1592.41
ACT-002358,2026-03-19,PROD_LIVE,CUST_104,105,15.48,426.48,950.83,1139.94
ACT-002359,2026-03-20,PROD_LIVE,CUST_102,27,9.71,110.79,143.9,247.11
ACT-002360,2026-03-21,PROD_ENCODE,CUST_104,69,18.12,224.52,457.8,980.61
ACT-002361,2026-03-22,PROD_ENCODE,CUST_102,129,29.96,300.42,958.6,2568.0
ACT-002362,2026-03-23,PROD_ENCODE,CUST_101,100,15.66,477.46,971.59,2361.52
ACT-002363,2026-03-24,PROD_OTT,CUST_106,122,22.68,522.0,532.59,1766.16
ACT-002364,2026-03-25,PROD_LIVE,CUST_103,146,56.4,634.21,1105.63,2383.54
ACT-002365,2026-03-26,PROD_ENCODE,CUST_106,84,27.47,268.94,415.78,851.68
ACT-002366,2026-03-27,PROD_VOD,CUST_104,132,42.97,418.28,543.4,1597.78
ACT-002367,2026-03-28,PROD_VOD,CUST_105,26,3.27,53.0,108.99,583.54
ACT-002368,2026-03-29,PROD_ENCODE,CUST_105,70,27.43,164.55,631.25,1549.81
ACT-002369,2026-03-30,PROD_LIVE,CUST_106,114,18.35,446.66,504.36,1958.51
ACT-002370,2026-03-01,PROD_VOD,CUST_102,56,8.72,121.5,397.11,1042.52
ACT-002371,2026-03-02,PROD_LIVE,CUST_105,48,7.12,236.08,266.36,621.54
ACT-002372,2026-03-03,PROD_OTT,CUST_103,99,31.48,282.23,564.22,1603.57
ACT-002373,2026-03-04,PROD_LIVE,CUST_104,142,53.12,586.04,1280.62,1836.46
ACT-002374,2026-03-05,PROD_ENCODE,CUST_106,127,47.84,282.89,745.6,1896.95
ACT-002375,2026-03-06,PROD_ENCODE,CUST_105,109,25.59,470.02,923.68,1104.86
ACT-002376,2026-03-07,PROD_VOD,CUST_106,106,14.44,362.22,811.5,1806.44
ACT-002377,2026-03-08,PROD_LIVE,CUST_102,125,26.59,558.32,598.18,3075.51
ACT-002378,2026-03-09,PROD_LIVE,CUST_101,149,36.91,682.22,1037.41,1265.66
ACT-002379,2026-03-10,PROD_VOD,CUST_102,138,54.49,348.94,620.28,1482.54
ACT-002380,2026-03-11,PROD_ENCODE,CUST_102,90,30.55,440.27,785.41,890.83
ACT-002381,2026-03-12,PROD_ENCODE,CUST_104,29,3.19,141.53,183.65,316.04
ACT-002382,2026-03-13,PROD_OTT,CUST_106,36,10.16,92.74,234.57,775.76
ACT-002383,2026-03-14,PROD_OTT,CUST_103,68,16.74,173.39,492.77,1565.16
ACT-002384,2026-03-15,PROD_OTT,CUST_101,35,12.6,107.26,286.4,314.73
ACT-002385,2026-03-16,PROD_OTT,CUST_102,57,6.5,281.62,412.97,940.82
ACT-002386,2026-03-17,PROD_VOD,CUST_102,84,20.53,323.69,667.89,1287.53
ACT-002387,2026-03-18,PROD_ENCODE,CUST_105,62,6.68,304.7,430.35,1124.96
ACT-002388,2026-03-19,PROD_OTT,CUST_101,65,23.57,222.74,291.34,1057.98
ACT-002389,2026-03-20,PROD_OTT,CUST_105,38,7.26,150.44,314.56,779.64
ACT-002390,2026-03-21,PROD_ENCODE,CUST_105,35,9.34,155.38,154.34,371.25
ACT-002391,2026-03-22,PROD_OTT,CUST_105,119,24.4,519.8,715.89,2786.06
ACT-002392,2026-03-23,PROD_OTT,CUST_101,105,39.99,379.96,894.89,1459.37
ACT-002393,2026-03-24,PROD_LIVE,CUST_106,74,8.61,343.15,316.87,1172.94
ACT-002394,2026-03-25,PROD_LIVE,CUST_105,125,39.04,615.48,962.9,1349.76
ACT-002395,2026-03-26,PROD_OTT,CUST_104,92,10.51,434.95,553.65,1124.65
ACT-002396,2026-03-27,PROD_VOD,CUST_106,50,18.29,127.7,342.47,716.9
ACT-002397,2026-03-28,PROD_OTT,CUST_106,103,39.01,399.19,564.81,847.39
ACT-002398,2026-03-29,PROD_OTT,CUST_105,43,8.56,186.83,293.11,665.87
ACT-002399,2026-03-30,PROD_LIVE,CUST_105,106,24.65,366.21,545.64,867.71
ACT-002400,2026-03-01,PROD_ENCODE,CUST_103,30,6.66,108.91,192.12,332.32
