event_id,timestamp,product_id,customer_id,video_id,processing_minutes,storage_gb,transfer_gb,event_status
EVT-000001,2026-03-01 08:04:00,PROD_LIVE,CUST_103,VID-01001,32.6,12.04,12.37,normal
EVT-000002,2026-03-01 08:08:00,PROD_ENCODE,CUST_101,VID-01002,65.8,15.08,6.91,normal
EVT-000003,2026-03-01 08:12:00,PROD_VOD,CUST_101,VID-01003,82.8,26.8,28.94,normal
EVT-000004,2026-03-01 08:16:00,PROD_OTT,CUST_101,VID-01004,49.8,16.44,38.98,normal
EVT-000005,2026-03-01 08:20:00,PROD_ENCODE,CUST_104,VID-01005,36.0,4.3,6.93,normal
EVT-000006,2026-03-01 08:24:00,PROD_OTT,CUST_105,VID-01006,17.5,5.5,23.82,normal
EVT-000007,2026-03-01 08:28:00,PROD_OTT,CUST_103,VID-01007,50.2,11.99,14.39,normal
EVT-000008,2026-03-01 08:32:00,PROD_VOD,CUST_105,VID-01008,44.3,9.75,3.75,normal
EVT-000009,2026-03-01 08:36:00,PROD_LIVE,CUST_102,VID-01009,55.1,25.97,40.85,normal
EVT-000010,2026-03-01 08:40:00,PROD_OTT,CUST_101,VID-01010,95.0,23.8,66.9,normal
EVT-000011,2026-03-01 08:44:00,PROD_LIVE,CUST_102,VID-01011,17.1,9.5,7.1,normal
EVT-000012,2026-03-01 08:48:00,PROD_VOD,CUST_104,VID-01012,18.9,8.4,31.38,normal
EVT-000013,2026-03-01 08:52:00,PROD_VOD,CUST_103,VID-01013,39.4,4.62,30.28,normal
EVT-000014,2026-03-01 08:56:00,PROD_LIVE,CUST_105,VID-01014,57.2,7.98,32.72,normal
EVT-000015,2026-03-01 09:00:00,PROD_LIVE,CUST_104,VID-01015,44.5,3.63,23.38,normal
EVT-000016,2026-03-01 09:04:00,PROD_ENCODE,CUST_103,VID-01016,18.3,10.42,6.67,normal
EVT-000017,2026-03-01 09:08:00,PROD_ENCODE,CUST_105,VID-01017,42.3,11.16,19.22,normal
EVT-000018,2026-03-01 09:12:00,PROD_OTT,CUST_104,VID-01018,21.4,1.29,31.02,normal
EVT-000019,2026-03-01 09:16:00,PROD_LIVE,CUST_103,VID-01019,44.7,12.83,16.22,normal
EVT-000020,2026-03-01 09:20:00,PROD_VOD,CUST_103,VID-01020,57.8,4.53,17.24,normal
EVT-000021,2026-03-01 09:24:00,PROD_VOD,CUST_104,VID-01021,21.0,14.75,14.87,normal
EVT-000022,2026-03-01 09:28:00,PROD_OTT,CUST_103,VID-01022,46.7,13.13,3.4,normal
EVT-000023,2026-03-01 09:32:00,PROD_ENCODE,CUST_102,VID-01023,89.3,12.33,39.87,normal
EVT-000024,2026-03-01 09:36:00,PROD_LIVE,CUST_103,VID-01024,15.5,13.12,26.07,normal
EVT-000025,2026-03-01 09:40:00,PROD_VOD,CUST_104,VID-01025,25.7,6.76,11.23,normal
EVT-000026,2026-03-01 09:44:00,PROD_OTT,CUST_105,VID-01026,36.7,12.41,18.67,normal
EVT-000027,2026-03-01 09:48:00,PROD_VOD,CUST_102,VID-01027,90.4,12.31,40.7,normal
EVT-000028,2026-03-01 09:52:00,PROD_LIVE,CUST_103,VID-01028,23.2,14.61,17.37,normal
EVT-000029,2026-03-01 09:56:00,PROD_VOD,CUST_106,VID-01029,42.9,1.53,24.67,normal
EVT-000030,2026-03-01 10:00:00,PROD_VOD,CUST_103,VID-01030,18.1,13.83,8.89,normal
EVT-000031,2026-03-01 10:04:00,PROD_OTT,CUST_102,VID-01031,101.1,9.22,24.79,normal
EVT-000032,2026-03-01 10:08:00,PROD_VOD,CUST_104,VID-01032,45.1,12.29,28.6,normal
EVT-000033,2026-03-01 10:12:00,PROD_VOD,CUST_101,VID-01033,88.2,14.73,34.79,normal
EVT-000034,2026-03-01 10:16:00,PROD_VOD,CUST_105,VID-01034,7.7,14.66,9.96,normal
EVT-000035,2026-03-01 10:20:00,PROD_VOD,CUST_106,VID-01035,42.3,7.9,6.45,normal
EVT-000036,2026-03-01 10:24:00,PROD_OTT,CUST_102,VID-01036,14.3,13.39,6.29,normal
EVT-000037,2026-03-01 10:28:00,PROD_VOD,CUST_101,VID-01037,111.0,19.13,37.32,normal
EVT-000038,2026-03-01 10:32:00,PROD_OTT,CUST_104,VID-01038,10.2,14.45,30.33,normal
EVT-000039,2026-03-01 10:36:00,PROD_VOD,CUST_101,VID-01039,110.3,7.84,5.75,normal
EVT-000040,2026-03-01 10:40:00,PROD_VOD,CUST_105,VID-01040,10.9,11.9,5.7,normal
EVT-000041,2026-03-01 10:44:00,PROD_LIVE,CUST_105,VID-01041,33.8,1.18,24.72,normal
EVT-000042,2026-03-01 10:48:00,PROD_OTT,CUST_104,VID-01042,40.0,7.96,26.07,normal
EVT-000043,2026-03-01 10:52:00,PROD_VOD,CUST_106,VID-01043,54.9,13.83,31.12,normal
EVT-000044,2026-03-01 10:56:00,PROD_LIVE,CUST_104,VID-01044,25.2,12.09,6.42,normal
EVT-000045,2026-03-01 11:00:00,PROD_VOD,CUST_101,VID-01045,44.2,3.99,12.13,normal
EVT-000046,2026-03-01 11:04:00,PROD_OTT,CUST_101,VID-01046,69.3,8.32,30.2,normal
EVT-000047,2026-03-01 11:08:00,PROD_ENCODE,CUST_103,VID-01047,51.1,9.21,26.97,normal
EVT-000048,2026-03-01 11:12:00,PROD_ENCODE,CUST_102,VID-01048,28.8,22.24,66.15,normal
EVT-000049,2026-03-01 11:16:00,PROD_LIVE,CUST_101,VID-01049,36.4,9.7,26.29,normal
EVT-000050,2026-03-01 11:20:00,PROD_VOD,CUST_101,VID-01050,38.1,3.02,53.24,normal
EVT-000051,2026-03-01 11:24:00,PROD_OTT,CUST_102,VID-01051,67.2,13.4,53.31,normal
EVT-000052,2026-03-01 11:28:00,PROD_OTT,CUST_106,VID-01052,6.2,12.09,9.84,normal
EVT-000053,2026-03-01 11:32:00,PROD_ENCODE,CUST_104,VID-01053,28.9,12.07,3.53,normal
EVT-000054,2026-03-01 11:36:00,PROD_VOD,CUST_101,VID-01054,92.1,13.94,59.87,normal
EVT-000055,2026-03-01 11:40:00,PROD_VOD,CUST_102,VID-01055,106.2,3.55,62.41,normal
EVT-000056,2026-03-01 11:44:00,PROD_OTT,CUST_104,VID-01056,26.9,9.5,29.0,normal
EVT-000057,2026-03-01 11:48:00,PROD_VOD,CUST_104,VID-01057,13.5,7.38,12.57,normal
EVT-000058,2026-03-01 11:52:00,PROD_LIVE,CUST_101,VID-01058,114.8,23.49,20.77,normal
EVT-000059,2026-03-01 11:56:00,PROD_OTT,CUST_103,VID-01059,7.9,7.02,20.16,normal
EVT-000060,2026-03-01 12:00:00,PROD_ENCODE,CUST_105,VID-01060,11.0,9.77,18.01,normal
EVT-000061,2026-03-01 12:04:00,PROD_LIVE,CUST_105,VID-01061,16.6,8.34,10.7,normal
EVT-000062,2026-03-01 12:08:00,PROD_VOD,CUST_101,VID-01062,36.6,27.1,4.33,normal
EVT-000063,2026-03-01 12:12:00,PROD_ENCODE,CUST_102,VID-01063,47.7,8.65,60.95,normal
EVT-000064,2026-03-01 12:16:00,PROD_LIVE,CUST_104,VID-01064,7.5,4.27,14.35,normal
EVT-000065,2026-03-01 12:20:00,PROD_VOD,CUST_101,VID-01065,21.3,12.38,49.61,normal
EVT-000066,2026-03-01 12:24:00,PROD_VOD,CUST_105,VID-01066,50.2,8.1,34.78,normal
EVT-000067,2026-03-01 12:28:00,PROD_VOD,CUST_103,VID-01067,20.7,3.54,2.52,normal
EVT-000068,2026-03-01 12:32:00,PROD_ENCODE,CUST_103,VID-01068,37.1,3.32,26.96,normal
EVT-000069,2026-03-01 12:36:00,PROD_ENCODE,CUST_105,VID-01069,36.5,6.26,27.76,normal
EVT-000070,2026-03-01 12:40:00,PROD_OTT,CUST_105,VID-01070,40.3,11.63,26.62,normal
EVT-000071,2026-03-01 12:44:00,PROD_ENCODE,CUST_101,VID-01071,107.8,10.28,39.33,normal
EVT-000072,2026-03-01 12:48:00,PROD_OTT,CUST_105,VID-01072,26.1,14.33,10.19,normal
EVT-000073,2026-03-01 12:52:00,PROD_OTT,CUST_105,VID-01073,10.7,1.3,18.51,normal
EVT-000074,2026-03-01 12:56:00,PROD_OTT,CUST_105,VID-01074,39.0,14.65,8.42,normal
EVT-000075,2026-03-01 13:00:00,PROD_LIVE,CUST_102,VID-01075,21.9,25.5,57.27,normal
EVT-000076,2026-03-01 13:04:00,PROD_LIVE,CUST_103,VID-01076,47.9,11.87,16.19,normal
EVT-000077,2026-03-01 13:08:00,PROD_VOD,CUST_104,VID-01077,39.2,1.32,20.41,normal
EVT-000078,2026-03-01 13:12:00,PROD_LIVE,CUST_104,VID-01078,40.2,7.4,15.78,normal
EVT-000079,2026-03-01 13:16:00,PROD_VOD,CUST_106,VID-01079,29.3,11.49,12.21,normal
EVT-000080,2026-03-08 13:20:00,PROD_LIVE,CUST_105,VID-01080,38.4,5.56,23.86,delayed
EVT-000081,2026-03-01 13:24:00,PROD_OTT,CUST_106,VID-01081,18.4,14.3,6.57,normal
EVT-000082,2026-03-01 13:28:00,PROD_VOD,CUST_103,VID-01082,50.5,13.56,33.68,normal
EVT-000083,2026-03-01 13:32:00,PROD_VOD,CUST_102,VID-01083,109.2,17.86,32.65,normal
EVT-000084,2026-03-01 13:36:00,PROD_VOD,CUST_105,VID-01084,49.3,11.98,15.41,normal
EVT-000085,2026-03-01 13:40:00,PROD_OTT,CUST_105,VID-01085,42.2,7.08,10.78,normal
EVT-000086,2026-03-01 13:44:00,PROD_ENCODE,CUST_105,VID-01086,25.8,6.7,4.4,normal
EVT-000087,2026-03-01 13:48:00,PROD_LIVE,CUST_101,VID-01087,71.8,24.64,10.48,normal
EVT-000088,2026-03-01 13:52:00,PROD_LIVE,CUST_102,VID-01088,98.8,10.78,26.23,normal
EVT-000089,2026-03-01 13:56:00,PROD_VOD,CUST_103,VID-01089,51.4,11.88,15.16,normal
EVT-000090,2026-02-28 02:00:00,PROD_LIVE,CUST_102,VID-01090,74.6,23.65,60.08,out_of_order
EVT-000091,2026-03-01 14:04:00,PROD_OTT,CUST_106,VID-01091,54.4,12.96,29.47,normal
EVT-000092,2026-03-01 14:08:00,PROD_LIVE,CUST_104,VID-01092,46.4,1.01,24.03,normal
EVT-000093,2026-03-01 14:12:00,PROD_ENCODE,CUST_105,VID-01093,26.5,13.39,4.07,normal
EVT-000094,2026-03-01 14:16:00,PROD_VOD,CUST_101,VID-01094,101.7,23.37,37.26,normal
EVT-000095,2026-03-01 14:20:00,PROD_VOD,CUST_101,VID-01095,83.5,24.8,26.1,normal
EVT-000096,2026-03-01 14:24:00,PROD_VOD,CUST_101,VID-01096,114.0,12.51,7.7,normal
EVT-000097,2026-03-01 14:28:00,PROD_OTT,CUST_101,VID-01097,42.2,18.98,60.62,normal
EVT-000098,2026-03-01 14:32:00,PROD_OTT,CUST_101,VID-01098,59.8,23.66,60.95,normal
EVT-000099,2026-03-01 14:36:00,PROD_LIVE,CUST_105,VID-01099,57.2,9.99,22.69,normal
EVT-000100,2026-03-01 14:40:00,PROD_VOD,CUST_106,VID-01100,-15.0,9.93,10.91,normal
EVT-000101,2026-03-01 14:44:00,PROD_ENCODE,CUST_104,VID-01101,29.3,4.94,7.36,normal
EVT-000102,2026-03-01 14:48:00,PROD_ENCODE,CUST_102,VID-01102,89.9,23.36,31.17,normal
EVT-000103,2026-03-01 14:52:00,PROD_LIVE,CUST_105,VID-01103,12.5,1.27,28.36,normal
EVT-000104,2026-03-01 14:56:00,PROD_ENCODE,CUST_106,VID-01104,39.4,7.64,14.69,normal
EVT-000105,2026-03-01 15:00:00,PROD_VOD,CUST_102,VID-01105,72.2,28.11,8.41,normal
EVT-000106,2026-03-01 15:04:00,PROD_OTT,CUST_101,VID-01106,53.7,16.67,39.21,normal
EVT-000107,2026-03-01 15:08:00,PROD_VOD,CUST_102,VID-01107,31.8,14.71,9.89,normal
EVT-000108,2026-03-01 15:12:00,PROD_LIVE,CUST_103,VID-01108,24.7,14.03,8.69,normal
EVT-000109,2026-03-01 15:16:00,PROD_ENCODE,CUST_101,VID-01109,61.4,27.96,34.64,normal
EVT-000110,2026-03-01 15:20:00,PROD_LIVE,CUST_102,VID-01110,84.6,4.2,14.78,normal
EVT-000111,2026-03-01 15:24:00,PROD_ENCODE,CUST_101,VID-01111,34.1,13.81,58.46,normal
EVT-000112,2026-03-01 15:28:00,PROD_OTT,CUST_102,VID-01112,61.5,17.29,68.44,normal
EVT-000113,2026-03-01 15:32:00,PROD_ENCODE,CUST_101,VID-01113,30.9,14.53,62.83,normal
EVT-000114,2026-03-01 15:36:00,PROD_OTT,CUST_103,VID-01114,19.6,1.69,33.72,normal
EVT-000115,2026-03-01 15:40:00,PROD_OTT,CUST_101,VID-01115,25.5,13.08,37.68,normal
EVT-000116,2026-03-01 15:44:00,PROD_VOD,CUST_104,VID-01116,20.1,14.93,9.8,normal
EVT-000117,2026-03-01 15:48:00,PROD_LIVE,CUST_106,VID-01117,18.8,2.42,17.52,normal
EVT-000118,2026-03-01 15:52:00,PROD_VOD,CUST_102,VID-01118,109.6,22.75,36.98,normal
EVT-000119,2026-03-01 15:56:00,PROD_LIVE,CUST_102,VID-01119,18.3,25.35,46.18,normal
EVT-000120,2026-03-01 16:00:00,PROD_ENCODE,CUST_105,VID-01120,34.5,3.55,22.73,normal
EVT-000121,2026-03-01 16:04:00,PROD_OTT,CUST_105,VID-01121,56.2,6.88,20.89,normal
EVT-000122,2026-03-01 16:08:00,PROD_OTT,CUST_106,VID-01122,50.6,11.98,24.66,normal
EVT-000123,2026-03-01 16:12:00,PROD_ENCODE,CUST_102,VID-01123,93.4,26.26,19.29,normal
EVT-000124,2026-03-01 16:16:00,PROD_LIVE,CUST_101,VID-01124,103.3,6.96,48.98,normal
EVT-000125,2026-03-01 16:20:00,PROD_OTT,CUST_104,VID-01125,6.6,4.2,26.76,normal
EVT-000126,2026-03-01 16:24:00,PROD_VOD,CUST_104,VID-01126,48.2,9.24,25.73,normal
EVT-000127,2026-03-01 16:28:00,PROD_ENCODE,CUST_104,VID-01127,42.4,14.92,16.97,normal
EVT-000128,2026-03-01 16:32:00,PROD_VOD,CUST_104,VID-01128,52.3,7.95,31.71,normal
EVT-000129,2026-03-01 16:36:00,PROD_LIVE,CUST_101,VID-01129,50.2,2.06,39.68,normal
EVT-000130,2026-03-01 16:40:00,PROD_VOD,CUST_106,VID-01130,51.2,3.53,22.76,normal
EVT-000131,2026-03-01 16:44:00,PROD_OTT,CUST_106,VID-01131,13.8,14.89,24.4,normal
EVT-000132,2026-03-01 16:48:00,PROD_OTT,CUST_101,VID-01132,95.5,17.09,33.52,normal
EVT-000133,2026-03-01 16:52:00,PROD_VOD,CUST_106,VID-01133,19.6,8.97,26.17,normal
EVT-000134,2026-03-01 16:56:00,PROD_LIVE,CUST_101,VID-01134,118.0,5.88,41.48,normal
EVT-000135,2026-03-01 17:00:00,PROD_ENCODE,CUST_105,VID-01135,57.5,8.81,19.63,normal
EVT-000136,2026-03-01 17:04:00,PROD_OTT,CUST_102,VID-01136,57.3,19.05,23.06,normal
EVT-000137,2026-03-01 17:08:00,PROD_VOD,CUST_102,VID-01137,24.0,27.72,60.16,normal
EVT-000138,2026-03-01 17:12:00,PROD_VOD,CUST_105,VID-01138,43.0,4.22,29.78,normal
EVT-000139,2026-03-01 17:16:00,PROD_ENCODE,CUST_106,VID-01139,37.9,10.68,18.74,normal
EVT-000140,2026-03-01 17:20:00,PROD_OTT,CUST_106,VID-01140,12.1,13.35,13.14,normal
EVT-000141,2026-03-01 17:24:00,PROD_VOD,CUST_106,VID-01141,9.6,5.85,22.66,normal
EVT-000142,2026-03-01 17:28:00,PROD_ENCODE,CUST_101,VID-01142,86.5,14.36,27.56,normal
EVT-000143,2026-03-01 17:32:00,PROD_LIVE,CUST_102,VID-01143,108.5,13.25,29.77,normal
EVT-000144,2026-03-01 17:36:00,PROD_LIVE,CUST_105,VID-01144,47.3,10.19,2.87,normal
EVT-000145,2026-03-01 17:40:00,PROD_ENCODE,CUST_103,VID-01145,25.9,2.09,22.26,normal
EVT-000146,2026-03-01 17:44:00,PROD_ENCODE,CUST_104,VID-01146,38.6,7.89,19.89,normal
EVT-000147,2026-03-01 17:48:00,PROD_ENCODE,CUST_105,VID-01147,32.3,12.84,29.62,normal
EVT-000148,2026-03-01 17:52:00,PROD_LIVE,CUST_103,VID-01148,33.4,3.75,34.81,normal
EVT-000149,2026-03-01 17:56:00,PROD_VOD,CUST_106,VID-01149,34.3,10.54,2.02,normal
EVT-000150,2026-03-01 18:00:00,PROD_LIVE,CUST_106,VID-01150,39.4,4.32,3.71,normal
EVT-000151,2026-03-01 18:04:00,PROD_OTT,CUST_101,VID-01151,83.0,26.3,53.87,normal
EVT-000152,2026-03-01 18:08:00,PROD_ENCODE,CUST_104,VID-01152,45.0,5.65,17.07,normal
EVT-000153,2026-03-01 18:12:00,PROD_VOD,CUST_101,VID-01153,84.0,6.7,63.38,normal
EVT-000154,2026-03-01 18:16:00,PROD_LIVE,CUST_106,VID-01154,23.8,6.24,10.29,normal
EVT-000155,2026-03-01 18:20:00,PROD_ENCODE,CUST_104,VID-01155,37.6,3.75,13.65,normal
EVT-000156,2026-03-01 18:24:00,PROD_OTT,CUST_102,VID-01156,80.2,19.75,12.78,normal
EVT-000157,2026-03-01 18:28:00,PROD_OTT,CUST_104,VID-01157,50.7,4.11,33.04,normal
EVT-000158,2026-03-01 18:32:00,PROD_VOD,CUST_103,VID-01158,27.3,4.65,24.59,normal
EVT-000159,2026-03-01 18:36:00,PROD_OTT,CUST_102,VID-01159,68.6,11.46,69.3,normal
EVT-000160,2026-03-08 18:40:00,PROD_ENCODE,CUST_102,VID-01160,110.5,11.61,15.07,delayed
EVT-000161,2026-03-01 18:44:00,PROD_LIVE,CUST_104,VID-01161,57.0,4.1,24.92,normal
EVT-000162,2026-03-01 18:48:00,PROD_OTT,CUST_105,VID-01162,38.4,10.61,5.37,normal
EVT-000163,2026-03-01 18:52:00,PROD_VOD,CUST_105,VID-01163,44.1,6.17,2.85,normal
EVT-000164,2026-03-01 18:56:00,PROD_ENCODE,CUST_105,VID-01164,19.5,6.41,30.05,normal
EVT-000165,2026-03-01 19:00:00,PROD_OTT,CUST_101,VID-01165,77.1,23.17,55.02,normal
EVT-000166,2026-03-01 19:04:00,PROD_OTT,CUST_103,VID-01166,17.3,3.72,22.73,normal
EVT-000167,2026-03-01 19:08:00,PROD_VOD,CUST_106,VID-01167,54.2,12.54,4.46,normal
EVT-000168,2026-03-01 19:12:00,PROD_VOD,CUST_104,VID-01168,37.9,3.31,8.57,normal
EVT-000169,2026-03-01 19:16:00,PROD_OTT,CUST_105,VID-01169,18.0,12.11,4.84,normal
EVT-000170,2026-03-01 19:20:00,PROD_OTT,CUST_102,VID-01170,53.4,4.47,23.38,normal
EVT-000171,2026-03-01 19:24:00,PROD_VOD,CUST_103,VID-01171,50.5,3.83,9.15,normal
EVT-000172,2026-03-01 19:28:00,PROD_LIVE,CUST_103,VID-01172,39.1,4.0,15.84,normal
EVT-000173,2026-03-01 19:32:00,PROD_VOD,CUST_102,VID-01173,97.9,14.53,24.94,normal
EVT-000174,2026-03-01 19:36:00,PROD_VOD,CUST_105,VID-01174,19.6,12.85,25.01,normal
EVT-000175,2026-03-01 19:40:00,PROD_VOD,CUST_103,VID-01175,57.3,12.09,3.16,normal
EVT-000176,2026-03-01 19:44:00,PROD_OTT,CUST_102,VID-01176,60.2,19.24,66.57,normal
EVT-000177,2026-03-01 19:48:00,PROD_VOD,CUST_106,VID-01177,37.5,7.62,3.98,normal
EVT-000178,2026-03-01 19:52:00,PROD_LIVE,CUST_104,VID-01178,5.4,6.05,9.76,normal
EVT-000179,2026-03-01 19:56:00,PROD_OTT,CUST_104,VID-01179,14.0,2.92,12.92,normal
EVT-000180,2026-02-28 08:00:00,PROD_ENCODE,CUST_104,VID-01180,8.2,5.54,27.51,out_of_order
EVT-000181,2026-03-01 20:04:00,PROD_ENCODE,CUST_104,VID-01181,34.6,4.91,30.47,normal
EVT-000182,2026-03-01 20:08:00,PROD_LIVE,CUST_104,VID-01182,43.8,8.14,34.44,normal
EVT-000183,2026-03-01 20:12:00,PROD_OTT,CUST_105,VID-01183,39.8,11.26,15.92,normal
EVT-000184,2026-03-01 20:16:00,PROD_OTT,CUST_103,VID-01184,48.3,12.78,11.51,normal
EVT-000185,2026-03-01 20:20:00,PROD_LIVE,CUST_103,VID-01185,57.7,13.75,33.93,normal
EVT-000186,2026-03-01 20:24:00,PROD_ENCODE,CUST_103,VID-01186,6.4,14.06,2.21,normal
EVT-000187,2026-03-01 20:28:00,PROD_VOD,CUST_101,VID-01187,27.2,10.59,46.18,normal
EVT-000188,2026-03-01 20:32:00,PROD_LIVE,CUST_101,VID-01188,115.4,5.67,61.91,normal
EVT-000189,2026-03-01 20:36:00,PROD_VOD,CUST_103,VID-01189,52.8,1.97,2.18,normal
EVT-000190,2026-03-01 20:40:00,PROD_OTT,CUST_104,VID-01190,6.9,3.86,22.89,normal
EVT-000191,2026-03-01 20:44:00,PROD_LIVE,CUST_106,VID-01191,10.5,5.25,30.09,normal
EVT-000192,2026-03-01 20:48:00,PROD_ENCODE,CUST_104,VID-01192,37.3,14.93,18.19,normal
EVT-000193,2026-03-01 20:52:00,PROD_ENCODE,CUST_106,VID-01193,59.5,4.11,16.82,normal
EVT-000194,2026-03-01 20:56:00,PROD_ENCODE,CUST_106,VID-01194,57.2,10.0,6.94,normal
EVT-000195,2026-03-01 21:00:00,PROD_VOD,CUST_102,VID-01195,50.3,16.43,52.76,normal
EVT-000196,2026-03-01 21:04:00,PROD_LIVE,CUST_103,VID-01196,20.8,14.3,4.3,normal
EVT-000197,2026-03-01 21:08:00,PROD_LIVE,CUST_102,VID-01197,87.8,24.62,10.99,normal
EVT-000198,2026-03-01 21:12:00,PROD_LIVE,CUST_102,VID-01198,102.0,5.54,44.03,normal
EVT-000199,2026-03-01 21:16:00,PROD_VOD,CUST_106,VID-01199,21.8,2.3,14.45,normal
EVT-000200,2026-03-01 21:20:00,PROD_VOD,CUST_101,VID-01200,-15.0,13.63,36.31,normal
EVT-000201,2026-03-01 21:24:00,PROD_LIVE,CUST_106,VID-01201,35.4,5.83,19.57,normal
EVT-000202,2026-03-01 21:28:00,PROD_ENCODE,CUST_104,VID-01202,33.5,2.22,17.05,normal
EVT-000203,2026-03-01 21:32:00,PROD_LIVE,CUST_103,VID-01203,31.4,5.49,26.65,normal
EVT-000204,2026-03-01 21:36:00,PROD_OTT,CUST_105,VID-01204,39.5,7.77,14.5,normal
EVT-000205,2026-03-01 21:40:00,PROD_VOD,CUST_103,VID-01205,12.8,2.26,28.95,normal
EVT-000206,2026-03-01 21:44:00,PROD_ENCODE,CUST_104,VID-01206,54.5,8.75,26.08,normal
EVT-000207,2026-03-01 21:48:00,PROD_ENCODE,CUST_101,VID-01207,70.4,7.09,33.01,normal
EVT-000208,2026-03-01 21:52:00,PROD_VOD,CUST_106,VID-01208,30.8,1.89,24.69,normal
EVT-000209,2026-03-01 21:56:00,PROD_LIVE,CUST_104,VID-01209,48.3,11.2,32.55,normal
EVT-000210,2026-03-01 22:00:00,PROD_LIVE,CUST_101,VID-01210,45.8,6.83,42.06,normal
EVT-000211,2026-03-01 22:04:00,PROD_LIVE,CUST_106,VID-01211,27.7,3.4,5.33,normal
EVT-000212,2026-03-01 22:08:00,PROD_ENCODE,CUST_103,VID-01212,41.1,9.19,23.13,normal
EVT-000213,2026-03-01 22:12:00,PROD_LIVE,CUST_105,VID-01213,35.3,4.31,7.5,normal
EVT-000214,2026-03-01 22:16:00,PROD_OTT,CUST_106,VID-01214,58.0,12.05,30.24,normal
EVT-000215,2026-03-01 22:20:00,PROD_LIVE,CUST_103,VID-01215,35.6,5.31,15.79,normal
EVT-000216,2026-03-01 22:24:00,PROD_ENCODE,CUST_106,VID-01216,40.5,11.32,31.12,normal
EVT-000217,2026-03-01 22:28:00,PROD_LIVE,CUST_102,VID-01217,98.9,10.12,66.17,normal
EVT-000218,2026-03-01 22:32:00,PROD_OTT,CUST_103,VID-01218,52.6,9.09,33.45,normal
EVT-000219,2026-03-01 22:36:00,PROD_ENCODE,CUST_105,VID-01219,44.4,2.63,31.48,normal
EVT-000220,2026-03-01 22:40:00,PROD_ENCODE,CUST_101,VID-01220,30.5,6.88,8.61,normal
EVT-000221,2026-03-01 22:44:00,PROD_VOD,CUST_103,VID-01221,18.6,13.62,17.46,normal
EVT-000222,2026-03-01 22:48:00,PROD_ENCODE,CUST_106,VID-01222,11.2,7.86,31.55,normal
EVT-000223,2026-03-01 22:52:00,PROD_OTT,CUST_102,VID-01223,73.8,17.63,64.39,normal
EVT-000224,2026-03-01 22:56:00,PROD_LIVE,CUST_102,VID-01224,26.4,24.74,53.68,normal
EVT-000225,2026-03-01 23:00:00,PROD_VOD,CUST_102,VID-01225,97.3,13.12,56.18,normal
EVT-000226,2026-03-01 23:04:00,PROD_VOD,CUST_105,VID-01226,15.4,1.53,3.47,normal
EVT-000227,2026-03-01 23:08:00,PROD_ENCODE,CUST_105,VID-01227,49.6,10.6,17.36,normal
EVT-000228,2026-03-01 23:12:00,PROD_ENCODE,CUST_103,VID-01228,42.6,10.71,25.83,normal
EVT-000229,2026-03-01 23:16:00,PROD_OTT,CUST_106,VID-01229,33.3,3.59,23.04,normal
EVT-000230,2026-03-01 23:20:00,PROD_ENCODE,CUST_101,VID-01230,97.9,27.83,56.16,normal
EVT-000231,2026-03-01 23:24:00,PROD_VOD,CUST_102,VID-01231,11.9,29.38,19.59,normal
EVT-000232,2026-03-01 23:28:00,PROD_ENCODE,CUST_106,VID-01232,9.5,9.02,28.21,normal
EVT-000233,2026-03-01 23:32:00,PROD_OTT,CUST_101,VID-01233,60.6,11.71,61.54,normal
EVT-000234,2026-03-01 23:36:00,PROD_LIVE,CUST_106,VID-01234,36.4,14.0,5.09,normal
EVT-000235,2026-03-01 23:40:00,PROD_LIVE,CUST_106,VID-01235,36.7,11.91,26.08,normal
EVT-000236,2026-03-01 23:44:00,PROD_OTT,CUST_106,VID-01236,6.3,5.24,17.77,normal
EVT-000237,2026-03-01 23:48:00,PROD_LIVE,CUST_101,VID-01237,77.3,7.5,4.32,normal
EVT-000238,2026-03-01 23:52:00,PROD_ENCODE,CUST_104,VID-01238,9.5,10.61,18.5,normal
EVT-000239,2026-03-01 23:56:00,PROD_VOD,CUST_102,VID-01239,53.8,19.73,52.3,normal
EVT-000240,2026-03-09 00:00:00,PROD_VOD,CUST_102,VID-01240,27.3,26.27,64.98,delayed
EVT-000241,2026-03-02 00:04:00,PROD_ENCODE,CUST_104,VID-01241,30.7,10.24,3.77,normal
EVT-000242,2026-03-02 00:08:00,PROD_VOD,CUST_101,VID-01242,22.4,13.28,12.55,normal
EVT-000243,2026-03-02 00:12:00,PROD_LIVE,CUST_101,VID-01243,23.3,22.21,33.47,normal
EVT-000244,2026-03-02 00:16:00,PROD_OTT,CUST_106,VID-01244,45.8,8.41,16.44,normal
EVT-000245,2026-03-02 00:20:00,PROD_LIVE,CUST_102,VID-01245,111.8,22.91,18.13,normal
EVT-000246,2026-03-02 00:24:00,PROD_OTT,CUST_105,VID-01246,15.6,6.32,8.88,normal
EVT-000247,2026-03-02 00:28:00,PROD_VOD,CUST_106,VID-01247,14.8,10.11,23.95,normal
EVT-000248,2026-03-02 00:32:00,PROD_OTT,CUST_105,VID-01248,10.7,11.7,11.31,normal
EVT-000249,2026-03-02 00:36:00,PROD_VOD,CUST_101,VID-01249,41.3,24.12,49.08,normal
EVT-000250,2026-03-02 00:40:00,PROD_LIVE,CUST_103,VID-01250,52.3,9.07,12.78,normal
EVT-000251,2026-03-02 00:44:00,PROD_LIVE,CUST_102,VID-01251,75.6,12.52,5.13,normal
EVT-000252,2026-03-02 00:48:00,PROD_LIVE,CUST_106,VID-01252,51.6,14.92,13.55,normal
EVT-000253,2026-03-02 00:52:00,PROD_ENCODE,CUST_101,VID-01253,99.2,22.61,4.08,normal
EVT-000254,2026-03-02 00:56:00,PROD_LIVE,CUST_106,VID-01254,41.7,9.35,6.23,normal
EVT-000255,2026-03-02 01:00:00,PROD_ENCODE,CUST_101,VID-01255,95.4,8.41,33.95,normal
EVT-000256,2026-03-02 01:04:00,PROD_LIVE,CUST_103,VID-01256,15.5,14.09,20.14,normal
EVT-000257,2026-03-02 01:08:00,PROD_OTT,CUST_104,VID-01257,21.9,13.94,9.0,normal
EVT-000258,2026-03-02 01:12:00,PROD_VOD,CUST_103,VID-01258,56.8,13.43,27.69,normal
EVT-000259,2026-03-02 01:16:00,PROD_VOD,CUST_102,VID-01259,118.9,28.05,31.88,normal
EVT-000260,2026-03-02 01:20:00,PROD_OTT,CUST_105,VID-01260,13.9,4.23,18.33,normal
EVT-000261,2026-03-02 01:24:00,PROD_VOD,CUST_102,VID-01261,75.9,3.72,51.44,normal
EVT-000262,2026-03-02 01:28:00,PROD_VOD,CUST_104,VID-01262,28.4,9.27,15.61,normal
EVT-000263,2026-03-02 01:32:00,PROD_LIVE,CUST_102,VID-01263,104.6,16.87,66.38,normal
EVT-000264,2026-03-02 01:36:00,PROD_VOD,CUST_103,VID-01264,22.6,14.34,7.23,normal
EVT-000265,2026-03-02 01:40:00,PROD_VOD,CUST_102,VID-01265,87.1,26.26,6.14,normal
EVT-000266,2026-03-02 01:44:00,PROD_VOD,CUST_101,VID-01266,11.9,12.17,63.74,normal
EVT-000267,2026-03-02 01:48:00,PROD_ENCODE,CUST_105,VID-01267,55.3,9.96,14.16,normal
EVT-000268,2026-03-02 01:52:00,PROD_OTT,CUST_105,VID-01268,8.6,7.2,24.34,normal
EVT-000269,2026-03-02 01:56:00,PROD_OTT,CUST_103,VID-01269,20.7,12.81,33.21,normal
EVT-000270,2026-02-28 14:00:00,PROD_OTT,CUST_104,VID-01270,51.3,2.92,28.73,out_of_order
EVT-000271,2026-03-02 02:04:00,PROD_ENCODE,CUST_104,VID-01271,5.2,1.62,3.96,normal
EVT-000272,2026-03-02 02:08:00,PROD_VOD,CUST_105,VID-01272,11.7,3.9,28.6,normal
EVT-000273,2026-03-02 02:12:00,PROD_ENCODE,CUST_105,VID-01273,17.6,7.29,11.11,normal
EVT-000274,2026-03-02 02:16:00,PROD_VOD,CUST_104,VID-01274,13.9,8.23,19.96,normal
EVT-000275,2026-03-02 02:20:00,PROD_VOD,CUST_106,VID-01275,41.9,7.27,6.89,normal
EVT-000276,2026-03-02 02:24:00,PROD_VOD,CUST_106,VID-01276,10.9,5.8,4.01,normal
EVT-000277,2026-03-02 02:28:00,PROD_VOD,CUST_102,VID-01277,65.9,13.44,10.71,normal
EVT-000278,2026-03-02 02:32:00,PROD_VOD,CUST_104,VID-01278,44.2,5.65,33.97,normal
EVT-000279,2026-03-02 02:36:00,PROD_OTT,CUST_103,VID-01279,58.3,14.35,18.24,normal
EVT-000280,2026-03-02 02:40:00,PROD_LIVE,CUST_104,VID-01280,14.6,10.86,2.82,normal
EVT-000281,2026-03-02 02:44:00,PROD_ENCODE,CUST_102,VID-01281,48.4,26.06,48.64,normal
EVT-000282,2026-03-02 02:48:00,PROD_ENCODE,CUST_104,VID-01282,43.7,9.35,18.37,normal
EVT-000283,2026-03-02 02:52:00,PROD_LIVE,CUST_101,VID-01283,71.7,11.35,69.98,normal
EVT-000284,2026-03-02 02:56:00,PROD_LIVE,CUST_105,VID-01284,27.1,12.52,32.34,normal
EVT-000285,2026-03-02 03:00:00,PROD_ENCODE,CUST_103,VID-01285,51.1,13.45,16.41,normal
EVT-000286,2026-03-02 03:04:00,PROD_LIVE,CUST_101,VID-01286,48.9,3.79,19.88,normal
EVT-000287,2026-03-02 03:08:00,PROD_LIVE,CUST_106,VID-01287,52.0,1.27,3.9,normal
EVT-000288,2026-03-02 03:12:00,PROD_OTT,CUST_104,VID-01288,27.8,2.4,33.85,normal
EVT-000289,2026-03-02 03:16:00,PROD_VOD,CUST_101,VID-01289,97.5,3.42,42.84,normal
EVT-000290,2026-03-02 03:20:00,PROD_ENCODE,CUST_101,VID-01290,110.5,3.05,53.44,normal
EVT-000291,2026-03-02 03:24:00,PROD_OTT,CUST_105,VID-01291,18.0,11.76,20.22,normal
EVT-000292,2026-03-02 03:28:00,PROD_OTT,CUST_105,VID-01292,5.2,4.49,34.92,normal
EVT-000293,2026-03-02 03:32:00,PROD_VOD,CUST_103,VID-01293,48.1,1.59,22.15,normal
EVT-000294,2026-03-02 03:36:00,PROD_VOD,CUST_105,VID-01294,21.4,12.62,29.12,normal
EVT-000295,2026-03-02 03:40:00,PROD_ENCODE,CUST_105,VID-01295,34.1,7.9,9.38,normal
EVT-000296,2026-03-02 03:44:00,PROD_VOD,CUST_102,VID-01296,61.0,14.29,11.94,normal
EVT-000297,2026-03-02 03:48:00,PROD_ENCODE,CUST_104,VID-01297,38.2,11.5,5.37,normal
EVT-000298,2026-03-02 03:52:00,PROD_ENCODE,CUST_101,VID-01298,26.3,15.58,66.87,normal
EVT-000299,2026-03-02 03:56:00,PROD_ENCODE,CUST_104,VID-01299,36.4,4.48,29.42,normal
EVT-000300,2026-03-02 04:00:00,PROD_OTT,CUST_104,VID-01300,-15.0,11.32,33.91,normal
EVT-000301,2026-03-02 04:04:00,PROD_OTT,CUST_105,VID-01301,36.3,2.6,22.15,normal
EVT-000302,2026-03-02 04:08:00,PROD_VOD,CUST_101,VID-01302,88.3,27.51,14.9,normal
EVT-000303,2026-03-02 04:12:00,PROD_ENCODE,CUST_106,VID-01303,12.7,4.0,3.68,normal
EVT-000304,2026-03-02 04:16:00,PROD_ENCODE,CUST_105,VID-01304,51.4,2.48,15.55,normal
EVT-000305,2026-03-02 04:20:00,PROD_LIVE,CUST_106,VID-01305,41.6,1.38,28.51,normal
EVT-000306,2026-03-02 04:24:00,PROD_OTT,CUST_101,VID-01306,103.5,27.25,40.02,normal
EVT-000307,2026-03-02 04:28:00,PROD_VOD,CUST_102,VID-01307,50.6,21.65,44.6,normal
EVT-000308,2026-03-02 04:32:00,PROD_ENCODE,CUST_102,VID-01308,108.7,4.34,33.33,normal
EVT-000309,2026-03-02 04:36:00,PROD_VOD,CUST_106,VID-01309,51.0,8.05,21.39,normal
EVT-000310,2026-03-02 04:40:00,PROD_OTT,CUST_106,VID-01310,33.0,12.41,30.1,normal
EVT-000311,2026-03-02 04:44:00,PROD_ENCODE,CUST_103,VID-01311,21.7,2.94,27.01,normal
EVT-000312,2026-03-02 04:48:00,PROD_ENCODE,CUST_103,VID-01312,33.7,11.32,9.69,normal
EVT-000313,2026-03-02 04:52:00,PROD_ENCODE,CUST_105,VID-01313,25.6,14.06,19.79,normal
EVT-000314,2026-03-02 04:56:00,PROD_VOD,CUST_101,VID-01314,38.5,3.31,35.3,normal
EVT-000315,2026-03-02 05:00:00,PROD_ENCODE,CUST_106,VID-01315,10.2,12.8,29.79,normal
EVT-000316,2026-03-02 05:04:00,PROD_ENCODE,CUST_105,VID-01316,9.7,9.34,5.02,normal
EVT-000317,2026-03-02 05:08:00,PROD_VOD,CUST_102,VID-01317,66.2,15.99,57.93,normal
EVT-000318,2026-03-02 05:12:00,PROD_OTT,CUST_102,VID-01318,76.0,13.86,63.65,normal
EVT-000319,2026-03-02 05:16:00,PROD_LIVE,CUST_104,VID-01319,44.9,6.49,33.13,normal
EVT-000320,2026-03-09 05:20:00,PROD_ENCODE,CUST_106,VID-01320,39.9,4.74,21.43,delayed
EVT-000321,2026-03-02 05:24:00,PROD_LIVE,CUST_106,VID-01321,11.5,13.67,4.92,normal
EVT-000322,2026-03-02 05:28:00,PROD_ENCODE,CUST_101,VID-01322,49.0,3.23,63.37,normal
EVT-000323,2026-03-02 05:32:00,PROD_LIVE,CUST_102,VID-01323,63.6,20.88,57.36,normal
EVT-000324,2026-03-02 05:36:00,PROD_LIVE,CUST_103,VID-01324,44.8,5.96,27.71,normal
EVT-000325,2026-03-02 05:40:00,PROD_ENCODE,CUST_105,VID-01325,48.9,12.27,24.11,normal
EVT-000326,2026-03-02 05:44:00,PROD_ENCODE,CUST_102,VID-01326,42.2,3.26,43.91,normal
EVT-000327,2026-03-02 05:48:00,PROD_ENCODE,CUST_106,VID-01327,40.2,12.69,14.42,normal
EVT-000328,2026-03-02 05:52:00,PROD_LIVE,CUST_106,VID-01328,19.6,9.57,2.85,normal
EVT-000329,2026-03-02 05:56:00,PROD_ENCODE,CUST_105,VID-01329,22.2,1.91,2.38,normal
EVT-000330,2026-03-02 06:00:00,PROD_OTT,CUST_101,VID-01330,52.5,6.47,65.61,normal
EVT-000331,2026-03-02 06:04:00,PROD_LIVE,CUST_106,VID-01331,27.4,8.6,6.13,normal
EVT-000332,2026-03-02 06:08:00,PROD_LIVE,CUST_103,VID-01332,34.4,8.46,18.56,normal
EVT-000333,2026-03-02 06:12:00,PROD_VOD,CUST_104,VID-01333,12.6,4.62,17.82,normal
EVT-000334,2026-03-02 06:16:00,PROD_ENCODE,CUST_105,VID-01334,36.7,6.95,22.57,normal
EVT-000335,2026-03-02 06:20:00,PROD_VOD,CUST_101,VID-01335,43.0,8.0,58.76,normal
EVT-000336,2026-03-02 06:24:00,PROD_LIVE,CUST_103,VID-01336,41.4,14.82,23.12,normal
EVT-000337,2026-03-02 06:28:00,PROD_LIVE,CUST_102,VID-01337,88.6,5.02,18.08,normal
EVT-000338,2026-03-02 06:32:00,PROD_ENCODE,CUST_101,VID-01338,47.6,29.47,6.89,normal
EVT-000339,2026-03-02 06:36:00,PROD_OTT,CUST_103,VID-01339,35.6,2.32,12.97,normal
EVT-000340,2026-03-02 06:40:00,PROD_VOD,CUST_102,VID-01340,49.6,28.77,53.53,normal
EVT-000341,2026-03-02 06:44:00,PROD_ENCODE,CUST_102,VID-01341,38.8,19.26,32.31,normal
EVT-000342,2026-03-02 06:48:00,PROD_VOD,CUST_102,VID-01342,86.7,9.66,55.99,normal
EVT-000343,2026-03-02 06:52:00,PROD_ENCODE,CUST_104,VID-01343,51.5,7.58,26.43,normal
EVT-000344,2026-03-02 06:56:00,PROD_VOD,CUST_105,VID-01344,12.0,4.62,19.76,normal
EVT-000345,2026-03-02 07:00:00,PROD_VOD,CUST_105,VID-01345,34.8,13.71,2.09,normal
EVT-000346,2026-03-02 07:04:00,PROD_ENCODE,CUST_104,VID-01346,50.8,3.04,10.96,normal
EVT-000347,2026-03-02 07:08:00,PROD_ENCODE,CUST_103,VID-01347,27.8,12.87,5.45,normal
EVT-000348,2026-03-02 07:12:00,PROD_LIVE,CUST_103,VID-01348,39.2,13.87,22.68,normal
EVT-000349,2026-03-02 07:16:00,PROD_OTT,CUST_105,VID-01349,28.2,10.28,22.37,normal
EVT-000350,2026-03-02 07:20:00,PROD_LIVE,CUST_106,VID-01350,58.6,6.54,22.41,normal
EVT-000351,2026-03-02 07:24:00,PROD_ENCODE,CUST_103,VID-01351,56.2,6.34,12.31,normal
EVT-000352,2026-03-02 07:28:00,PROD_VOD,CUST_103,VID-01352,23.7,4.66,12.35,normal
EVT-000353,2026-03-02 07:32:00,PROD_VOD,CUST_101,VID-01353,23.7,5.77,43.54,normal
EVT-000354,2026-03-02 07:36:00,PROD_LIVE,CUST_101,VID-01354,102.9,23.87,69.65,normal
EVT-000355,2026-03-02 07:40:00,PROD_LIVE,CUST_106,VID-01355,56.1,13.45,3.47,normal
EVT-000356,2026-03-02 07:44:00,PROD_VOD,CUST_101,VID-01356,62.2,13.83,52.06,normal
EVT-000357,2026-03-02 07:48:00,PROD_LIVE,CUST_105,VID-01357,34.6,11.8,28.65,normal
EVT-000358,2026-03-02 07:52:00,PROD_LIVE,CUST_104,VID-01358,22.3,6.75,25.41,normal
EVT-000359,2026-03-02 07:56:00,PROD_LIVE,CUST_101,VID-01359,66.6,9.28,28.58,normal
EVT-000360,2026-02-28 20:00:00,PROD_VOD,CUST_104,VID-01360,31.7,1.69,21.61,out_of_order
EVT-000361,2026-03-02 08:04:00,PROD_OTT,CUST_102,VID-01361,42.9,29.2,20.51,normal
EVT-000362,2026-03-02 08:08:00,PROD_VOD,CUST_103,VID-01362,55.6,14.98,24.52,normal
EVT-000363,2026-03-02 08:12:00,PROD_OTT,CUST_106,VID-01363,52.4,9.59,16.23,normal
EVT-000364,2026-03-02 08:16:00,PROD_ENCODE,CUST_101,VID-01364,46.0,14.2,14.68,normal
EVT-000365,2026-03-02 08:20:00,PROD_OTT,CUST_103,VID-01365,28.3,6.1,26.96,normal
EVT-000366,2026-03-02 08:24:00,PROD_OTT,CUST_105,VID-01366,54.1,9.0,27.82,normal
EVT-000367,2026-03-02 08:28:00,PROD_OTT,CUST_103,VID-01367,58.1,3.69,18.71,normal
EVT-000368,2026-03-02 08:32:00,PROD_VOD,CUST_104,VID-01368,12.2,13.0,14.19,normal
EVT-000369,2026-03-02 08:36:00,PROD_ENCODE,CUST_104,VID-01369,48.1,12.96,8.08,normal
EVT-000370,2026-03-02 08:40:00,PROD_ENCODE,CUST_103,VID-01370,43.5,1.76,15.08,normal
EVT-000371,2026-03-02 08:44:00,PROD_OTT,CUST_105,VID-01371,38.5,4.2,3.77,normal
EVT-000372,2026-03-02 08:48:00,PROD_ENCODE,CUST_102,VID-01372,104.1,5.32,14.04,normal
EVT-000373,2026-03-02 08:52:00,PROD_LIVE,CUST_104,VID-01373,28.6,13.34,24.9,normal
EVT-000374,2026-03-02 08:56:00,PROD_ENCODE,CUST_103,VID-01374,27.1,11.69,22.24,normal
EVT-000375,2026-03-02 09:00:00,PROD_ENCODE,CUST_101,VID-01375,21.4,6.95,50.8,normal
EVT-000376,2026-03-02 09:04:00,PROD_VOD,CUST_101,VID-01376,51.0,29.23,37.22,normal
EVT-000377,2026-03-02 09:08:00,PROD_OTT,CUST_105,VID-01377,48.8,9.95,34.78,normal
EVT-000378,2026-03-02 09:12:00,PROD_VOD,CUST_105,VID-01378,5.8,7.64,19.04,normal
EVT-000379,2026-03-02 09:16:00,PROD_ENCODE,CUST_104,VID-01379,44.1,14.88,6.22,normal
EVT-000380,2026-03-02 09:20:00,PROD_VOD,CUST_102,VID-01380,73.6,26.71,27.65,normal
EVT-000381,2026-03-02 09:24:00,PROD_VOD,CUST_103,VID-01381,29.5,14.92,15.48,normal
EVT-000382,2026-03-02 09:28:00,PROD_OTT,CUST_102,VID-01382,80.2,13.9,13.72,normal
EVT-000383,2026-03-02 09:32:00,PROD_VOD,CUST_102,VID-01383,15.9,16.81,19.1,normal
EVT-000384,2026-03-02 09:36:00,PROD_ENCODE,CUST_103,VID-01384,17.5,5.84,21.43,normal
EVT-000385,2026-03-02 09:40:00,PROD_ENCODE,CUST_105,VID-01385,7.6,8.76,34.13,normal
EVT-000386,2026-03-02 09:44:00,PROD_LIVE,CUST_103,VID-01386,59.1,14.27,7.77,normal
EVT-000387,2026-03-02 09:48:00,PROD_LIVE,CUST_101,VID-01387,83.9,21.45,19.35,normal
EVT-000388,2026-03-02 09:52:00,PROD_OTT,CUST_103,VID-01388,24.9,11.53,33.35,normal
EVT-000389,2026-03-02 09:56:00,PROD_VOD,CUST_101,VID-01389,84.3,14.02,24.16,normal
EVT-000390,2026-03-02 10:00:00,PROD_OTT,CUST_103,VID-01390,40.9,5.74,6.81,normal
EVT-000391,2026-03-02 10:04:00,PROD_LIVE,CUST_101,VID-01391,22.3,28.45,14.17,normal
EVT-000392,2026-03-02 10:08:00,PROD_ENCODE,CUST_103,VID-01392,47.3,9.61,26.3,normal
EVT-000393,2026-03-02 10:12:00,PROD_ENCODE,CUST_106,VID-01393,56.7,11.27,34.45,normal
EVT-000394,2026-03-02 10:16:00,PROD_ENCODE,CUST_104,VID-01394,54.6,6.57,8.81,normal
EVT-000395,2026-03-02 10:20:00,PROD_OTT,CUST_106,VID-01395,40.3,11.39,18.15,normal
EVT-000396,2026-03-02 10:24:00,PROD_VOD,CUST_102,VID-01396,105.4,17.54,29.05,normal
EVT-000397,2026-03-02 10:28:00,PROD_LIVE,CUST_101,VID-01397,108.8,11.9,4.83,normal
EVT-000398,2026-03-02 10:32:00,PROD_VOD,CUST_101,VID-01398,76.7,12.84,20.3,normal
EVT-000399,2026-03-02 10:36:00,PROD_VOD,CUST_103,VID-01399,23.1,9.89,3.1,normal
EVT-000400,2026-03-09 10:40:00,PROD_LIVE,CUST_103,VID-01000,44.6,8.04,6.78,delayed
EVT-000401,2026-03-02 10:44:00,PROD_LIVE,CUST_103,VID-01001,51.6,13.34,2.39,normal
EVT-000402,2026-03-02 10:48:00,PROD_VOD,CUST_105,VID-01002,8.8,13.22,16.54,normal
EVT-000403,2026-03-02 10:52:00,PROD_OTT,CUST_105,VID-01003,54.8,12.8,13.4,normal
EVT-000404,2026-03-02 10:56:00,PROD_LIVE,CUST_103,VID-01004,19.0,13.84,33.53,normal
EVT-000405,2026-03-02 11:00:00,PROD_OTT,CUST_103,VID-01005,28.5,12.56,8.94,normal
EVT-000406,2026-03-02 11:04:00,PROD_OTT,CUST_106,VID-01006,8.6,9.44,9.18,normal
EVT-000407,2026-03-02 11:08:00,PROD_VOD,CUST_101,VID-01007,80.6,20.23,64.08,normal
EVT-000408,2026-03-02 11:12:00,PROD_OTT,CUST_102,VID-01008,80.8,5.45,39.42,normal
EVT-000409,2026-03-02 11:16:00,PROD_OTT,CUST_105,VID-01009,45.4,12.25,20.74,normal
EVT-000410,2026-03-02 11:20:00,PROD_ENCODE,CUST_105,VID-01010,34.0,11.87,31.2,normal
EVT-000411,2026-03-02 11:24:00,PROD_VOD,CUST_103,VID-01011,59.6,5.4,21.1,normal
EVT-000412,2026-03-02 11:28:00,PROD_LIVE,CUST_104,VID-01012,10.8,12.76,24.47,normal
EVT-000413,2026-03-02 11:32:00,PROD_OTT,CUST_104,VID-01013,17.8,12.34,30.44,normal
EVT-000414,2026-03-02 11:36:00,PROD_ENCODE,CUST_106,VID-01014,18.9,4.75,31.85,normal
EVT-000415,2026-03-02 11:40:00,PROD_LIVE,CUST_105,VID-01015,29.7,8.3,9.86,normal
EVT-000416,2026-03-02 11:44:00,PROD_VOD,CUST_102,VID-01016,117.3,29.59,47.53,normal
EVT-000417,2026-03-02 11:48:00,PROD_ENCODE,CUST_101,VID-01017,53.1,24.87,66.28,normal
EVT-000418,2026-03-02 11:52:00,PROD_LIVE,CUST_102,VID-01018,66.9,16.41,7.26,normal
EVT-000419,2026-03-02 11:56:00,PROD_LIVE,CUST_102,VID-01019,26.0,3.25,11.72,normal
EVT-000420,2026-03-02 12:00:00,PROD_LIVE,CUST_102,VID-01020,29.3,2.06,8.16,normal
EVT-000421,2026-03-02 12:04:00,PROD_ENCODE,CUST_104,VID-01021,28.9,2.6,32.03,normal
EVT-000422,2026-03-02 12:08:00,PROD_ENCODE,CUST_106,VID-01022,26.2,1.16,4.76,normal
EVT-000423,2026-03-02 12:12:00,PROD_OTT,CUST_102,VID-01023,51.0,24.31,23.06,normal
EVT-000424,2026-03-02 12:16:00,PROD_LIVE,CUST_105,VID-01024,20.9,5.47,10.05,normal
EVT-000425,2026-03-02 12:20:00,PROD_VOD,CUST_105,VID-01025,33.1,1.66,17.93,normal
EVT-000426,2026-03-02 12:24:00,PROD_ENCODE,CUST_105,VID-01026,40.3,3.73,12.21,normal
EVT-000427,2026-03-02 12:28:00,PROD_OTT,CUST_106,VID-01027,48.5,1.49,8.55,normal
EVT-000428,2026-03-02 12:32:00,PROD_VOD,CUST_104,VID-01028,50.9,6.66,8.02,normal
EVT-000429,2026-03-02 12:36:00,PROD_OTT,CUST_103,VID-01029,56.9,14.33,21.41,normal
EVT-000430,2026-03-02 12:40:00,PROD_ENCODE,CUST_101,VID-01030,46.5,27.28,7.04,normal
EVT-000431,2026-03-02 12:44:00,PROD_ENCODE,CUST_106,VID-01031,26.4,4.76,4.44,normal
EVT-000432,2026-03-02 12:48:00,PROD_ENCODE,CUST_103,VID-01032,21.4,2.21,4.98,normal
EVT-000433,2026-03-02 12:52:00,PROD_LIVE,CUST_103,VID-01033,5.1,7.26,12.69,normal
EVT-000434,2026-03-02 12:56:00,PROD_ENCODE,CUST_105,VID-01034,50.0,13.83,10.87,normal
EVT-000435,2026-03-02 13:00:00,PROD_ENCODE,CUST_101,VID-01035,67.5,2.42,55.02,normal
EVT-000436,2026-03-02 13:04:00,PROD_LIVE,CUST_104,VID-01036,28.1,3.83,20.28,normal
EVT-000437,2026-03-02 13:08:00,PROD_ENCODE,CUST_105,VID-01037,44.9,8.9,15.37,normal
EVT-000438,2026-03-02 13:12:00,PROD_ENCODE,CUST_105,VID-01038,30.3,1.22,9.72,normal
EVT-000439,2026-03-02 13:16:00,PROD_ENCODE,CUST_105,VID-01039,35.5,13.57,20.67,normal
EVT-000440,2026-03-02 13:20:00,PROD_ENCODE,CUST_105,VID-01040,59.7,10.25,18.01,normal
EVT-000441,2026-03-02 13:24:00,PROD_VOD,CUST_103,VID-01041,6.7,12.24,16.15,normal
EVT-000442,2026-03-02 13:28:00,PROD_OTT,CUST_104,VID-01042,51.4,8.97,31.59,normal
EVT-000443,2026-03-02 13:32:00,PROD_VOD,CUST_106,VID-01043,37.7,2.77,33.13,normal
EVT-000444,2026-03-02 13:36:00,PROD_LIVE,CUST_104,VID-01044,53.5,11.7,13.83,normal
EVT-000445,2026-03-02 13:40:00,PROD_LIVE,CUST_104,VID-01045,5.8,14.69,20.26,normal
EVT-000446,2026-03-02 13:44:00,PROD_VOD,CUST_105,VID-01046,25.3,2.95,4.4,normal
EVT-000447,2026-03-02 13:48:00,PROD_ENCODE,CUST_103,VID-01047,23.5,5.4,33.59,normal
EVT-000448,2026-03-02 13:52:00,PROD_ENCODE,CUST_104,VID-01048,30.1,10.88,24.14,normal
EVT-000449,2026-03-02 13:56:00,PROD_LIVE,CUST_104,VID-01049,21.3,9.43,27.87,normal
EVT-000450,2026-03-01 02:00:00,PROD_VOD,CUST_105,VID-01050,42.0,12.69,20.2,out_of_order
EVT-000451,2026-03-02 14:04:00,PROD_OTT,CUST_101,VID-01051,76.9,18.58,66.04,normal
EVT-000452,2026-03-02 14:08:00,PROD_ENCODE,CUST_103,VID-01052,14.7,2.97,33.12,normal
EVT-000453,2026-03-02 14:12:00,PROD_OTT,CUST_105,VID-01053,37.3,7.29,28.77,normal
EVT-000454,2026-03-02 14:16:00,PROD_OTT,CUST_106,VID-01054,45.2,4.73,6.35,normal
EVT-000455,2026-03-02 14:20:00,PROD_OTT,CUST_106,VID-01055,21.2,7.81,29.56,normal
EVT-000456,2026-03-02 14:24:00,PROD_OTT,CUST_104,VID-01056,47.9,2.77,29.88,normal
EVT-000457,2026-03-02 14:28:00,PROD_LIVE,CUST_102,VID-01057,102.9,12.28,58.81,normal
EVT-000458,2026-03-02 14:32:00,PROD_VOD,CUST_106,VID-01058,7.7,9.85,9.25,normal
EVT-000459,2026-03-02 14:36:00,PROD_OTT,CUST_104,VID-01059,20.1,1.74,7.67,normal
EVT-000460,2026-03-02 14:40:00,PROD_LIVE,CUST_103,VID-01060,51.6,7.58,7.86,normal
EVT-000461,2026-03-02 14:44:00,PROD_LIVE,CUST_105,VID-01061,38.6,13.42,31.22,normal
EVT-000462,2026-03-02 14:48:00,PROD_OTT,CUST_101,VID-01062,16.4,15.59,47.03,normal
EVT-000463,2026-03-02 14:52:00,PROD_LIVE,CUST_102,VID-01063,85.8,22.08,19.86,normal
EVT-000464,2026-03-02 14:56:00,PROD_LIVE,CUST_104,VID-01064,9.0,14.18,19.89,normal
EVT-000465,2026-03-02 15:00:00,PROD_OTT,CUST_101,VID-01065,63.0,3.65,27.19,normal
EVT-000466,2026-03-02 15:04:00,PROD_VOD,CUST_101,VID-01066,22.8,12.41,4.07,normal
EVT-000467,2026-03-02 15:08:00,PROD_LIVE,CUST_104,VID-01067,53.7,2.53,28.94,normal
EVT-000468,2026-03-02 15:12:00,PROD_VOD,CUST_103,VID-01068,15.2,2.13,31.04,normal
EVT-000469,2026-03-02 15:16:00,PROD_OTT,CUST_102,VID-01069,114.2,26.14,33.08,normal
EVT-000470,2026-03-02 15:20:00,PROD_LIVE,CUST_102,VID-01070,14.8,14.95,57.44,normal
EVT-000471,2026-03-02 15:24:00,PROD_OTT,CUST_106,VID-01071,5.8,14.4,10.46,normal
EVT-000472,2026-03-02 15:28:00,PROD_VOD,CUST_105,VID-01072,36.6,5.37,25.48,normal
EVT-000473,2026-03-02 15:32:00,PROD_OTT,CUST_102,VID-01073,99.2,5.94,41.45,normal
EVT-000474,2026-03-02 15:36:00,PROD_ENCODE,CUST_104,VID-01074,37.6,9.02,30.55,normal
EVT-000475,2026-03-02 15:40:00,PROD_ENCODE,CUST_103,VID-01075,12.2,4.6,33.57,normal
EVT-000476,2026-03-02 15:44:00,PROD_VOD,CUST_104,VID-01076,51.0,2.23,22.61,normal
EVT-000477,2026-03-02 15:48:00,PROD_LIVE,CUST_104,VID-01077,16.1,5.35,19.77,normal
EVT-000478,2026-03-02 15:52:00,PROD_LIVE,CUST_106,VID-01078,47.5,1.5,12.97,normal
EVT-000479,2026-03-02 15:56:00,PROD_LIVE,CUST_103,VID-01079,47.6,10.3,15.31,normal
EVT-000480,2026-03-09 16:00:00,PROD_LIVE,CUST_101,VID-01080,61.5,10.31,68.07,delayed
EVT-000481,2026-03-02 16:04:00,PROD_OTT,CUST_104,VID-01081,19.1,11.7,29.19,normal
EVT-000482,2026-03-02 16:08:00,PROD_OTT,CUST_102,VID-01082,56.3,3.69,60.89,normal
EVT-000483,2026-03-02 16:12:00,PROD_ENCODE,CUST_101,VID-01083,92.0,14.54,42.83,normal
EVT-000484,2026-03-02 16:16:00,PROD_LIVE,CUST_106,VID-01084,59.8,13.47,32.72,normal
EVT-000485,2026-03-02 16:20:00,PROD_LIVE,CUST_105,VID-01085,21.7,3.48,28.41,normal
EVT-000486,2026-03-02 16:24:00,PROD_ENCODE,CUST_106,VID-01086,58.3,5.17,32.2,normal
EVT-000487,2026-03-02 16:28:00,PROD_VOD,CUST_103,VID-01087,23.4,7.24,16.66,normal
EVT-000488,2026-03-02 16:32:00,PROD_OTT,CUST_106,VID-01088,7.8,6.04,22.46,normal
EVT-000489,2026-03-02 16:36:00,PROD_OTT,CUST_101,VID-01089,50.1,13.12,17.6,normal
EVT-000490,2026-03-02 16:40:00,PROD_LIVE,CUST_106,VID-01090,50.4,9.32,19.85,normal
EVT-000491,2026-03-02 16:44:00,PROD_OTT,CUST_103,VID-01091,10.9,7.91,25.09,normal
EVT-000492,2026-03-02 16:48:00,PROD_VOD,CUST_106,VID-01092,59.5,2.42,9.71,normal
EVT-000493,2026-03-02 16:52:00,PROD_VOD,CUST_101,VID-01093,60.9,16.21,29.6,normal
EVT-000494,2026-03-02 16:56:00,PROD_VOD,CUST_102,VID-01094,46.1,10.26,66.2,normal
EVT-000495,2026-03-02 17:00:00,PROD_ENCODE,CUST_101,VID-01095,85.5,6.96,45.83,normal
EVT-000496,2026-03-02 17:04:00,PROD_ENCODE,CUST_106,VID-01096,39.2,13.87,12.4,normal
EVT-000497,2026-03-02 17:08:00,PROD_OTT,CUST_106,VID-01097,56.7,10.56,34.94,normal
EVT-000498,2026-03-02 17:12:00,PROD_VOD,CUST_106,VID-01098,12.4,7.13,12.35,normal
EVT-000499,2026-03-02 17:16:00,PROD_OTT,CUST_101,VID-01099,11.2,26.08,54.13,normal
EVT-000500,2026-03-02 17:20:00,PROD_VOD,CUST_101,VID-01100,-15.0,11.44,60.95,normal
EVT-000501,2026-03-02 17:24:00,PROD_LIVE,CUST_103,VID-01101,58.2,10.17,24.65,normal
EVT-000502,2026-03-02 17:28:00,PROD_OTT,CUST_104,VID-01102,39.9,9.65,3.06,normal
EVT-000503,2026-03-02 17:32:00,PROD_OTT,CUST_101,VID-01103,115.1,15.78,54.49,normal
EVT-000504,2026-03-02 17:36:00,PROD_LIVE,CUST_102,VID-01104,61.0,17.42,65.43,normal
EVT-000505,2026-03-02 17:40:00,PROD_OTT,CUST_106,VID-01105,6.5,4.23,26.78,normal
EVT-000506,2026-03-02 17:44:00,PROD_VOD,CUST_101,VID-01106,11.1,12.99,67.19,normal
EVT-000507,2026-03-02 17:48:00,PROD_LIVE,CUST_103,VID-01107,47.5,1.17,24.77,normal
EVT-000508,2026-03-02 17:52:00,PROD_VOD,CUST_101,VID-01108,40.5,5.53,6.07,normal
EVT-000509,2026-03-02 17:56:00,PROD_LIVE,CUST_104,VID-01109,7.5,9.56,34.09,normal
EVT-000510,2026-03-02 18:00:00,PROD_OTT,CUST_101,VID-01110,17.9,10.4,44.49,normal
EVT-000511,2026-03-02 18:04:00,PROD_VOD,CUST_102,VID-01111,119.0,11.43,44.61,normal
EVT-000512,2026-03-02 18:08:00,PROD_LIVE,CUST_105,VID-01112,24.8,11.64,10.04,normal
EVT-000513,2026-03-02 18:12:00,PROD_OTT,CUST_106,VID-01113,36.2,3.05,13.92,normal
EVT-000514,2026-03-02 18:16:00,PROD_VOD,CUST_101,VID-01114,16.5,28.99,41.58,normal
EVT-000515,2026-03-02 18:20:00,PROD_VOD,CUST_106,VID-01115,6.1,9.0,33.12,normal
EVT-000516,2026-03-02 18:24:00,PROD_VOD,CUST_101,VID-01116,70.1,22.08,35.52,normal
EVT-000517,2026-03-02 18:28:00,PROD_VOD,CUST_106,VID-01117,54.2,14.95,18.53,normal
EVT-000518,2026-03-02 18:32:00,PROD_LIVE,CUST_106,VID-01118,53.9,4.05,8.4,normal
EVT-000519,2026-03-02 18:36:00,PROD_OTT,CUST_103,VID-01119,37.0,14.48,14.37,normal
EVT-000520,2026-03-02 18:40:00,PROD_LIVE,CUST_101,VID-01120,10.3,15.74,28.88,normal
EVT-000521,2026-03-02 18:44:00,PROD_LIVE,CUST_103,VID-01121,23.0,4.05,22.89,normal
EVT-000522,2026-03-02 18:48:00,PROD_VOD,CUST_101,VID-01122,64.3,29.59,24.66,normal
EVT-000523,2026-03-02 18:52:00,PROD_LIVE,CUST_104,VID-01123,15.1,2.48,19.73,normal
EVT-000524,2026-03-02 18:56:00,PROD_LIVE,CUST_105,VID-01124,8.4,3.61,33.25,normal
EVT-000525,2026-03-02 19:00:00,PROD_LIVE,CUST_102,VID-01125,96.8,10.62,60.5,normal
EVT-000526,2026-03-02 19:04:00,PROD_VOD,CUST_101,VID-01126,91.1,2.89,6.63,normal
EVT-000527,2026-03-02 19:08:00,PROD_ENCODE,CUST_106,VID-01127,7.6,4.42,23.03,normal
EVT-000528,2026-03-02 19:12:00,PROD_ENCODE,CUST_105,VID-01128,18.9,1.2,31.25,normal
EVT-000529,2026-03-02 19:16:00,PROD_VOD,CUST_101,VID-01129,52.2,14.43,56.44,normal
EVT-000530,2026-03-02 19:20:00,PROD_VOD,CUST_103,VID-01130,54.3,5.68,34.18,normal
EVT-000531,2026-03-02 19:24:00,PROD_ENCODE,CUST_103,VID-01131,46.5,14.94,20.36,normal
EVT-000532,2026-03-02 19:28:00,PROD_ENCODE,CUST_103,VID-01132,52.1,13.05,4.89,normal
EVT-000533,2026-03-02 19:32:00,PROD_ENCODE,CUST_103,VID-01133,14.2,1.65,33.46,normal
EVT-000534,2026-03-02 19:36:00,PROD_LIVE,CUST_104,VID-01134,41.9,13.35,28.31,normal
EVT-000535,2026-03-02 19:40:00,PROD_LIVE,CUST_104,VID-01135,25.4,8.29,4.57,normal
EVT-000536,2026-03-02 19:44:00,PROD_ENCODE,CUST_104,VID-01136,53.9,10.73,6.16,normal
EVT-000537,2026-03-02 19:48:00,PROD_ENCODE,CUST_101,VID-01137,20.0,11.64,14.7,normal
EVT-000538,2026-03-02 19:52:00,PROD_VOD,CUST_102,VID-01138,30.8,21.61,15.1,normal
EVT-000539,2026-03-02 19:56:00,PROD_LIVE,CUST_101,VID-01139,48.8,27.49,55.85,normal
EVT-000540,2026-03-01 08:00:00,PROD_ENCODE,CUST_106,VID-01140,5.2,6.12,5.12,out_of_order
EVT-000541,2026-03-02 20:04:00,PROD_VOD,CUST_101,VID-01141,65.3,7.92,28.51,normal
EVT-000542,2026-03-02 20:08:00,PROD_VOD,CUST_106,VID-01142,37.4,5.38,26.74,normal
EVT-000543,2026-03-02 20:12:00,PROD_ENCODE,CUST_102,VID-01143,87.4,4.64,40.7,normal
EVT-000544,2026-03-02 20:16:00,PROD_VOD,CUST_106,VID-01144,7.8,14.89,13.21,normal
EVT-000545,2026-03-02 20:20:00,PROD_LIVE,CUST_104,VID-01145,34.4,12.32,21.93,normal
EVT-000546,2026-03-02 20:24:00,PROD_LIVE,CUST_101,VID-01146,70.2,12.51,66.21,normal
EVT-000547,2026-03-02 20:28:00,PROD_ENCODE,CUST_102,VID-01147,98.4,9.73,67.46,normal
EVT-000548,2026-03-02 20:32:00,PROD_OTT,CUST_101,VID-01148,82.3,29.87,13.11,normal
EVT-000549,2026-03-02 20:36:00,PROD_ENCODE,CUST_102,VID-01149,10.1,6.97,18.11,normal
EVT-000550,2026-03-02 20:40:00,PROD_OTT,CUST_105,VID-01150,12.0,13.97,34.32,normal
EVT-000551,2026-03-02 20:44:00,PROD_LIVE,CUST_106,VID-01151,57.0,1.83,4.93,normal
EVT-000552,2026-03-02 20:48:00,PROD_OTT,CUST_104,VID-01152,59.3,10.17,26.13,normal
EVT-000553,2026-03-02 20:52:00,PROD_VOD,CUST_101,VID-01153,56.4,28.7,27.75,normal
EVT-000554,2026-03-02 20:56:00,PROD_LIVE,CUST_106,VID-01154,5.6,2.77,22.7,normal
EVT-000555,2026-03-02 21:00:00,PROD_VOD,CUST_102,VID-01155,14.0,7.82,7.35,normal
EVT-000556,2026-03-02 21:04:00,PROD_LIVE,CUST_102,VID-01156,103.8,5.66,32.97,normal
EVT-000557,2026-03-02 21:08:00,PROD_OTT,CUST_102,VID-01157,86.5,4.89,28.61,normal
EVT-000558,2026-03-02 21:12:00,PROD_LIVE,CUST_101,VID-01158,108.8,23.26,37.22,normal
EVT-000559,2026-03-02 21:16:00,PROD_ENCODE,CUST_103,VID-01159,53.7,6.7,15.06,normal
EVT-000560,2026-03-09 21:20:00,PROD_VOD,CUST_106,VID-01160,59.1,1.8,25.6,delayed
EVT-000561,2026-03-02 21:24:00,PROD_LIVE,CUST_104,VID-01161,30.1,5.98,31.8,normal
EVT-000562,2026-03-02 21:28:00,PROD_VOD,CUST_105,VID-01162,34.5,2.85,4.34,normal
EVT-000563,2026-03-02 21:32:00,PROD_VOD,CUST_106,VID-01163,13.9,9.38,15.72,normal
EVT-000564,2026-03-02 21:36:00,PROD_VOD,CUST_104,VID-01164,21.4,13.11,3.35,normal
EVT-000565,2026-03-02 21:40:00,PROD_LIVE,CUST_105,VID-01165,46.2,8.43,5.94,normal
EVT-000566,2026-03-02 21:44:00,PROD_VOD,CUST_103,VID-01166,18.6,14.52,19.86,normal
EVT-000567,2026-03-02 21:48:00,PROD_OTT,CUST_101,VID-01167,78.2,12.97,13.96,normal
EVT-000568,2026-03-02 21:52:00,PROD_VOD,CUST_102,VID-01168,113.3,13.75,4.92,normal
EVT-000569,2026-03-02 21:56:00,PROD_VOD,CUST_103,VID-01169,27.3,13.39,33.97,normal
EVT-000570,2026-03-02 22:00:00,PROD_ENCODE,CUST_104,VID-01170,30.3,11.54,31.4,normal
EVT-000571,2026-03-02 22:04:00,PROD_ENCODE,CUST_102,VID-01171,87.0,28.04,9.55,normal
EVT-000572,2026-03-02 22:08:00,PROD_ENCODE,CUST_103,VID-01172,24.9,5.24,11.47,normal
EVT-000573,2026-03-02 22:12:00,PROD_OTT,CUST_103,VID-01173,41.1,7.17,16.24,normal
EVT-000574,2026-03-02 22:16:00,PROD_LIVE,CUST_106,VID-01174,21.8,11.78,25.67,normal
EVT-000575,2026-03-02 22:20:00,PROD_ENCODE,CUST_103,VID-01175,5.5,10.06,14.44,normal
EVT-000576,2026-03-02 22:24:00,PROD_ENCODE,CUST_102,VID-01176,24.2,6.73,12.89,normal
EVT-000577,2026-03-02 22:28:00,PROD_VOD,CUST_101,VID-01177,42.5,6.11,18.29,normal
EVT-000578,2026-03-02 22:32:00,PROD_ENCODE,CUST_106,VID-01178,12.6,12.6,13.34,normal
EVT-000579,2026-03-02 22:36:00,PROD_OTT,CUST_103,VID-01179,42.0,2.42,18.98,normal
EVT-000580,2026-03-02 22:40:00,PROD_VOD,CUST_105,VID-01180,45.4,14.29,21.61,normal
EVT-000581,2026-03-02 22:44:00,PROD_VOD,CUST_106,VID-01181,39.3,6.71,23.1,normal
EVT-000582,2026-03-02 22:48:00,PROD_OTT,CUST_106,VID-01182,9.7,9.41,24.53,normal
EVT-000583,2026-03-02 22:52:00,PROD_OTT,CUST_102,VID-01183,32.1,11.49,19.8,normal
EVT-000584,2026-03-02 22:56:00,PROD_LIVE,CUST_106,VID-01184,58.1,14.85,33.26,normal
EVT-000585,2026-03-02 23:00:00,PROD_LIVE,CUST_103,VID-01185,41.7,6.11,9.78,normal
EVT-000586,2026-03-02 23:04:00,PROD_LIVE,CUST_103,VID-01186,57.2,14.29,3.15,normal
EVT-000587,2026-03-02 23:08:00,PROD_LIVE,CUST_101,VID-01187,18.7,25.36,59.99,normal
EVT-000588,2026-03-02 23:12:00,PROD_ENCODE,CUST_104,VID-01188,6.5,14.72,10.81,normal
EVT-000589,2026-03-02 23:16:00,PROD_ENCODE,CUST_106,VID-01189,26.5,10.66,24.28,normal
EVT-000590,2026-03-02 23:20:00,PROD_ENCODE,CUST_103,VID-01190,48.8,6.62,25.5,normal
EVT-000591,2026-03-02 23:24:00,PROD_OTT,CUST_106,VID-01191,47.5,13.62,22.98,normal
EVT-000592,2026-03-02 23:28:00,PROD_LIVE,CUST_103,VID-01192,58.2,7.11,20.62,normal
EVT-000593,2026-03-02 23:32:00,PROD_OTT,CUST_104,VID-01193,26.3,11.19,27.64,normal
EVT-000594,2026-03-02 23:36:00,PROD_ENCODE,CUST_101,VID-01194,57.4,27.37,12.35,normal
EVT-000595,2026-03-02 23:40:00,PROD_LIVE,CUST_103,VID-01195,20.7,1.31,25.03,normal
EVT-000596,2026-03-02 23:44:00,PROD_VOD,CUST_105,VID-01196,23.3,12.74,22.4,normal
EVT-000597,2026-03-02 23:48:00,PROD_OTT,CUST_105,VID-01197,9.8,5.78,27.09,normal
EVT-000598,2026-03-02 23:52:00,PROD_LIVE,CUST_103,VID-01198,48.3,6.2,14.58,normal
EVT-000599,2026-03-02 23:56:00,PROD_OTT,CUST_104,VID-01199,15.0,12.95,9.9,normal
EVT-000600,2026-03-03 00:00:00,PROD_ENCODE,CUST_103,VID-01200,-15.0,6.15,25.67,normal
EVT-000601,2026-03-03 00:04:00,PROD_VOD,CUST_103,VID-01201,15.0,2.72,28.85,normal
EVT-000602,2026-03-03 00:08:00,PROD_VOD,CUST_106,VID-01202,57.5,10.11,21.26,normal
EVT-000603,2026-03-03 00:12:00,PROD_LIVE,CUST_102,VID-01203,113.5,24.86,23.87,normal
EVT-000604,2026-03-03 00:16:00,PROD_OTT,CUST_103,VID-01204,16.7,12.33,16.94,normal
EVT-000605,2026-03-03 00:20:00,PROD_ENCODE,CUST_102,VID-01205,82.4,14.82,10.88,normal
EVT-000606,2026-03-03 00:24:00,PROD_VOD,CUST_101,VID-01206,68.8,21.22,12.05,normal
EVT-000607,2026-03-03 00:28:00,PROD_OTT,CUST_102,VID-01207,25.6,5.37,28.31,normal
EVT-000608,2026-03-03 00:32:00,PROD_ENCODE,CUST_101,VID-01208,110.8,17.6,25.01,normal
EVT-000609,2026-03-03 00:36:00,PROD_LIVE,CUST_103,VID-01209,49.9,10.21,26.39,normal
EVT-000610,2026-03-03 00:40:00,PROD_LIVE,CUST_104,VID-01210,53.9,8.08,17.2,normal
EVT-000611,2026-03-03 00:44:00,PROD_OTT,CUST_106,VID-01211,40.8,10.5,3.6,normal
EVT-000612,2026-03-03 00:48:00,PROD_ENCODE,CUST_102,VID-01212,80.7,6.58,46.77,normal
EVT-000613,2026-03-03 00:52:00,PROD_VOD,CUST_106,VID-01213,34.1,12.15,30.89,normal
EVT-000614,2026-03-03 00:56:00,PROD_LIVE,CUST_102,VID-01214,109.5,14.96,12.72,normal
EVT-000615,2026-03-03 01:00:00,PROD_ENCODE,CUST_104,VID-01215,42.5,6.69,8.43,normal
EVT-000616,2026-03-03 01:04:00,PROD_VOD,CUST_101,VID-01216,40.7,3.73,58.61,normal
EVT-000617,2026-03-03 01:08:00,PROD_OTT,CUST_102,VID-01217,99.5,28.11,8.15,normal
EVT-000618,2026-03-03 01:12:00,PROD_OTT,CUST_103,VID-01218,40.7,10.22,3.51,normal
EVT-000619,2026-03-03 01:16:00,PROD_VOD,CUST_102,VID-01219,63.2,21.11,52.15,normal
EVT-000620,2026-03-03 01:20:00,PROD_VOD,CUST_103,VID-01220,15.2,7.48,29.94,normal
EVT-000621,2026-03-03 01:24:00,PROD_LIVE,CUST_101,VID-01221,56.8,18.92,18.96,normal
EVT-000622,2026-03-03 01:28:00,PROD_VOD,CUST_102,VID-01222,93.9,16.81,45.42,normal
EVT-000623,2026-03-03 01:32:00,PROD_VOD,CUST_104,VID-01223,59.6,13.72,8.55,normal
EVT-000624,2026-03-03 01:36:00,PROD_LIVE,CUST_104,VID-01224,39.2,5.91,7.09,normal
EVT-000625,2026-03-03 01:40:00,PROD_ENCODE,CUST_102,VID-01225,109.7,2.75,46.56,normal
EVT-000626,2026-03-03 01:44:00,PROD_ENCODE,CUST_102,VID-01226,47.8,22.14,67.78,normal
EVT-000627,2026-03-03 01:48:00,PROD_OTT,CUST_106,VID-01227,42.6,13.73,6.9,normal
EVT-000628,2026-03-03 01:52:00,PROD_LIVE,CUST_106,VID-01228,43.1,12.41,9.49,normal
EVT-000629,2026-03-03 01:56:00,PROD_LIVE,CUST_105,VID-01229,38.2,3.44,11.48,normal
EVT-000630,2026-03-01 14:00:00,PROD_ENCODE,CUST_106,VID-01230,43.1,13.52,29.44,out_of_order
EVT-000631,2026-03-03 02:04:00,PROD_OTT,CUST_102,VID-01231,24.2,13.85,9.75,normal
EVT-000632,2026-03-03 02:08:00,PROD_OTT,CUST_101,VID-01232,61.6,4.57,7.23,normal
EVT-000633,2026-03-03 02:12:00,PROD_ENCODE,CUST_101,VID-01233,66.3,12.89,36.86,normal
EVT-000634,2026-03-03 02:16:00,PROD_VOD,CUST_105,VID-01234,49.4,12.62,8.6,normal
EVT-000635,2026-03-03 02:20:00,PROD_VOD,CUST_101,VID-01235,11.6,5.49,30.16,normal
EVT-000636,2026-03-03 02:24:00,PROD_OTT,CUST_106,VID-01236,51.5,12.53,20.27,normal
EVT-000637,2026-03-03 02:28:00,PROD_LIVE,CUST_106,VID-01237,9.9,13.03,23.99,normal
EVT-000638,2026-03-03 02:32:00,PROD_ENCODE,CUST_106,VID-01238,46.9,8.48,10.52,normal
EVT-000639,2026-03-03 02:36:00,PROD_ENCODE,CUST_104,VID-01239,16.0,7.2,10.67,normal
EVT-000640,2026-03-10 02:40:00,PROD_LIVE,CUST_102,VID-01240,117.8,29.0,68.82,delayed
EVT-000641,2026-03-03 02:44:00,PROD_LIVE,CUST_102,VID-01241,114.8,27.75,37.55,normal
EVT-000642,2026-03-03 02:48:00,PROD_VOD,CUST_105,VID-01242,21.1,14.96,13.42,normal
EVT-000643,2026-03-03 02:52:00,PROD_LIVE,CUST_106,VID-01243,49.9,14.87,22.83,normal
EVT-000644,2026-03-03 02:56:00,PROD_LIVE,CUST_102,VID-01244,90.8,11.9,7.77,normal
EVT-000645,2026-03-03 03:00:00,PROD_LIVE,CUST_105,VID-01245,59.6,5.73,14.26,normal
EVT-000646,2026-03-03 03:04:00,PROD_VOD,CUST_104,VID-01246,18.3,13.56,28.08,normal
EVT-000647,2026-03-03 03:08:00,PROD_ENCODE,CUST_102,VID-01247,17.3,20.14,39.08,normal
EVT-000648,2026-03-03 03:12:00,PROD_OTT,CUST_104,VID-01248,42.6,7.88,5.45,normal
EVT-000649,2026-03-03 03:16:00,PROD_LIVE,CUST_101,VID-01249,63.4,10.83,60.55,normal
EVT-000650,2026-03-03 03:20:00,PROD_OTT,CUST_101,VID-01250,81.9,11.07,4.89,normal
EVT-000651,2026-03-03 03:24:00,PROD_VOD,CUST_102,VID-01251,95.2,6.89,47.63,normal
EVT-000652,2026-03-03 03:28:00,PROD_OTT,CUST_106,VID-01252,27.0,8.99,25.76,normal
EVT-000653,2026-03-03 03:32:00,PROD_OTT,CUST_104,VID-01253,8.5,11.23,28.09,normal
EVT-000654,2026-03-03 03:36:00,PROD_VOD,CUST_103,VID-01254,22.5,8.96,28.38,normal
EVT-000655,2026-03-03 03:40:00,PROD_VOD,CUST_103,VID-01255,9.8,14.68,10.83,normal
EVT-000656,2026-03-03 03:44:00,PROD_VOD,CUST_105,VID-01256,47.2,10.43,12.89,normal
EVT-000657,2026-03-03 03:48:00,PROD_OTT,CUST_101,VID-01257,72.7,20.77,42.03,normal
EVT-000658,2026-03-03 03:52:00,PROD_ENCODE,CUST_105,VID-01258,59.2,9.27,16.88,normal
EVT-000659,2026-03-03 03:56:00,PROD_ENCODE,CUST_103,VID-01259,49.3,1.84,28.51,normal
EVT-000660,2026-03-03 04:00:00,PROD_LIVE,CUST_101,VID-01260,37.9,14.17,14.45,normal
EVT-000661,2026-03-03 04:04:00,PROD_VOD,CUST_101,VID-01261,78.5,20.26,10.34,normal
EVT-000662,2026-03-03 04:08:00,PROD_VOD,CUST_102,VID-01262,43.8,28.34,41.72,normal
EVT-000663,2026-03-03 04:12:00,PROD_ENCODE,CUST_105,VID-01263,27.2,8.45,23.36,normal
EVT-000664,2026-03-03 04:16:00,PROD_ENCODE,CUST_101,VID-01264,72.3,16.65,18.23,normal
EVT-000665,2026-03-03 04:20:00,PROD_LIVE,CUST_104,VID-01265,32.0,7.77,4.64,normal
EVT-000666,2026-03-03 04:24:00,PROD_LIVE,CUST_102,VID-01266,58.2,12.9,54.47,normal
EVT-000667,2026-03-03 04:28:00,PROD_ENCODE,CUST_103,VID-01267,43.2,14.49,19.65,normal
EVT-000668,2026-03-03 04:32:00,PROD_ENCODE,CUST_106,VID-01268,35.0,5.93,29.74,normal
EVT-000669,2026-03-03 04:36:00,PROD_LIVE,CUST_106,VID-01269,42.7,13.6,25.04,normal
EVT-000670,2026-03-03 04:40:00,PROD_OTT,CUST_102,VID-01270,22.7,4.57,54.82,normal
EVT-000671,2026-03-03 04:44:00,PROD_OTT,CUST_103,VID-01271,15.4,14.35,24.18,normal
EVT-000672,2026-03-03 04:48:00,PROD_OTT,CUST_102,VID-01272,35.6,6.05,14.46,normal
EVT-000673,2026-03-03 04:52:00,PROD_VOD,CUST_103,VID-01273,51.3,11.84,18.05,normal
EVT-000674,2026-03-03 04:56:00,PROD_ENCODE,CUST_103,VID-01274,59.6,8.88,17.05,normal
EVT-000675,2026-03-03 05:00:00,PROD_OTT,CUST_104,VID-01275,5.4,1.7,6.63,normal
EVT-000676,2026-03-03 05:04:00,PROD_ENCODE,CUST_104,VID-01276,21.8,8.63,27.16,normal
EVT-000677,2026-03-03 05:08:00,PROD_ENCODE,CUST_104,VID-01277,21.4,7.27,16.85,normal
EVT-000678,2026-03-03 05:12:00,PROD_OTT,CUST_101,VID-01278,56.2,7.64,62.77,normal
EVT-000679,2026-03-03 05:16:00,PROD_ENCODE,CUST_106,VID-01279,59.5,4.6,12.91,normal
EVT-000680,2026-03-03 05:20:00,PROD_VOD,CUST_104,VID-01280,18.4,5.41,9.28,normal
EVT-000681,2026-03-03 05:24:00,PROD_LIVE,CUST_101,VID-01281,74.8,12.81,21.98,normal
EVT-000682,2026-03-03 05:28:00,PROD_ENCODE,CUST_105,VID-01282,15.3,7.5,4.61,normal
EVT-000683,2026-03-03 05:32:00,PROD_OTT,CUST_102,VID-01283,72.6,12.64,25.19,normal
EVT-000684,2026-03-03 05:36:00,PROD_VOD,CUST_106,VID-01284,25.4,7.52,2.26,normal
EVT-000685,2026-03-03 05:40:00,PROD_OTT,CUST_103,VID-01285,11.1,8.41,17.27,normal
EVT-000686,2026-03-03 05:44:00,PROD_LIVE,CUST_104,VID-01286,21.5,14.82,30.16,normal
EVT-000687,2026-03-03 05:48:00,PROD_OTT,CUST_105,VID-01287,39.1,8.83,20.81,normal
EVT-000688,2026-03-03 05:52:00,PROD_OTT,CUST_105,VID-01288,26.6,13.92,15.66,normal
EVT-000689,2026-03-03 05:56:00,PROD_ENCODE,CUST_102,VID-01289,42.8,11.25,21.27,normal
EVT-000690,2026-03-03 06:00:00,PROD_OTT,CUST_106,VID-01290,17.2,10.93,27.92,normal
EVT-000691,2026-03-03 06:04:00,PROD_OTT,CUST_105,VID-01291,11.7,8.97,21.91,normal
EVT-000692,2026-03-03 06:08:00,PROD_LIVE,CUST_105,VID-01292,18.3,10.88,30.3,normal
EVT-000693,2026-03-03 06:12:00,PROD_OTT,CUST_105,VID-01293,29.8,4.17,31.07,normal
EVT-000694,2026-03-03 06:16:00,PROD_ENCODE,CUST_103,VID-01294,5.9,11.63,29.61,normal
EVT-000695,2026-03-03 06:20:00,PROD_LIVE,CUST_102,VID-01295,34.7,18.61,37.03,normal
EVT-000696,2026-03-03 06:24:00,PROD_LIVE,CUST_105,VID-01296,44.8,11.13,9.21,normal
EVT-000697,2026-03-03 06:28:00,PROD_OTT,CUST_101,VID-01297,37.4,4.9,4.53,normal
EVT-000698,2026-03-03 06:32:00,PROD_ENCODE,CUST_102,VID-01298,16.7,6.85,60.79,normal
EVT-000699,2026-03-03 06:36:00,PROD_VOD,CUST_104,VID-01299,23.0,13.59,19.11,normal
EVT-000700,2026-03-03 06:40:00,PROD_LIVE,CUST_103,VID-01300,-15.0,11.98,14.23,normal
EVT-000701,2026-03-03 06:44:00,PROD_ENCODE,CUST_105,VID-01301,12.3,11.89,3.23,normal
EVT-000702,2026-03-03 06:48:00,PROD_VOD,CUST_101,VID-01302,43.2,17.87,59.98,normal
EVT-000703,2026-03-03 06:52:00,PROD_ENCODE,CUST_101,VID-01303,26.3,19.11,41.39,normal
EVT-000704,2026-03-03 06:56:00,PROD_VOD,CUST_102,VID-01304,108.7,26.49,11.04,normal
EVT-000705,2026-03-03 07:00:00,PROD_VOD,CUST_102,VID-01305,90.7,14.92,60.66,normal
EVT-000706,2026-03-03 07:04:00,PROD_OTT,CUST_105,VID-01306,43.9,6.48,12.92,normal
EVT-000707,2026-03-03 07:08:00,PROD_OTT,CUST_106,VID-01307,42.3,7.6,2.08,normal
EVT-000708,2026-03-03 07:12:00,PROD_ENCODE,CUST_101,VID-01308,111.5,19.07,66.33,normal
EVT-000709,2026-03-03 07:16:00,PROD_OTT,CUST_106,VID-01309,24.8,5.18,10.56,normal
EVT-000710,2026-03-03 07:20:00,PROD_OTT,CUST_104,VID-01310,26.3,2.18,9.35,normal
EVT-000711,2026-03-03 07:24:00,PROD_OTT,CUST_101,VID-01311,107.4,10.31,16.12,normal
EVT-000712,2026-03-03 07:28:00,PROD_ENCODE,CUST_102,VID-01312,112.6,22.74,6.21,normal
EVT-000713,2026-03-03 07:32:00,PROD_LIVE,CUST_102,VID-01313,44.1,10.2,21.5,normal
EVT-000714,2026-03-03 07:36:00,PROD_LIVE,CUST_106,VID-01314,10.9,5.22,23.89,normal
EVT-000715,2026-03-03 07:40:00,PROD_ENCODE,CUST_105,VID-01315,45.8,10.45,23.72,normal
EVT-000716,2026-03-03 07:44:00,PROD_VOD,CUST_101,VID-01316,70.7,27.24,66.67,normal
EVT-000717,2026-03-03 07:48:00,PROD_OTT,CUST_106,VID-01317,43.9,2.97,30.39,normal
EVT-000718,2026-03-03 07:52:00,PROD_ENCODE,CUST_105,VID-01318,57.8,3.14,28.56,normal
EVT-000719,2026-03-03 07:56:00,PROD_VOD,CUST_106,VID-01319,41.4,7.82,31.35,normal
EVT-000720,2026-03-10 08:00:00,PROD_VOD,CUST_104,VID-01320,19.5,14.91,11.97,delayed
EVT-000721,2026-03-03 08:04:00,PROD_OTT,CUST_101,VID-01321,27.1,17.02,56.23,normal
EVT-000722,2026-03-03 08:08:00,PROD_OTT,CUST_101,VID-01322,28.0,24.82,44.23,normal
EVT-000723,2026-03-03 08:12:00,PROD_OTT,CUST_104,VID-01323,26.5,3.54,26.8,normal
EVT-000724,2026-03-03 08:16:00,PROD_LIVE,CUST_102,VID-01324,32.1,16.57,14.12,normal
EVT-000725,2026-03-03 08:20:00,PROD_LIVE,CUST_101,VID-01325,25.0,5.76,30.48,normal
EVT-000726,2026-03-03 08:24:00,PROD_VOD,CUST_102,VID-01326,32.5,2.28,5.45,normal
EVT-000727,2026-03-03 08:28:00,PROD_LIVE,CUST_103,VID-01327,27.5,7.17,26.22,normal
EVT-000728,2026-03-03 08:32:00,PROD_VOD,CUST_106,VID-01328,54.5,11.97,14.05,normal
EVT-000729,2026-03-03 08:36:00,PROD_VOD,CUST_104,VID-01329,52.1,2.99,17.79,normal
EVT-000730,2026-03-03 08:40:00,PROD_OTT,CUST_103,VID-01330,18.7,11.48,7.73,normal
EVT-000731,2026-03-03 08:44:00,PROD_OTT,CUST_102,VID-01331,16.2,28.36,15.42,normal
EVT-000732,2026-03-03 08:48:00,PROD_LIVE,CUST_106,VID-01332,37.0,11.77,28.93,normal
EVT-000733,2026-03-03 08:52:00,PROD_LIVE,CUST_102,VID-01333,13.2,9.58,64.58,normal
EVT-000734,2026-03-03 08:56:00,PROD_LIVE,CUST_101,VID-01334,24.0,10.29,8.49,normal
EVT-000735,2026-03-03 09:00:00,PROD_VOD,CUST_101,VID-01335,60.0,6.57,14.78,normal
EVT-000736,2026-03-03 09:04:00,PROD_LIVE,CUST_103,VID-01336,7.9,6.23,16.5,normal
EVT-000737,2026-03-03 09:08:00,PROD_ENCODE,CUST_103,VID-01337,41.3,8.65,26.08,normal
EVT-000738,2026-03-03 09:12:00,PROD_VOD,CUST_104,VID-01338,40.3,10.67,12.6,normal
EVT-000739,2026-03-03 09:16:00,PROD_OTT,CUST_104,VID-01339,10.8,12.01,21.82,normal
EVT-000740,2026-03-03 09:20:00,PROD_LIVE,CUST_103,VID-01340,7.8,6.04,19.87,normal
EVT-000741,2026-03-03 09:24:00,PROD_ENCODE,CUST_102,VID-01341,96.7,15.14,13.79,normal
EVT-000742,2026-03-03 09:28:00,PROD_VOD,CUST_102,VID-01342,27.1,18.77,56.98,normal
EVT-000743,2026-03-03 09:32:00,PROD_OTT,CUST_104,VID-01343,26.7,8.47,25.52,normal
EVT-000744,2026-03-03 09:36:00,PROD_LIVE,CUST_102,VID-01344,63.4,19.56,33.79,normal
EVT-000745,2026-03-03 09:40:00,PROD_VOD,CUST_102,VID-01345,21.0,4.37,68.64,normal
EVT-000746,2026-03-03 09:44:00,PROD_VOD,CUST_105,VID-01346,30.2,8.19,9.78,normal
EVT-000747,2026-03-03 09:48:00,PROD_OTT,CUST_106,VID-01347,35.4,12.3,26.51,normal
EVT-000748,2026-03-03 09:52:00,PROD_VOD,CUST_106,VID-01348,55.4,14.66,4.44,normal
EVT-000749,2026-03-03 09:56:00,PROD_VOD,CUST_104,VID-01349,21.0,1.5,22.77,normal
EVT-000750,2026-03-03 10:00:00,PROD_LIVE,CUST_105,VID-01350,13.3,2.45,34.06,normal
EVT-000751,2026-03-03 10:04:00,PROD_OTT,CUST_106,VID-01351,24.5,9.37,26.26,normal
EVT-000752,2026-03-03 10:08:00,PROD_VOD,CUST_104,VID-01352,10.6,3.46,31.88,normal
EVT-000753,2026-03-03 10:12:00,PROD_ENCODE,CUST_106,VID-01353,19.0,4.08,17.0,normal
EVT-000754,2026-03-03 10:16:00,PROD_LIVE,CUST_101,VID-01354,49.7,10.1,13.53,normal
EVT-000755,2026-03-03 10:20:00,PROD_ENCODE,CUST_102,VID-01355,51.5,10.97,57.52,normal
EVT-000756,2026-03-03 10:24:00,PROD_ENCODE,CUST_102,VID-01356,110.0,22.72,4.1,normal
EVT-000757,2026-03-03 10:28:00,PROD_LIVE,CUST_102,VID-01357,117.4,10.24,33.23,normal
EVT-000758,2026-03-03 10:32:00,PROD_VOD,CUST_103,VID-01358,32.6,8.26,18.78,normal
EVT-000759,2026-03-03 10:36:00,PROD_OTT,CUST_101,VID-01359,39.8,2.58,14.97,normal
EVT-000760,2026-03-03 10:40:00,PROD_OTT,CUST_105,VID-01360,42.6,11.72,24.58,normal
EVT-000761,2026-03-03 10:44:00,PROD_VOD,CUST_105,VID-01361,47.1,5.39,28.0,normal
EVT-000762,2026-03-03 10:48:00,PROD_ENCODE,CUST_104,VID-01362,19.2,10.83,7.99,normal
EVT-000763,2026-03-03 10:52:00,PROD_ENCODE,CUST_106,VID-01363,41.2,3.24,30.96,normal
EVT-000764,2026-03-03 10:56:00,PROD_OTT,CUST_104,VID-01364,17.8,3.59,32.4,normal
EVT-000765,2026-03-03 11:00:00,PROD_ENCODE,CUST_103,VID-01365,48.7,3.24,13.84,normal
EVT-000766,2026-03-03 11:04:00,PROD_LIVE,CUST_101,VID-01366,56.0,26.8,27.05,normal
EVT-000767,2026-03-03 11:08:00,PROD_VOD,CUST_102,VID-01367,99.0,5.75,47.17,normal
EVT-000768,2026-03-03 11:12:00,PROD_LIVE,CUST_102,VID-01368,75.2,5.28,25.29,normal
EVT-000769,2026-03-03 11:16:00,PROD_ENCODE,CUST_102,VID-01369,14.6,18.56,24.84,normal
EVT-000770,2026-03-03 11:20:00,PROD_ENCODE,CUST_102,VID-01370,57.9,14.97,51.53,normal
EVT-000771,2026-03-03 11:24:00,PROD_LIVE,CUST_106,VID-01371,27.5,12.57,25.85,normal
EVT-000772,2026-03-03 11:28:00,PROD_LIVE,CUST_101,VID-01372,57.5,4.13,47.77,normal
EVT-000773,2026-03-03 11:32:00,PROD_VOD,CUST_106,VID-01373,41.8,5.75,8.42,normal
EVT-000774,2026-03-03 11:36:00,PROD_VOD,CUST_102,VID-01374,82.0,23.29,6.67,normal
EVT-000775,2026-03-03 11:40:00,PROD_OTT,CUST_105,VID-01375,34.4,12.91,25.24,normal
EVT-000776,2026-03-03 11:44:00,PROD_LIVE,CUST_101,VID-01376,100.1,4.34,60.13,normal
EVT-000777,2026-03-03 11:48:00,PROD_VOD,CUST_102,VID-01377,96.0,12.42,23.54,normal
EVT-000778,2026-03-03 11:52:00,PROD_VOD,CUST_106,VID-01378,25.5,3.15,16.37,normal
EVT-000779,2026-03-03 11:56:00,PROD_ENCODE,CUST_105,VID-01379,32.5,6.62,31.49,normal
EVT-000780,2026-03-03 12:00:00,PROD_VOD,CUST_105,VID-01380,11.0,5.57,20.36,normal
EVT-000781,2026-03-03 12:04:00,PROD_VOD,CUST_104,VID-01381,22.0,5.28,6.41,normal
EVT-000782,2026-03-03 12:08:00,PROD_VOD,CUST_101,VID-01382,97.4,6.97,65.25,normal
EVT-000783,2026-03-03 12:12:00,PROD_ENCODE,CUST_104,VID-01383,40.1,7.73,29.45,normal
EVT-000784,2026-03-03 12:16:00,PROD_OTT,CUST_106,VID-01384,57.8,9.93,11.3,normal
EVT-000785,2026-03-03 12:20:00,PROD_ENCODE,CUST_106,VID-01385,22.1,11.43,21.66,normal
EVT-000786,2026-03-03 12:24:00,PROD_LIVE,CUST_102,VID-01386,42.6,7.05,44.29,normal
EVT-000787,2026-03-03 12:28:00,PROD_ENCODE,CUST_102,VID-01387,29.7,7.41,5.13,normal
EVT-000788,2026-03-03 12:32:00,PROD_VOD,CUST_101,VID-01388,41.3,19.13,39.11,normal
EVT-000789,2026-03-03 12:36:00,PROD_VOD,CUST_103,VID-01389,45.3,14.13,32.26,normal
EVT-000790,2026-03-03 12:40:00,PROD_VOD,CUST_101,VID-01390,61.8,19.22,14.13,normal
EVT-000791,2026-03-03 12:44:00,PROD_ENCODE,CUST_105,VID-01391,38.5,14.67,11.16,normal
EVT-000792,2026-03-03 12:48:00,PROD_VOD,CUST_106,VID-01392,13.8,10.78,5.66,normal
EVT-000793,2026-03-03 12:52:00,PROD_VOD,CUST_101,VID-01393,34.1,14.1,31.05,normal
EVT-000794,2026-03-03 12:56:00,PROD_LIVE,CUST_106,VID-01394,5.1,1.08,32.9,normal
EVT-000795,2026-03-03 13:00:00,PROD_LIVE,CUST_105,VID-01395,23.5,8.62,8.22,normal
EVT-000796,2026-03-03 13:04:00,PROD_VOD,CUST_101,VID-01396,45.4,3.3,57.43,normal
EVT-000797,2026-03-03 13:08:00,PROD_OTT,CUST_102,VID-01397,107.5,27.18,40.29,normal
EVT-000798,2026-03-03 13:12:00,PROD_VOD,CUST_103,VID-01398,35.4,3.27,15.79,normal
EVT-000799,2026-03-03 13:16:00,PROD_LIVE,CUST_106,VID-01399,47.8,11.74,4.06,normal
EVT-000800,2026-03-10 13:20:00,PROD_ENCODE,CUST_104,VID-01000,34.4,7.05,29.15,delayed
EVT-000801,2026-03-03 13:24:00,PROD_ENCODE,CUST_102,VID-01001,104.4,6.96,40.68,normal
EVT-000802,2026-03-03 13:28:00,PROD_LIVE,CUST_105,VID-01002,38.5,6.4,28.06,normal
EVT-000803,2026-03-03 13:32:00,PROD_LIVE,CUST_102,VID-01003,99.6,13.41,53.3,normal
EVT-000804,2026-03-03 13:36:00,PROD_OTT,CUST_106,VID-01004,11.3,9.84,19.9,normal
EVT-000805,2026-03-03 13:40:00,PROD_ENCODE,CUST_102,VID-01005,53.7,4.93,32.65,normal
EVT-000806,2026-03-03 13:44:00,PROD_OTT,CUST_101,VID-01006,10.1,4.08,14.23,normal
EVT-000807,2026-03-03 13:48:00,PROD_LIVE,CUST_102,VID-01007,109.0,22.07,14.06,normal
EVT-000808,2026-03-03 13:52:00,PROD_LIVE,CUST_103,VID-01008,54.4,7.46,21.8,normal
EVT-000809,2026-03-03 13:56:00,PROD_VOD,CUST_105,VID-01009,31.2,10.92,27.22,normal
EVT-000810,2026-03-02 02:00:00,PROD_VOD,CUST_104,VID-01010,57.4,7.75,14.73,out_of_order
EVT-000811,2026-03-03 14:04:00,PROD_VOD,CUST_104,VID-01011,46.6,11.13,29.24,normal
EVT-000812,2026-03-03 14:08:00,PROD_LIVE,CUST_101,VID-01012,79.8,28.16,38.49,normal
EVT-000813,2026-03-03 14:12:00,PROD_OTT,CUST_102,VID-01013,94.7,19.39,34.83,normal
EVT-000814,2026-03-03 14:16:00,PROD_ENCODE,CUST_104,VID-01014,11.4,13.86,24.93,normal
EVT-000815,2026-03-03 14:20:00,PROD_OTT,CUST_105,VID-01015,28.0,12.95,23.23,normal
EVT-000816,2026-03-03 14:24:00,PROD_OTT,CUST_103,VID-01016,41.3,3.49,24.29,normal
EVT-000817,2026-03-03 14:28:00,PROD_LIVE,CUST_106,VID-01017,26.5,6.16,33.46,normal
EVT-000818,2026-03-03 14:32:00,PROD_ENCODE,CUST_105,VID-01018,26.1,3.39,30.71,normal
EVT-000819,2026-03-03 14:36:00,PROD_VOD,CUST_102,VID-01019,45.6,7.72,44.71,normal
EVT-000820,2026-03-03 14:40:00,PROD_LIVE,CUST_103,VID-01020,22.9,9.43,24.15,normal
EVT-000821,2026-03-03 14:44:00,PROD_VOD,CUST_104,VID-01021,45.6,13.41,21.12,normal
EVT-000822,2026-03-03 14:48:00,PROD_VOD,CUST_104,VID-01022,19.7,7.65,27.24,normal
EVT-000823,2026-03-03 14:52:00,PROD_ENCODE,CUST_104,VID-01023,37.5,14.96,4.08,normal
EVT-000824,2026-03-03 14:56:00,PROD_ENCODE,CUST_105,VID-01024,39.0,7.78,20.56,normal
EVT-000825,2026-03-03 15:00:00,PROD_ENCODE,CUST_103,VID-01025,42.7,7.97,20.45,normal
EVT-000826,2026-03-03 15:04:00,PROD_OTT,CUST_104,VID-01026,20.2,14.35,8.39,normal
EVT-000827,2026-03-03 15:08:00,PROD_OTT,CUST_101,VID-01027,55.2,8.79,59.37,normal
EVT-000828,2026-03-03 15:12:00,PROD_OTT,CUST_102,VID-01028,53.9,18.28,57.36,normal
EVT-000829,2026-03-03 15:16:00,PROD_VOD,CUST_104,VID-01029,21.1,9.18,2.92,normal
EVT-000830,2026-03-03 15:20:00,PROD_OTT,CUST_103,VID-01030,5.5,9.47,23.88,normal
EVT-000831,2026-03-03 15:24:00,PROD_ENCODE,CUST_101,VID-01031,45.9,6.79,59.16,normal
EVT-000832,2026-03-03 15:28:00,PROD_VOD,CUST_102,VID-01032,53.8,28.91,6.58,normal
EVT-000833,2026-03-03 15:32:00,PROD_ENCODE,CUST_103,VID-01033,35.4,13.62,2.6,normal
EVT-000834,2026-03-03 15:36:00,PROD_LIVE,CUST_103,VID-01034,34.4,4.54,19.16,normal
EVT-000835,2026-03-03 15:40:00,PROD_LIVE,CUST_101,VID-01035,71.2,17.11,40.67,normal
EVT-000836,2026-03-03 15:44:00,PROD_VOD,CUST_103,VID-01036,31.5,10.33,19.85,normal
EVT-000837,2026-03-03 15:48:00,PROD_LIVE,CUST_105,VID-01037,37.7,7.63,29.5,normal
EVT-000838,2026-03-03 15:52:00,PROD_VOD,CUST_105,VID-01038,24.1,14.78,9.81,normal
EVT-000839,2026-03-03 15:56:00,PROD_LIVE,CUST_104,VID-01039,48.4,13.81,3.56,normal
EVT-000840,2026-03-03 16:00:00,PROD_LIVE,CUST_101,VID-01040,84.8,22.17,54.14,normal
EVT-000841,2026-03-03 16:04:00,PROD_ENCODE,CUST_101,VID-01041,75.1,26.34,43.37,normal
EVT-000842,2026-03-03 16:08:00,PROD_LIVE,CUST_101,VID-01042,110.2,28.61,29.57,normal
EVT-000843,2026-03-03 16:12:00,PROD_VOD,CUST_105,VID-01043,19.4,8.91,29.24,normal
EVT-000844,2026-03-03 16:16:00,PROD_OTT,CUST_104,VID-01044,29.7,1.73,27.12,normal
EVT-000845,2026-03-03 16:20:00,PROD_VOD,CUST_106,VID-01045,11.5,7.61,15.68,normal
EVT-000846,2026-03-03 16:24:00,PROD_VOD,CUST_101,VID-01046,22.4,23.0,32.23,normal
EVT-000847,2026-03-03 16:28:00,PROD_VOD,CUST_101,VID-01047,35.4,27.73,24.0,normal
EVT-000848,2026-03-03 16:32:00,PROD_OTT,CUST_102,VID-01048,76.2,28.27,29.96,normal
EVT-000849,2026-03-03 16:36:00,PROD_OTT,CUST_106,VID-01049,23.9,6.91,31.78,normal
EVT-000850,2026-03-03 16:40:00,PROD_ENCODE,CUST_103,VID-01050,14.1,14.16,14.47,normal
EVT-000851,2026-03-03 16:44:00,PROD_LIVE,CUST_101,VID-01051,45.6,11.64,43.43,normal
EVT-000852,2026-03-03 16:48:00,PROD_ENCODE,CUST_102,VID-01052,44.7,13.91,15.77,normal
EVT-000853,2026-03-03 16:52:00,PROD_LIVE,CUST_101,VID-01053,77.0,11.29,18.22,normal
EVT-000854,2026-03-03 16:56:00,PROD_OTT,CUST_104,VID-01054,48.6,4.62,12.14,normal
EVT-000855,2026-03-03 17:00:00,PROD_ENCODE,CUST_103,VID-01055,34.8,10.59,12.75,normal
EVT-000856,2026-03-03 17:04:00,PROD_LIVE,CUST_105,VID-01056,29.0,3.39,29.99,normal
EVT-000857,2026-03-03 17:08:00,PROD_LIVE,CUST_105,VID-01057,17.4,1.09,29.4,normal
EVT-000858,2026-03-03 17:12:00,PROD_LIVE,CUST_103,VID-01058,23.3,5.87,5.35,normal
EVT-000859,2026-03-03 17:16:00,PROD_VOD,CUST_101,VID-01059,91.5,13.04,47.46,normal
EVT-000860,2026-03-03 17:20:00,PROD_VOD,CUST_101,VID-01060,112.2,23.82,19.63,normal
EVT-000861,2026-03-03 17:24:00,PROD_LIVE,CUST_106,VID-01061,58.3,7.93,16.04,normal
EVT-000862,2026-03-03 17:28:00,PROD_OTT,CUST_105,VID-01062,40.3,11.24,22.38,normal
EVT-000863,2026-03-03 17:32:00,PROD_OTT,CUST_106,VID-01063,42.1,8.76,7.64,normal
EVT-000864,2026-03-03 17:36:00,PROD_OTT,CUST_102,VID-01064,84.9,11.7,51.04,normal
EVT-000865,2026-03-03 17:40:00,PROD_OTT,CUST_101,VID-01065,54.7,29.37,25.63,normal
EVT-000866,2026-03-03 17:44:00,PROD_OTT,CUST_105,VID-01066,9.6,1.93,13.09,normal
EVT-000867,2026-03-03 17:48:00,PROD_VOD,CUST_105,VID-01067,51.8,1.66,12.18,normal
EVT-000868,2026-03-03 17:52:00,PROD_VOD,CUST_103,VID-01068,29.7,5.3,17.56,normal
EVT-000869,2026-03-03 17:56:00,PROD_OTT,CUST_106,VID-01069,16.8,11.81,11.82,normal
EVT-000870,2026-03-03 18:00:00,PROD_OTT,CUST_101,VID-01070,101.7,25.63,11.86,normal
EVT-000871,2026-03-03 18:04:00,PROD_OTT,CUST_106,VID-01071,49.3,9.0,8.58,normal
EVT-000872,2026-03-03 18:08:00,PROD_OTT,CUST_105,VID-01072,16.2,5.67,18.11,normal
EVT-000873,2026-03-03 18:12:00,PROD_VOD,CUST_102,VID-01073,31.5,16.84,31.8,normal
EVT-000874,2026-03-03 18:16:00,PROD_VOD,CUST_106,VID-01074,16.1,12.56,19.2,normal
EVT-000875,2026-03-03 18:20:00,PROD_LIVE,CUST_104,VID-01075,56.5,8.18,18.7,normal
EVT-000876,2026-03-03 18:24:00,PROD_LIVE,CUST_105,VID-01076,8.8,12.12,17.84,normal
EVT-000877,2026-03-03 18:28:00,PROD_ENCODE,CUST_102,VID-01077,11.1,25.16,32.7,normal
EVT-000878,2026-03-03 18:32:00,PROD_OTT,CUST_106,VID-01078,8.4,3.54,16.69,normal
EVT-000879,2026-03-03 18:36:00,PROD_OTT,CUST_104,VID-01079,23.0,10.25,32.58,normal
EVT-000880,2026-03-10 18:40:00,PROD_LIVE,CUST_104,VID-01080,49.7,11.98,3.65,delayed
EVT-000881,2026-03-03 18:44:00,PROD_VOD,CUST_103,VID-01081,28.4,7.7,11.65,normal
EVT-000882,2026-03-03 18:48:00,PROD_ENCODE,CUST_104,VID-01082,9.8,7.71,26.5,normal
EVT-000883,2026-03-03 18:52:00,PROD_LIVE,CUST_105,VID-01083,49.5,9.24,4.16,normal
EVT-000884,2026-03-03 18:56:00,PROD_OTT,CUST_102,VID-01084,33.1,13.09,42.79,normal
EVT-000885,2026-03-03 19:00:00,PROD_OTT,CUST_104,VID-01085,39.6,7.02,34.07,normal
EVT-000886,2026-03-03 19:04:00,PROD_OTT,CUST_101,VID-01086,77.1,18.1,56.16,normal
EVT-000887,2026-03-03 19:08:00,PROD_VOD,CUST_101,VID-01087,15.3,18.68,26.46,normal
EVT-000888,2026-03-03 19:12:00,PROD_LIVE,CUST_105,VID-01088,5.9,13.68,29.48,normal
EVT-000889,2026-03-03 19:16:00,PROD_OTT,CUST_102,VID-01089,20.5,4.38,43.23,normal
EVT-000890,2026-03-03 19:20:00,PROD_OTT,CUST_103,VID-01090,14.4,5.13,11.14,normal
EVT-000891,2026-03-03 19:24:00,PROD_OTT,CUST_105,VID-01091,46.3,13.61,24.11,normal
EVT-000892,2026-03-03 19:28:00,PROD_ENCODE,CUST_105,VID-01092,25.4,3.39,32.06,normal
EVT-000893,2026-03-03 19:32:00,PROD_OTT,CUST_104,VID-01093,23.1,10.94,13.5,normal
EVT-000894,2026-03-03 19:36:00,PROD_LIVE,CUST_105,VID-01094,45.8,12.8,3.69,normal
EVT-000895,2026-03-03 19:40:00,PROD_LIVE,CUST_101,VID-01095,58.5,18.35,52.25,normal
EVT-000896,2026-03-03 19:44:00,PROD_VOD,CUST_102,VID-01096,42.9,17.13,46.19,normal
EVT-000897,2026-03-03 19:48:00,PROD_ENCODE,CUST_101,VID-01097,60.8,27.93,53.54,normal
EVT-000898,2026-03-03 19:52:00,PROD_OTT,CUST_103,VID-01098,55.9,12.35,28.07,normal
EVT-000899,2026-03-03 19:56:00,PROD_LIVE,CUST_104,VID-01099,32.3,13.23,19.26,normal
EVT-000900,2026-03-02 08:00:00,PROD_ENCODE,CUST_105,VID-01100,10.8,3.55,9.18,out_of_order
EVT-000901,2026-03-03 20:04:00,PROD_VOD,CUST_102,VID-01101,68.1,11.57,32.67,normal
EVT-000902,2026-03-03 20:08:00,PROD_VOD,CUST_101,VID-01102,73.6,19.07,69.07,normal
EVT-000903,2026-03-03 20:12:00,PROD_VOD,CUST_103,VID-01103,57.0,5.71,2.37,normal
EVT-000904,2026-03-03 20:16:00,PROD_VOD,CUST_106,VID-01104,48.7,10.19,30.59,normal
EVT-000905,2026-03-03 20:20:00,PROD_LIVE,CUST_101,VID-01105,59.0,18.16,28.45,normal
EVT-000906,2026-03-03 20:24:00,PROD_LIVE,CUST_105,VID-01106,52.4,13.94,21.31,normal
EVT-000907,2026-03-03 20:28:00,PROD_LIVE,CUST_103,VID-01107,9.9,12.61,12.33,normal
EVT-000908,2026-03-03 20:32:00,PROD_VOD,CUST_106,VID-01108,30.6,11.49,27.37,normal
EVT-000909,2026-03-03 20:36:00,PROD_OTT,CUST_102,VID-01109,23.9,13.05,53.24,normal
EVT-000910,2026-03-03 20:40:00,PROD_VOD,CUST_101,VID-01110,73.3,24.04,9.27,normal
EVT-000911,2026-03-03 20:44:00,PROD_LIVE,CUST_105,VID-01111,11.9,9.03,17.65,normal
EVT-000912,2026-03-03 20:48:00,PROD_LIVE,CUST_106,VID-01112,52.6,5.89,10.03,normal
EVT-000913,2026-03-03 20:52:00,PROD_ENCODE,CUST_101,VID-01113,73.1,21.32,25.65,normal
EVT-000914,2026-03-03 20:56:00,PROD_VOD,CUST_105,VID-01114,44.4,1.6,12.82,normal
EVT-000915,2026-03-03 21:00:00,PROD_LIVE,CUST_103,VID-01115,16.7,7.45,15.22,normal
EVT-000916,2026-03-03 21:04:00,PROD_OTT,CUST_106,VID-01116,48.7,8.43,8.79,normal
EVT-000917,2026-03-03 21:08:00,PROD_ENCODE,CUST_102,VID-01117,110.7,4.21,49.55,normal
EVT-000918,2026-03-03 21:12:00,PROD_ENCODE,CUST_105,VID-01118,18.5,5.95,28.35,normal
EVT-000919,2026-03-03 21:16:00,PROD_VOD,CUST_106,VID-01119,5.4,5.67,12.62,normal
EVT-000920,2026-03-03 21:20:00,PROD_ENCODE,CUST_101,VID-01120,50.3,28.76,33.72,normal
EVT-000921,2026-03-03 21:24:00,PROD_LIVE,CUST_101,VID-01121,81.6,26.1,58.15,normal
EVT-000922,2026-03-03 21:28:00,PROD_LIVE,CUST_105,VID-01122,31.8,3.6,13.44,normal
EVT-000923,2026-03-03 21:32:00,PROD_VOD,CUST_101,VID-01123,51.8,8.89,67.13,normal
EVT-000924,2026-03-03 21:36:00,PROD_VOD,CUST_106,VID-01124,12.4,8.11,9.92,normal
EVT-000925,2026-03-03 21:40:00,PROD_ENCODE,CUST_102,VID-01125,60.3,25.95,39.95,normal
EVT-000926,2026-03-03 21:44:00,PROD_ENCODE,CUST_106,VID-01126,25.8,1.07,32.17,normal
EVT-000927,2026-03-03 21:48:00,PROD_OTT,CUST_102,VID-01127,67.3,12.58,20.82,normal
EVT-000928,2026-03-03 21:52:00,PROD_VOD,CUST_106,VID-01128,42.6,2.07,31.48,normal
EVT-000929,2026-03-03 21:56:00,PROD_ENCODE,CUST_103,VID-01129,39.9,3.87,19.67,normal
EVT-000930,2026-03-03 22:00:00,PROD_OTT,CUST_104,VID-01130,50.6,1.6,14.32,normal
EVT-000931,2026-03-03 22:04:00,PROD_VOD,CUST_101,VID-01131,30.8,17.69,4.08,normal
EVT-000932,2026-03-03 22:08:00,PROD_ENCODE,CUST_102,VID-01132,10.9,6.0,31.7,normal
EVT-000933,2026-03-03 22:12:00,PROD_ENCODE,CUST_102,VID-01133,112.7,16.26,10.76,normal
EVT-000934,2026-03-03 22:16:00,PROD_OTT,CUST_106,VID-01134,19.9,2.62,26.91,normal
EVT-000935,2026-03-03 22:20:00,PROD_LIVE,CUST_105,VID-01135,22.4,3.96,2.71,normal
EVT-000936,2026-03-03 22:24:00,PROD_ENCODE,CUST_105,VID-01136,48.9,6.86,15.27,normal
EVT-000937,2026-03-03 22:28:00,PROD_VOD,CUST_105,VID-01137,14.6,8.08,27.2,normal
EVT-000938,2026-03-03 22:32:00,PROD_OTT,CUST_105,VID-01138,33.0,11.71,30.75,normal
EVT-000939,2026-03-03 22:36:00,PROD_OTT,CUST_101,VID-01139,104.1,8.64,58.87,normal
EVT-000940,2026-03-03 22:40:00,PROD_OTT,CUST_105,VID-01140,46.2,7.35,29.91,normal
EVT-000941,2026-03-03 22:44:00,PROD_VOD,CUST_104,VID-01141,19.6,3.75,23.18,normal
EVT-000942,2026-03-03 22:48:00,PROD_ENCODE,CUST_105,VID-01142,57.8,14.79,28.03,normal
EVT-000943,2026-03-03 22:52:00,PROD_ENCODE,CUST_103,VID-01143,47.7,11.72,3.16,normal
EVT-000944,2026-03-03 22:56:00,PROD_OTT,CUST_102,VID-01144,75.0,23.28,63.48,normal
EVT-000945,2026-03-03 23:00:00,PROD_ENCODE,CUST_102,VID-01145,70.3,14.41,53.33,normal
EVT-000946,2026-03-03 23:04:00,PROD_LIVE,CUST_106,VID-01146,17.9,6.67,27.11,normal
EVT-000947,2026-03-03 23:08:00,PROD_ENCODE,CUST_101,VID-01147,101.2,4.64,51.35,normal
EVT-000948,2026-03-03 23:12:00,PROD_VOD,CUST_105,VID-01148,55.2,14.19,13.52,normal
EVT-000949,2026-03-03 23:16:00,PROD_ENCODE,CUST_101,VID-01149,30.5,5.58,12.79,normal
EVT-000950,2026-03-03 23:20:00,PROD_OTT,CUST_102,VID-01150,116.7,27.87,8.48,normal
EVT-000951,2026-03-03 23:24:00,PROD_LIVE,CUST_102,VID-01151,108.4,19.11,51.79,normal
EVT-000952,2026-03-03 23:28:00,PROD_OTT,CUST_104,VID-01152,30.4,1.1,27.01,normal
EVT-000953,2026-03-03 23:32:00,PROD_VOD,CUST_101,VID-01153,16.2,21.32,49.5,normal
EVT-000954,2026-03-03 23:36:00,PROD_OTT,CUST_101,VID-01154,72.2,6.47,28.5,normal
EVT-000955,2026-03-03 23:40:00,PROD_LIVE,CUST_105,VID-01155,40.4,1.83,17.93,normal
EVT-000956,2026-03-03 23:44:00,PROD_OTT,CUST_101,VID-01156,115.0,27.86,13.52,normal
EVT-000957,2026-03-03 23:48:00,PROD_OTT,CUST_105,VID-01157,57.4,1.39,26.1,normal
EVT-000958,2026-03-03 23:52:00,PROD_ENCODE,CUST_102,VID-01158,91.9,29.52,61.13,normal
EVT-000959,2026-03-03 23:56:00,PROD_ENCODE,CUST_102,VID-01159,30.2,12.45,69.46,normal
EVT-000960,2026-03-11 00:00:00,PROD_OTT,CUST_102,VID-01160,30.4,2.39,58.94,delayed
EVT-000961,2026-03-04 00:04:00,PROD_LIVE,CUST_102,VID-01161,56.1,5.02,58.68,normal
EVT-000962,2026-03-04 00:08:00,PROD_VOD,CUST_101,VID-01162,31.2,12.71,32.49,normal
EVT-000963,2026-03-04 00:12:00,PROD_ENCODE,CUST_102,VID-01163,15.5,2.34,40.05,normal
EVT-000964,2026-03-04 00:16:00,PROD_ENCODE,CUST_106,VID-01164,40.9,1.79,32.69,normal
EVT-000965,2026-03-04 00:20:00,PROD_VOD,CUST_101,VID-01165,75.4,23.82,19.61,normal
EVT-000966,2026-03-04 00:24:00,PROD_ENCODE,CUST_106,VID-01166,12.5,9.0,8.49,normal
EVT-000967,2026-03-04 00:28:00,PROD_VOD,CUST_101,VID-01167,47.3,15.32,24.66,normal
EVT-000968,2026-03-04 00:32:00,PROD_VOD,CUST_101,VID-01168,64.4,5.82,67.05,normal
EVT-000969,2026-03-04 00:36:00,PROD_VOD,CUST_101,VID-01169,97.8,8.05,34.46,normal
EVT-000970,2026-03-04 00:40:00,PROD_LIVE,CUST_101,VID-01170,82.0,6.81,10.17,normal
EVT-000971,2026-03-04 00:44:00,PROD_LIVE,CUST_105,VID-01171,49.7,8.93,26.53,normal
EVT-000972,2026-03-04 00:48:00,PROD_ENCODE,CUST_101,VID-01172,82.1,15.88,16.25,normal
EVT-000973,2026-03-04 00:52:00,PROD_VOD,CUST_103,VID-01173,22.4,13.91,27.52,normal
EVT-000974,2026-03-04 00:56:00,PROD_ENCODE,CUST_101,VID-01174,119.9,5.11,15.03,normal
EVT-000975,2026-03-04 01:00:00,PROD_VOD,CUST_104,VID-01175,50.9,7.37,12.11,normal
EVT-000976,2026-03-04 01:04:00,PROD_ENCODE,CUST_101,VID-01176,118.2,6.05,18.89,normal
EVT-000977,2026-03-04 01:08:00,PROD_OTT,CUST_103,VID-01177,52.1,14.03,6.35,normal
EVT-000978,2026-03-04 01:12:00,PROD_OTT,CUST_102,VID-01178,20.2,13.12,13.51,normal
EVT-000979,2026-03-04 01:16:00,PROD_LIVE,CUST_102,VID-01179,110.3,9.56,9.43,normal
EVT-000980,2026-03-04 01:20:00,PROD_VOD,CUST_105,VID-01180,19.9,11.39,16.72,normal
EVT-000981,2026-03-04 01:24:00,PROD_ENCODE,CUST_102,VID-01181,51.3,2.63,48.51,normal
EVT-000982,2026-03-04 01:28:00,PROD_ENCODE,CUST_106,VID-01182,39.4,5.42,9.41,normal
EVT-000983,2026-03-04 01:32:00,PROD_LIVE,CUST_104,VID-01183,27.5,10.12,21.89,normal
EVT-000984,2026-03-04 01:36:00,PROD_OTT,CUST_106,VID-01184,35.6,14.59,24.35,normal
EVT-000985,2026-03-04 01:40:00,PROD_OTT,CUST_103,VID-01185,50.5,6.03,19.82,normal
EVT-000986,2026-03-04 01:44:00,PROD_VOD,CUST_104,VID-01186,7.0,2.48,20.97,normal
EVT-000987,2026-03-04 01:48:00,PROD_VOD,CUST_103,VID-01187,57.5,8.52,32.43,normal
EVT-000988,2026-03-04 01:52:00,PROD_VOD,CUST_102,VID-01188,98.6,17.13,30.7,normal
EVT-000989,2026-03-04 01:56:00,PROD_OTT,CUST_106,VID-01189,38.4,8.5,15.65,normal
EVT-000990,2026-03-02 14:00:00,PROD_ENCODE,CUST_105,VID-01190,28.5,13.3,34.36,out_of_order
EVT-000991,2026-03-04 02:04:00,PROD_ENCODE,CUST_102,VID-01191,33.5,12.62,7.88,normal
EVT-000992,2026-03-04 02:08:00,PROD_VOD,CUST_105,VID-01192,33.9,5.37,10.54,normal
EVT-000993,2026-03-04 02:12:00,PROD_LIVE,CUST_104,VID-01193,50.1,8.8,4.92,normal
EVT-000994,2026-03-04 02:16:00,PROD_VOD,CUST_105,VID-01194,6.8,5.08,29.93,normal
EVT-000995,2026-03-04 02:20:00,PROD_LIVE,CUST_101,VID-01195,58.1,3.22,30.64,normal
EVT-000996,2026-03-04 02:24:00,PROD_LIVE,CUST_104,VID-01196,38.4,11.23,6.22,normal
EVT-000997,2026-03-04 02:28:00,PROD_LIVE,CUST_103,VID-01197,58.9,4.9,10.88,normal
EVT-000998,2026-03-04 02:32:00,PROD_ENCODE,CUST_103,VID-01198,29.7,14.31,18.64,normal
EVT-000999,2026-03-04 02:36:00,PROD_VOD,CUST_102,VID-01199,73.1,16.78,25.03,normal
EVT-001000,2026-03-04 02:40:00,PROD_ENCODE,CUST_102,VID-01200,-15.0,25.96,15.1,normal
EVT-001001,2026-03-04 02:44:00,PROD_LIVE,CUST_102,VID-01201,91.8,15.77,65.96,normal
EVT-001002,2026-03-04 02:48:00,PROD_LIVE,CUST_101,VID-01202,49.5,11.21,61.99,normal
EVT-001003,2026-03-04 02:52:00,PROD_LIVE,CUST_101,VID-01203,16.7,2.51,38.25,normal
EVT-001004,2026-03-04 02:56:00,PROD_LIVE,CUST_103,VID-01204,45.9,14.92,16.96,normal
EVT-001005,2026-03-04 03:00:00,PROD_VOD,CUST_105,VID-01205,5.3,8.23,20.87,normal
EVT-001006,2026-03-04 03:04:00,PROD_VOD,CUST_101,VID-01206,37.7,13.37,4.17,normal
EVT-001007,2026-03-04 03:08:00,PROD_VOD,CUST_104,VID-01207,36.2,11.38,7.02,normal
EVT-001008,2026-03-04 03:12:00,PROD_LIVE,CUST_102,VID-01208,85.4,7.64,34.15,normal
EVT-001009,2026-03-04 03:16:00,PROD_ENCODE,CUST_106,VID-01209,44.4,1.63,2.29,normal
EVT-001010,2026-03-04 03:20:00,PROD_OTT,CUST_103,VID-01210,34.9,12.8,4.71,normal
EVT-001011,2026-03-04 03:24:00,PROD_ENCODE,CUST_104,VID-01211,60.0,6.44,3.34,normal
EVT-001012,2026-03-04 03:28:00,PROD_VOD,CUST_105,VID-01212,49.9,14.61,19.0,normal
EVT-001013,2026-03-04 03:32:00,PROD_LIVE,CUST_102,VID-01213,57.8,26.93,51.72,normal
EVT-001014,2026-03-04 03:36:00,PROD_LIVE,CUST_104,VID-01214,9.5,2.35,31.12,normal
EVT-001015,2026-03-04 03:40:00,PROD_OTT,CUST_101,VID-01215,82.8,17.55,28.38,normal
EVT-001016,2026-03-04 03:44:00,PROD_OTT,CUST_103,VID-01216,32.6,11.63,33.77,normal
EVT-001017,2026-03-04 03:48:00,PROD_OTT,CUST_102,VID-01217,117.0,7.3,21.15,normal
EVT-001018,2026-03-04 03:52:00,PROD_VOD,CUST_101,VID-01218,49.9,11.07,19.79,normal
EVT-001019,2026-03-04 03:56:00,PROD_ENCODE,CUST_104,VID-01219,6.6,5.5,33.13,normal
EVT-001020,2026-03-04 04:00:00,PROD_OTT,CUST_103,VID-01220,37.0,10.86,30.49,normal
EVT-001021,2026-03-04 04:04:00,PROD_ENCODE,CUST_104,VID-01221,13.2,1.75,3.93,normal
EVT-001022,2026-03-04 04:08:00,PROD_LIVE,CUST_103,VID-01222,53.5,11.09,28.73,normal
EVT-001023,2026-03-04 04:12:00,PROD_VOD,CUST_106,VID-01223,32.9,13.89,23.54,normal
EVT-001024,2026-03-04 04:16:00,PROD_ENCODE,CUST_105,VID-01224,55.7,5.05,2.04,normal
EVT-001025,2026-03-04 04:20:00,PROD_ENCODE,CUST_102,VID-01225,13.7,11.71,62.56,normal
EVT-001026,2026-03-04 04:24:00,PROD_ENCODE,CUST_103,VID-01226,42.9,13.67,17.43,normal
EVT-001027,2026-03-04 04:28:00,PROD_OTT,CUST_106,VID-01227,58.4,6.76,7.27,normal
EVT-001028,2026-03-04 04:32:00,PROD_LIVE,CUST_103,VID-01228,59.8,1.24,11.72,normal
EVT-001029,2026-03-04 04:36:00,PROD_LIVE,CUST_105,VID-01229,10.2,11.8,33.36,normal
EVT-001030,2026-03-04 04:40:00,PROD_OTT,CUST_101,VID-01230,70.4,21.23,65.93,normal
EVT-001031,2026-03-04 04:44:00,PROD_LIVE,CUST_106,VID-01231,58.6,5.84,2.59,normal
EVT-001032,2026-03-04 04:48:00,PROD_ENCODE,CUST_101,VID-01232,107.2,3.7,43.71,normal
EVT-001033,2026-03-04 04:52:00,PROD_LIVE,CUST_101,VID-01233,39.1,13.44,7.55,normal
EVT-001034,2026-03-04 04:56:00,PROD_LIVE,CUST_105,VID-01234,18.3,3.01,4.86,normal
EVT-001035,2026-03-04 05:00:00,PROD_VOD,CUST_106,VID-01235,53.3,13.7,8.62,normal
EVT-001036,2026-03-04 05:04:00,PROD_LIVE,CUST_105,VID-01236,45.4,13.95,16.1,normal
EVT-001037,2026-03-04 05:08:00,PROD_OTT,CUST_101,VID-01237,23.8,20.34,21.46,normal
EVT-001038,2026-03-04 05:12:00,PROD_OTT,CUST_101,VID-01238,64.8,14.02,53.59,normal
EVT-001039,2026-03-04 05:16:00,PROD_LIVE,CUST_106,VID-01239,55.2,11.55,12.3,normal
EVT-001040,2026-03-11 05:20:00,PROD_VOD,CUST_103,VID-01240,41.0,13.51,34.29,delayed
EVT-001041,2026-03-04 05:24:00,PROD_ENCODE,CUST_102,VID-01241,103.7,10.4,58.46,normal
EVT-001042,2026-03-04 05:28:00,PROD_VOD,CUST_101,VID-01242,78.4,11.32,4.45,normal
EVT-001043,2026-03-04 05:32:00,PROD_ENCODE,CUST_106,VID-01243,45.9,9.76,8.76,normal
EVT-001044,2026-03-04 05:36:00,PROD_OTT,CUST_104,VID-01244,51.5,4.63,13.54,normal
EVT-001045,2026-03-04 05:40:00,PROD_ENCODE,CUST_101,VID-01245,64.0,13.48,15.16,normal
EVT-001046,2026-03-04 05:44:00,PROD_OTT,CUST_101,VID-01246,92.4,5.53,34.28,normal
EVT-001047,2026-03-04 05:48:00,PROD_LIVE,CUST_104,VID-01247,29.9,1.05,14.94,normal
EVT-001048,2026-03-04 05:52:00,PROD_ENCODE,CUST_106,VID-01248,49.5,14.09,32.75,normal
EVT-001049,2026-03-04 05:56:00,PROD_ENCODE,CUST_102,VID-01249,104.2,9.73,9.05,normal
EVT-001050,2026-03-04 06:00:00,PROD_ENCODE,CUST_104,VID-01250,51.9,7.19,30.26,normal
EVT-001051,2026-03-04 06:04:00,PROD_OTT,CUST_105,VID-01251,21.1,7.54,4.66,normal
EVT-001052,2026-03-04 06:08:00,PROD_LIVE,CUST_105,VID-01252,8.3,3.91,2.5,normal
EVT-001053,2026-03-04 06:12:00,PROD_ENCODE,CUST_101,VID-01253,98.7,10.49,41.33,normal
EVT-001054,2026-03-04 06:16:00,PROD_OTT,CUST_102,VID-01254,23.8,10.77,21.94,normal
EVT-001055,2026-03-04 06:20:00,PROD_LIVE,CUST_103,VID-01255,8.0,11.16,31.0,normal
EVT-001056,2026-03-04 06:24:00,PROD_ENCODE,CUST_105,VID-01256,13.4,2.55,4.87,normal
EVT-001057,2026-03-04 06:28:00,PROD_ENCODE,CUST_103,VID-01257,38.3,11.52,7.4,normal
EVT-001058,2026-03-04 06:32:00,PROD_OTT,CUST_105,VID-01258,48.2,1.24,15.19,normal
EVT-001059,2026-03-04 06:36:00,PROD_OTT,CUST_103,VID-01259,40.4,2.23,6.08,normal
EVT-001060,2026-03-04 06:40:00,PROD_ENCODE,CUST_102,VID-01260,70.1,4.25,13.69,normal
EVT-001061,2026-03-04 06:44:00,PROD_LIVE,CUST_101,VID-01261,104.3,14.01,24.24,normal
EVT-001062,2026-03-04 06:48:00,PROD_OTT,CUST_106,VID-01262,37.3,5.03,30.86,normal
EVT-001063,2026-03-04 06:52:00,PROD_LIVE,CUST_106,VID-01263,8.6,8.24,21.36,normal
EVT-001064,2026-03-04 06:56:00,PROD_ENCODE,CUST_105,VID-01264,6.3,6.67,10.57,normal
EVT-001065,2026-03-04 07:00:00,PROD_VOD,CUST_103,VID-01265,51.6,12.43,34.77,normal
EVT-001066,2026-03-04 07:04:00,PROD_LIVE,CUST_101,VID-01266,27.7,26.59,24.53,normal
EVT-001067,2026-03-04 07:08:00,PROD_OTT,CUST_101,VID-01267,98.2,7.22,60.97,normal
EVT-001068,2026-03-04 07:12:00,PROD_VOD,CUST_106,VID-01268,27.1,5.35,26.55,normal
EVT-001069,2026-03-04 07:16:00,PROD_ENCODE,CUST_101,VID-01269,100.6,8.71,13.39,normal
EVT-001070,2026-03-04 07:20:00,PROD_ENCODE,CUST_101,VID-01270,118.6,7.67,8.12,normal
EVT-001071,2026-03-04 07:24:00,PROD_LIVE,CUST_101,VID-01271,75.4,17.42,43.09,normal
EVT-001072,2026-03-04 07:28:00,PROD_VOD,CUST_101,VID-01272,19.8,9.73,65.93,normal
EVT-001073,2026-03-04 07:32:00,PROD_LIVE,CUST_103,VID-01273,55.5,7.65,5.85,normal
EVT-001074,2026-03-04 07:36:00,PROD_VOD,CUST_106,VID-01274,32.3,2.38,29.15,normal
EVT-001075,2026-03-04 07:40:00,PROD_ENCODE,CUST_101,VID-01275,95.9,4.94,45.6,normal
EVT-001076,2026-03-04 07:44:00,PROD_ENCODE,CUST_102,VID-01276,93.7,28.32,49.13,normal
EVT-001077,2026-03-04 07:48:00,PROD_VOD,CUST_106,VID-01277,32.9,2.38,23.38,normal
EVT-001078,2026-03-04 07:52:00,PROD_ENCODE,CUST_105,VID-01278,23.1,6.11,2.31,normal
EVT-001079,2026-03-04 07:56:00,PROD_VOD,CUST_101,VID-01279,32.7,14.25,18.75,normal
EVT-001080,2026-03-02 20:00:00,PROD_LIVE,CUST_106,VID-01280,11.6,7.62,7.49,out_of_order
EVT-001081,2026-03-04 08:04:00,PROD_ENCODE,CUST_105,VID-01281,46.0,7.6,27.72,normal
EVT-001082,2026-03-04 08:08:00,PROD_VOD,CUST_106,VID-01282,17.5,2.57,15.71,normal
EVT-001083,2026-03-04 08:12:00,PROD_ENCODE,CUST_101,VID-01283,70.8,16.34,55.43,normal
EVT-001084,2026-03-04 08:16:00,PROD_ENCODE,CUST_102,VID-01284,24.3,7.68,43.32,normal
EVT-001085,2026-03-04 08:20:00,PROD_ENCODE,CUST_103,VID-01285,31.5,11.85,19.67,normal
EVT-001086,2026-03-04 08:24:00,PROD_ENCODE,CUST_103,VID-01286,51.1,1.56,30.98,normal
EVT-001087,2026-03-04 08:28:00,PROD_VOD,CUST_101,VID-01287,30.0,10.03,4.99,normal
EVT-001088,2026-03-04 08:32:00,PROD_OTT,CUST_103,VID-01288,30.6,14.58,3.04,normal
EVT-001089,2026-03-04 08:36:00,PROD_LIVE,CUST_106,VID-01289,19.1,13.15,8.41,normal
EVT-001090,2026-03-04 08:40:00,PROD_LIVE,CUST_102,VID-01290,106.4,28.99,14.71,normal
EVT-001091,2026-03-04 08:44:00,PROD_VOD,CUST_104,VID-01291,37.2,12.05,14.69,normal
EVT-001092,2026-03-04 08:48:00,PROD_ENCODE,CUST_105,VID-01292,24.4,7.38,15.15,normal
EVT-001093,2026-03-04 08:52:00,PROD_ENCODE,CUST_101,VID-01293,52.8,14.39,49.05,normal
EVT-001094,2026-03-04 08:56:00,PROD_VOD,CUST_104,VID-01294,39.1,2.66,21.08,normal
EVT-001095,2026-03-04 09:00:00,PROD_OTT,CUST_106,VID-01295,46.2,13.28,6.69,normal
EVT-001096,2026-03-04 09:04:00,PROD_OTT,CUST_101,VID-01296,90.9,25.48,63.05,normal
EVT-001097,2026-03-04 09:08:00,PROD_LIVE,CUST_104,VID-01297,9.0,7.72,2.32,normal
EVT-001098,2026-03-04 09:12:00,PROD_LIVE,CUST_103,VID-01298,7.6,14.17,28.84,normal
EVT-001099,2026-03-04 09:16:00,PROD_OTT,CUST_102,VID-01299,41.0,7.93,53.37,normal
EVT-001100,2026-03-04 09:20:00,PROD_VOD,CUST_105,VID-01300,-15.0,4.11,6.52,normal
EVT-001101,2026-03-04 09:24:00,PROD_OTT,CUST_105,VID-01301,8.6,1.33,11.95,normal
EVT-001102,2026-03-04 09:28:00,PROD_VOD,CUST_106,VID-01302,28.4,12.33,4.46,normal
EVT-001103,2026-03-04 09:32:00,PROD_VOD,CUST_103,VID-01303,52.2,1.66,5.33,normal
EVT-001104,2026-03-04 09:36:00,PROD_VOD,CUST_104,VID-01304,31.2,6.11,28.65,normal
EVT-001105,2026-03-04 09:40:00,PROD_ENCODE,CUST_106,VID-01305,21.0,10.98,10.09,normal
EVT-001106,2026-03-04 09:44:00,PROD_OTT,CUST_102,VID-01306,44.1,4.54,4.21,normal
EVT-001107,2026-03-04 09:48:00,PROD_VOD,CUST_101,VID-01307,106.9,9.73,36.91,normal
EVT-001108,2026-03-04 09:52:00,PROD_OTT,CUST_102,VID-01308,64.0,24.97,42.62,normal
EVT-001109,2026-03-04 09:56:00,PROD_ENCODE,CUST_101,VID-01309,45.2,8.91,26.24,normal
EVT-001110,2026-03-04 10:00:00,PROD_VOD,CUST_102,VID-01310,70.1,4.14,33.64,normal
EVT-001111,2026-03-04 10:04:00,PROD_ENCODE,CUST_103,VID-01311,49.4,2.88,21.55,normal
EVT-001112,2026-03-04 10:08:00,PROD_ENCODE,CUST_105,VID-01312,10.4,6.07,7.11,normal
EVT-001113,2026-03-04 10:12:00,PROD_VOD,CUST_106,VID-01313,49.7,7.47,9.49,normal
EVT-001114,2026-03-04 10:16:00,PROD_ENCODE,CUST_101,VID-01314,26.9,24.03,32.72,normal
EVT-001115,2026-03-04 10:20:00,PROD_OTT,CUST_103,VID-01315,28.3,7.48,6.66,normal
EVT-001116,2026-03-04 10:24:00,PROD_OTT,CUST_101,VID-01316,58.6,2.76,17.44,normal
EVT-001117,2026-03-04 10:28:00,PROD_ENCODE,CUST_101,VID-01317,49.8,24.55,53.81,normal
EVT-001118,2026-03-04 10:32:00,PROD_ENCODE,CUST_105,VID-01318,59.7,11.54,17.88,normal
EVT-001119,2026-03-04 10:36:00,PROD_VOD,CUST_102,VID-01319,20.7,10.91,68.59,normal
EVT-001120,2026-03-11 10:40:00,PROD_VOD,CUST_102,VID-01320,107.8,10.3,8.81,delayed
EVT-001121,2026-03-04 10:44:00,PROD_OTT,CUST_105,VID-01321,51.6,10.88,24.17,normal
EVT-001122,2026-03-04 10:48:00,PROD_ENCODE,CUST_101,VID-01322,27.8,6.84,21.13,normal
EVT-001123,2026-03-04 10:52:00,PROD_ENCODE,CUST_106,VID-01323,34.0,14.74,31.49,normal
EVT-001124,2026-03-04 10:56:00,PROD_LIVE,CUST_105,VID-01324,33.4,5.2,3.51,normal
EVT-001125,2026-03-04 11:00:00,PROD_ENCODE,CUST_104,VID-01325,18.8,1.14,23.54,normal
EVT-001126,2026-03-04 11:04:00,PROD_ENCODE,CUST_106,VID-01326,16.4,7.7,4.23,normal
EVT-001127,2026-03-04 11:08:00,PROD_LIVE,CUST_103,VID-01327,16.5,8.68,32.39,normal
EVT-001128,2026-03-04 11:12:00,PROD_ENCODE,CUST_104,VID-01328,43.0,6.01,6.14,normal
EVT-001129,2026-03-04 11:16:00,PROD_ENCODE,CUST_106,VID-01329,32.7,7.65,3.72,normal
EVT-001130,2026-03-04 11:20:00,PROD_VOD,CUST_103,VID-01330,33.4,14.11,34.79,normal
EVT-001131,2026-03-04 11:24:00,PROD_LIVE,CUST_102,VID-01331,16.3,11.37,28.45,normal
EVT-001132,2026-03-04 11:28:00,PROD_LIVE,CUST_103,VID-01332,5.3,12.03,24.68,normal
EVT-001133,2026-03-04 11:32:00,PROD_LIVE,CUST_104,VID-01333,16.0,6.85,4.77,normal
EVT-001134,2026-03-04 11:36:00,PROD_OTT,CUST_105,VID-01334,52.0,7.01,10.49,normal
EVT-001135,2026-03-04 11:40:00,PROD_VOD,CUST_103,VID-01335,15.6,10.19,12.62,normal
EVT-001136,2026-03-04 11:44:00,PROD_ENCODE,CUST_101,VID-01336,91.0,16.01,62.2,normal
EVT-001137,2026-03-04 11:48:00,PROD_ENCODE,CUST_106,VID-01337,23.6,4.57,16.4,normal
EVT-001138,2026-03-04 11:52:00,PROD_VOD,CUST_105,VID-01338,43.7,1.39,29.43,normal
EVT-001139,2026-03-04 11:56:00,PROD_OTT,CUST_102,VID-01339,103.0,15.35,60.78,normal
EVT-001140,2026-03-04 12:00:00,PROD_LIVE,CUST_104,VID-01340,45.1,3.52,25.3,normal
EVT-001141,2026-03-04 12:04:00,PROD_LIVE,CUST_106,VID-01341,13.1,2.45,27.13,normal
EVT-001142,2026-03-04 12:08:00,PROD_ENCODE,CUST_103,VID-01342,40.8,7.86,22.02,normal
EVT-001143,2026-03-04 12:12:00,PROD_ENCODE,CUST_101,VID-01343,56.5,3.6,23.44,normal
EVT-001144,2026-03-04 12:16:00,PROD_OTT,CUST_101,VID-01344,41.8,25.44,30.67,normal
EVT-001145,2026-03-04 12:20:00,PROD_LIVE,CUST_101,VID-01345,51.2,28.32,59.15,normal
EVT-001146,2026-03-04 12:24:00,PROD_VOD,CUST_102,VID-01346,74.3,24.58,16.35,normal
EVT-001147,2026-03-04 12:28:00,PROD_LIVE,CUST_106,VID-01347,27.7,14.46,20.77,normal
EVT-001148,2026-03-04 12:32:00,PROD_VOD,CUST_101,VID-01348,119.7,26.93,16.17,normal
EVT-001149,2026-03-04 12:36:00,PROD_ENCODE,CUST_103,VID-01349,32.3,2.08,15.94,normal
EVT-001150,2026-03-04 12:40:00,PROD_VOD,CUST_101,VID-01350,59.6,26.74,54.13,normal
EVT-001151,2026-03-04 12:44:00,PROD_LIVE,CUST_101,VID-01351,54.0,7.43,62.55,normal
EVT-001152,2026-03-04 12:48:00,PROD_VOD,CUST_103,VID-01352,42.7,14.18,11.61,normal
EVT-001153,2026-03-04 12:52:00,PROD_LIVE,CUST_102,VID-01353,30.3,25.38,16.11,normal
EVT-001154,2026-03-04 12:56:00,PROD_OTT,CUST_104,VID-01354,36.8,12.94,30.48,normal
EVT-001155,2026-03-04 13:00:00,PROD_ENCODE,CUST_102,VID-01355,72.0,23.91,32.59,normal
EVT-001156,2026-03-04 13:04:00,PROD_LIVE,CUST_105,VID-01356,5.3,4.11,20.57,normal
EVT-001157,2026-03-04 13:08:00,PROD_ENCODE,CUST_103,VID-01357,19.3,3.19,13.54,normal
EVT-001158,2026-03-04 13:12:00,PROD_OTT,CUST_101,VID-01358,86.9,8.13,43.91,normal
EVT-001159,2026-03-04 13:16:00,PROD_LIVE,CUST_104,VID-01359,43.5,14.88,18.28,normal
EVT-001160,2026-03-04 13:20:00,PROD_VOD,CUST_102,VID-01360,108.4,5.3,29.58,normal
EVT-001161,2026-03-04 13:24:00,PROD_OTT,CUST_106,VID-01361,7.6,14.65,20.59,normal
EVT-001162,2026-03-04 13:28:00,PROD_ENCODE,CUST_101,VID-01362,23.8,14.05,31.71,normal
EVT-001163,2026-03-04 13:32:00,PROD_ENCODE,CUST_106,VID-01363,23.2,3.4,30.48,normal
EVT-001164,2026-03-04 13:36:00,PROD_OTT,CUST_103,VID-01364,58.7,9.23,10.74,normal
EVT-001165,2026-03-04 13:40:00,PROD_OTT,CUST_101,VID-01365,59.8,2.02,60.7,normal
EVT-001166,2026-03-04 13:44:00,PROD_ENCODE,CUST_103,VID-01366,49.9,6.86,18.34,normal
EVT-001167,2026-03-04 13:48:00,PROD_OTT,CUST_104,VID-01367,51.6,1.3,3.47,normal
EVT-001168,2026-03-04 13:52:00,PROD_VOD,CUST_106,VID-01368,44.3,2.45,33.67,normal
EVT-001169,2026-03-04 13:56:00,PROD_LIVE,CUST_105,VID-01369,7.6,3.61,4.57,normal
EVT-001170,2026-03-03 02:00:00,PROD_OTT,CUST_103,VID-01370,53.5,4.33,3.07,out_of_order
EVT-001171,2026-03-04 14:04:00,PROD_OTT,CUST_105,VID-01371,36.5,1.48,9.43,normal
EVT-001172,2026-03-04 14:08:00,PROD_LIVE,CUST_103,VID-01372,57.6,4.46,7.72,normal
EVT-001173,2026-03-04 14:12:00,PROD_LIVE,CUST_102,VID-01373,49.3,3.14,57.43,normal
EVT-001174,2026-03-04 14:16:00,PROD_OTT,CUST_103,VID-01374,51.9,1.83,22.4,normal
EVT-001175,2026-03-04 14:20:00,PROD_LIVE,CUST_103,VID-01375,20.6,12.15,24.54,normal
EVT-001176,2026-03-04 14:24:00,PROD_VOD,CUST_102,VID-01376,104.1,18.27,57.67,normal
EVT-001177,2026-03-04 14:28:00,PROD_OTT,CUST_106,VID-01377,48.1,9.73,26.92,normal
EVT-001178,2026-03-04 14:32:00,PROD_LIVE,CUST_102,VID-01378,106.3,10.25,20.26,normal
EVT-001179,2026-03-04 14:36:00,PROD_LIVE,CUST_105,VID-01379,28.5,1.1,19.73,normal
EVT-001180,2026-03-04 14:40:00,PROD_OTT,CUST_105,VID-01380,46.1,8.54,23.29,normal
EVT-001181,2026-03-04 14:44:00,PROD_VOD,CUST_102,VID-01381,101.5,24.08,53.68,normal
EVT-001182,2026-03-04 14:48:00,PROD_VOD,CUST_102,VID-01382,106.8,3.61,55.48,normal
EVT-001183,2026-03-04 14:52:00,PROD_ENCODE,CUST_103,VID-01383,54.9,9.56,22.29,normal
EVT-001184,2026-03-04 14:56:00,PROD_VOD,CUST_101,VID-01384,25.7,29.08,30.5,normal
EVT-001185,2026-03-04 15:00:00,PROD_VOD,CUST_104,VID-01385,30.3,9.23,11.17,normal
EVT-001186,2026-03-04 15:04:00,PROD_VOD,CUST_101,VID-01386,52.2,18.67,61.22,normal
EVT-001187,2026-03-04 15:08:00,PROD_VOD,CUST_105,VID-01387,16.2,7.27,22.53,normal
EVT-001188,2026-03-04 15:12:00,PROD_VOD,CUST_105,VID-01388,12.3,6.54,4.51,normal
EVT-001189,2026-03-04 15:16:00,PROD_LIVE,CUST_101,VID-01389,63.0,8.5,30.45,normal
EVT-001190,2026-03-04 15:20:00,PROD_ENCODE,CUST_103,VID-01390,31.0,3.12,30.15,normal
EVT-001191,2026-03-04 15:24:00,PROD_ENCODE,CUST_103,VID-01391,26.1,13.56,6.68,normal
EVT-001192,2026-03-04 15:28:00,PROD_VOD,CUST_105,VID-01392,28.4,7.28,27.29,normal
EVT-001193,2026-03-04 15:32:00,PROD_VOD,CUST_101,VID-01393,72.8,6.43,52.96,normal
EVT-001194,2026-03-04 15:36:00,PROD_OTT,CUST_103,VID-01394,53.1,4.79,8.3,normal
EVT-001195,2026-03-04 15:40:00,PROD_VOD,CUST_101,VID-01395,48.9,8.45,25.9,normal
EVT-001196,2026-03-04 15:44:00,PROD_VOD,CUST_103,VID-01396,10.2,3.94,27.47,normal
EVT-001197,2026-03-04 15:48:00,PROD_VOD,CUST_105,VID-01397,40.2,5.19,23.98,normal
EVT-001198,2026-03-04 15:52:00,PROD_VOD,CUST_105,VID-01398,51.8,7.79,21.51,normal
EVT-001199,2026-03-04 15:56:00,PROD_LIVE,CUST_103,VID-01399,30.6,14.63,14.35,normal
EVT-001200,2026-03-11 16:00:00,PROD_OTT,CUST_102,VID-01000,26.9,4.62,39.99,delayed
EVT-001201,2026-03-04 16:04:00,PROD_OTT,CUST_106,VID-01001,48.9,5.5,32.75,normal
EVT-001202,2026-03-04 16:08:00,PROD_VOD,CUST_105,VID-01002,14.9,13.99,2.24,normal
EVT-001203,2026-03-04 16:12:00,PROD_ENCODE,CUST_104,VID-01003,7.3,7.9,14.61,normal
EVT-001204,2026-03-04 16:16:00,PROD_LIVE,CUST_102,VID-01004,106.9,23.21,42.87,normal
EVT-001205,2026-03-04 16:20:00,PROD_ENCODE,CUST_103,VID-01005,10.2,13.22,33.11,normal
EVT-001206,2026-03-04 16:24:00,PROD_LIVE,CUST_103,VID-01006,30.7,8.6,11.56,normal
EVT-001207,2026-03-04 16:28:00,PROD_ENCODE,CUST_103,VID-01007,8.2,8.28,23.01,normal
EVT-001208,2026-03-04 16:32:00,PROD_OTT,CUST_106,VID-01008,34.0,3.69,26.38,normal
EVT-001209,2026-03-04 16:36:00,PROD_LIVE,CUST_103,VID-01009,43.5,10.95,17.77,normal
EVT-001210,2026-03-04 16:40:00,PROD_ENCODE,CUST_102,VID-01010,12.0,16.22,30.26,normal
EVT-001211,2026-03-04 16:44:00,PROD_LIVE,CUST_106,VID-01011,37.1,3.36,12.07,normal
EVT-001212,2026-03-04 16:48:00,PROD_LIVE,CUST_106,VID-01012,53.1,11.32,4.65,normal
EVT-001213,2026-03-04 16:52:00,PROD_ENCODE,CUST_102,VID-01013,71.1,6.83,61.39,normal
EVT-001214,2026-03-04 16:56:00,PROD_VOD,CUST_101,VID-01014,68.7,11.87,56.52,normal
EVT-001215,2026-03-04 17:00:00,PROD_ENCODE,CUST_102,VID-01015,93.3,29.69,33.52,normal
EVT-001216,2026-03-04 17:04:00,PROD_ENCODE,CUST_102,VID-01016,74.8,9.05,15.9,normal
EVT-001217,2026-03-04 17:08:00,PROD_VOD,CUST_101,VID-01017,103.6,6.75,14.73,normal
EVT-001218,2026-03-04 17:12:00,PROD_OTT,CUST_101,VID-01018,41.6,18.06,43.21,normal
EVT-001219,2026-03-04 17:16:00,PROD_VOD,CUST_105,VID-01019,43.6,6.85,7.62,normal
EVT-001220,2026-03-04 17:20:00,PROD_ENCODE,CUST_101,VID-01020,24.8,13.16,21.31,normal
EVT-001221,2026-03-04 17:24:00,PROD_OTT,CUST_101,VID-01021,115.9,12.12,16.82,normal
EVT-001222,2026-03-04 17:28:00,PROD_VOD,CUST_104,VID-01022,51.0,10.06,2.62,normal
EVT-001223,2026-03-04 17:32:00,PROD_LIVE,CUST_105,VID-01023,9.1,11.32,4.79,normal
EVT-001224,2026-03-04 17:36:00,PROD_LIVE,CUST_102,VID-01024,50.8,7.62,44.87,normal
EVT-001225,2026-03-04 17:40:00,PROD_LIVE,CUST_102,VID-01025,42.8,14.98,9.73,normal
EVT-001226,2026-03-04 17:44:00,PROD_LIVE,CUST_104,VID-01026,51.9,10.73,15.86,normal
EVT-001227,2026-03-04 17:48:00,PROD_VOD,CUST_105,VID-01027,12.9,7.8,3.23,normal
EVT-001228,2026-03-04 17:52:00,PROD_ENCODE,CUST_103,VID-01028,27.0,13.93,26.7,normal
EVT-001229,2026-03-04 17:56:00,PROD_VOD,CUST_104,VID-01029,58.7,13.18,14.9,normal
EVT-001230,2026-03-04 18:00:00,PROD_LIVE,CUST_106,VID-01030,33.9,14.15,2.34,normal
EVT-001231,2026-03-04 18:04:00,PROD_OTT,CUST_102,VID-01031,60.9,7.6,31.96,normal
EVT-001232,2026-03-04 18:08:00,PROD_ENCODE,CUST_104,VID-01032,41.2,13.0,24.22,normal
EVT-001233,2026-03-04 18:12:00,PROD_LIVE,CUST_102,VID-01033,96.5,5.21,46.43,normal
EVT-001234,2026-03-04 18:16:00,PROD_OTT,CUST_103,VID-01034,44.2,14.51,11.89,normal
EVT-001235,2026-03-04 18:20:00,PROD_LIVE,CUST_106,VID-01035,10.5,5.89,31.7,normal
EVT-001236,2026-03-04 18:24:00,PROD_OTT,CUST_101,VID-01036,110.7,7.51,15.79,normal
EVT-001237,2026-03-04 18:28:00,PROD_ENCODE,CUST_106,VID-01037,54.2,8.33,17.73,normal
EVT-001238,2026-03-04 18:32:00,PROD_ENCODE,CUST_101,VID-01038,56.4,21.39,56.14,normal
EVT-001239,2026-03-04 18:36:00,PROD_OTT,CUST_102,VID-01039,78.6,3.26,22.31,normal
EVT-001240,2026-03-04 18:40:00,PROD_ENCODE,CUST_101,VID-01040,62.1,26.03,10.61,normal
EVT-001241,2026-03-04 18:44:00,PROD_ENCODE,CUST_101,VID-01041,119.8,25.41,36.63,normal
EVT-001242,2026-03-04 18:48:00,PROD_LIVE,CUST_102,VID-01042,43.0,7.12,62.23,normal
EVT-001243,2026-03-04 18:52:00,PROD_OTT,CUST_105,VID-01043,17.1,5.31,27.46,normal
EVT-001244,2026-03-04 18:56:00,PROD_VOD,CUST_104,VID-01044,14.3,4.76,16.14,normal
EVT-001245,2026-03-04 19:00:00,PROD_OTT,CUST_102,VID-01045,65.1,12.88,20.86,normal
EVT-001246,2026-03-04 19:04:00,PROD_VOD,CUST_102,VID-01046,49.5,10.22,39.38,normal
EVT-001247,2026-03-04 19:08:00,PROD_LIVE,CUST_104,VID-01047,51.3,2.92,20.46,normal
EVT-001248,2026-03-04 19:12:00,PROD_VOD,CUST_103,VID-01048,42.9,3.42,19.02,normal
EVT-001249,2026-03-04 19:16:00,PROD_OTT,CUST_101,VID-01049,81.8,29.42,4.21,normal
EVT-001250,2026-03-04 19:20:00,PROD_OTT,CUST_102,VID-01050,65.1,11.44,62.45,normal
EVT-001251,2026-03-04 19:24:00,PROD_ENCODE,CUST_106,VID-01051,56.9,3.44,14.9,normal
EVT-001252,2026-03-04 19:28:00,PROD_OTT,CUST_102,VID-01052,45.3,18.52,5.06,normal
EVT-001253,2026-03-04 19:32:00,PROD_VOD,CUST_105,VID-01053,48.0,7.68,4.56,normal
EVT-001254,2026-03-04 19:36:00,PROD_ENCODE,CUST_101,VID-01054,43.5,25.7,45.92,normal
EVT-001255,2026-03-04 19:40:00,PROD_VOD,CUST_103,VID-01055,17.2,8.07,31.92,normal
EVT-001256,2026-03-04 19:44:00,PROD_OTT,CUST_103,VID-01056,16.7,1.72,26.02,normal
EVT-001257,2026-03-04 19:48:00,PROD_VOD,CUST_105,VID-01057,46.4,12.81,33.78,normal
EVT-001258,2026-03-04 19:52:00,PROD_OTT,CUST_104,VID-01058,19.1,6.8,17.42,normal
EVT-001259,2026-03-04 19:56:00,PROD_ENCODE,CUST_102,VID-01059,54.5,27.89,63.49,normal
EVT-001260,2026-03-03 08:00:00,PROD_VOD,CUST_103,VID-01060,41.3,13.35,4.88,out_of_order
EVT-001261,2026-03-04 20:04:00,PROD_OTT,CUST_105,VID-01061,46.1,9.0,32.97,normal
EVT-001262,2026-03-04 20:08:00,PROD_LIVE,CUST_104,VID-01062,31.1,10.74,21.04,normal
EVT-001263,2026-03-04 20:12:00,PROD_VOD,CUST_101,VID-01063,95.5,10.63,6.71,normal
EVT-001264,2026-03-04 20:16:00,PROD_ENCODE,CUST_106,VID-01064,51.3,8.87,2.67,normal
EVT-001265,2026-03-04 20:20:00,PROD_LIVE,CUST_103,VID-01065,27.7,13.35,3.1,normal
EVT-001266,2026-03-04 20:24:00,PROD_VOD,CUST_102,VID-01066,87.6,14.44,64.38,normal
EVT-001267,2026-03-04 20:28:00,PROD_LIVE,CUST_102,VID-01067,13.0,15.53,33.04,normal
EVT-001268,2026-03-04 20:32:00,PROD_LIVE,CUST_101,VID-01068,99.9,15.19,56.24,normal
EVT-001269,2026-03-04 20:36:00,PROD_VOD,CUST_105,VID-01069,56.3,3.56,8.05,normal
EVT-001270,2026-03-04 20:40:00,PROD_ENCODE,CUST_104,VID-01070,55.1,9.99,27.61,normal
EVT-001271,2026-03-04 20:44:00,PROD_VOD,CUST_105,VID-01071,29.9,10.06,16.22,normal
EVT-001272,2026-03-04 20:48:00,PROD_LIVE,CUST_105,VID-01072,46.8,10.47,28.68,normal
EVT-001273,2026-03-04 20:52:00,PROD_VOD,CUST_104,VID-01073,30.9,3.87,15.69,normal
EVT-001274,2026-03-04 20:56:00,PROD_OTT,CUST_106,VID-01074,49.7,10.75,24.89,normal
EVT-001275,2026-03-04 21:00:00,PROD_ENCODE,CUST_104,VID-01075,6.3,12.81,28.36,normal
EVT-001276,2026-03-04 21:04:00,PROD_OTT,CUST_101,VID-01076,102.8,19.83,41.69,normal
EVT-001277,2026-03-04 21:08:00,PROD_LIVE,CUST_101,VID-01077,86.4,3.64,46.76,normal
EVT-001278,2026-03-04 21:12:00,PROD_ENCODE,CUST_106,VID-01078,47.1,8.63,15.25,normal
EVT-001279,2026-03-04 21:16:00,PROD_ENCODE,CUST_101,VID-01079,54.8,7.77,59.37,normal
EVT-001280,2026-03-11 21:20:00,PROD_VOD,CUST_104,VID-01080,47.0,9.09,33.75,delayed
EVT-001281,2026-03-04 21:24:00,PROD_VOD,CUST_104,VID-01081,15.5,12.33,21.18,normal
EVT-001282,2026-03-04 21:28:00,PROD_VOD,CUST_106,VID-01082,59.7,12.43,32.71,normal
EVT-001283,2026-03-04 21:32:00,PROD_ENCODE,CUST_101,VID-01083,71.8,13.72,25.31,normal
EVT-001284,2026-03-04 21:36:00,PROD_LIVE,CUST_102,VID-01084,61.0,14.81,64.35,normal
EVT-001285,2026-03-04 21:40:00,PROD_VOD,CUST_105,VID-01085,28.3,12.63,22.15,normal
EVT-001286,2026-03-04 21:44:00,PROD_LIVE,CUST_104,VID-01086,37.3,3.21,8.81,normal
EVT-001287,2026-03-04 21:48:00,PROD_LIVE,CUST_101,VID-01087,84.2,8.65,25.57,normal
EVT-001288,2026-03-04 21:52:00,PROD_VOD,CUST_101,VID-01088,41.1,23.7,44.29,normal
EVT-001289,2026-03-04 21:56:00,PROD_ENCODE,CUST_104,VID-01089,6.5,6.33,7.93,normal
EVT-001290,2026-03-04 22:00:00,PROD_OTT,CUST_105,VID-01090,29.2,1.03,10.53,normal
EVT-001291,2026-03-04 22:04:00,PROD_LIVE,CUST_103,VID-01091,17.8,13.77,26.5,normal
EVT-001292,2026-03-04 22:08:00,PROD_OTT,CUST_106,VID-01092,48.2,12.36,25.01,normal
EVT-001293,2026-03-04 22:12:00,PROD_VOD,CUST_104,VID-01093,44.9,2.56,17.56,normal
EVT-001294,2026-03-04 22:16:00,PROD_VOD,CUST_104,VID-01094,39.9,14.35,10.95,normal
EVT-001295,2026-03-04 22:20:00,PROD_LIVE,CUST_106,VID-01095,11.3,13.36,19.41,normal
EVT-001296,2026-03-04 22:24:00,PROD_VOD,CUST_101,VID-01096,51.8,25.83,62.24,normal
EVT-001297,2026-03-04 22:28:00,PROD_LIVE,CUST_106,VID-01097,33.1,5.6,8.59,normal
EVT-001298,2026-03-04 22:32:00,PROD_ENCODE,CUST_101,VID-01098,22.6,3.52,43.54,normal
EVT-001299,2026-03-04 22:36:00,PROD_LIVE,CUST_104,VID-01099,39.7,1.6,31.03,normal
EVT-001300,2026-03-04 22:40:00,PROD_LIVE,CUST_101,VID-01100,-15.0,17.1,38.16,normal
EVT-001301,2026-03-04 22:44:00,PROD_VOD,CUST_104,VID-01101,13.8,3.1,7.46,normal
EVT-001302,2026-03-04 22:48:00,PROD_ENCODE,CUST_105,VID-01102,14.6,13.18,11.77,normal
EVT-001303,2026-03-04 22:52:00,PROD_OTT,CUST_105,VID-01103,22.9,14.25,23.8,normal
EVT-001304,2026-03-04 22:56:00,PROD_VOD,CUST_104,VID-01104,13.1,8.11,21.12,normal
EVT-001305,2026-03-04 23:00:00,PROD_OTT,CUST_105,VID-01105,15.1,10.06,22.83,normal
EVT-001306,2026-03-04 23:04:00,PROD_VOD,CUST_101,VID-01106,56.1,2.06,65.85,normal
EVT-001307,2026-03-04 23:08:00,PROD_VOD,CUST_106,VID-01107,38.0,13.52,30.33,normal
EVT-001308,2026-03-04 23:12:00,PROD_LIVE,CUST_104,VID-01108,27.3,2.85,20.4,normal
EVT-001309,2026-03-04 23:16:00,PROD_LIVE,CUST_101,VID-01109,36.4,5.36,7.75,normal
EVT-001310,2026-03-04 23:20:00,PROD_LIVE,CUST_104,VID-01110,15.7,13.62,10.73,normal
EVT-001311,2026-03-04 23:24:00,PROD_OTT,CUST_102,VID-01111,45.9,18.66,45.59,normal
EVT-001312,2026-03-04 23:28:00,PROD_LIVE,CUST_106,VID-01112,18.9,14.98,24.46,normal
EVT-001313,2026-03-04 23:32:00,PROD_ENCODE,CUST_101,VID-01113,18.9,2.31,53.26,normal
EVT-001314,2026-03-04 23:36:00,PROD_LIVE,CUST_103,VID-01114,13.9,13.28,9.09,normal
EVT-001315,2026-03-04 23:40:00,PROD_VOD,CUST_105,VID-01115,10.0,13.96,33.58,normal
EVT-001316,2026-03-04 23:44:00,PROD_ENCODE,CUST_103,VID-01116,18.7,3.56,32.01,normal
EVT-001317,2026-03-04 23:48:00,PROD_ENCODE,CUST_104,VID-01117,50.3,13.98,3.94,normal
EVT-001318,2026-03-04 23:52:00,PROD_ENCODE,CUST_106,VID-01118,46.9,1.01,32.3,normal
EVT-001319,2026-03-04 23:56:00,PROD_OTT,CUST_102,VID-01119,51.3,5.72,54.48,normal
EVT-001320,2026-03-05 00:00:00,PROD_OTT,CUST_101,VID-01120,48.7,8.22,54.43,normal
EVT-001321,2026-03-05 00:04:00,PROD_OTT,CUST_105,VID-01121,46.5,10.8,28.9,normal
EVT-001322,2026-03-05 00:08:00,PROD_OTT,CUST_103,VID-01122,42.4,14.59,30.83,normal
EVT-001323,2026-03-05 00:12:00,PROD_OTT,CUST_105,VID-01123,35.1,2.66,30.85,normal
EVT-001324,2026-03-05 00:16:00,PROD_ENCODE,CUST_104,VID-01124,18.7,6.17,32.99,normal
EVT-001325,2026-03-05 00:20:00,PROD_ENCODE,CUST_104,VID-01125,13.4,3.77,6.2,normal
EVT-001326,2026-03-05 00:24:00,PROD_ENCODE,CUST_101,VID-01126,51.9,24.59,43.89,normal
EVT-001327,2026-03-05 00:28:00,PROD_ENCODE,CUST_103,VID-01127,37.2,2.81,21.19,normal
EVT-001328,2026-03-05 00:32:00,PROD_ENCODE,CUST_106,VID-01128,54.8,2.89,3.67,normal
EVT-001329,2026-03-05 00:36:00,PROD_OTT,CUST_102,VID-01129,76.5,12.83,14.94,normal
EVT-001330,2026-03-05 00:40:00,PROD_ENCODE,CUST_105,VID-01130,39.1,1.16,15.76,normal
EVT-001331,2026-03-05 00:44:00,PROD_VOD,CUST_104,VID-01131,57.2,8.97,15.47,normal
EVT-001332,2026-03-05 00:48:00,PROD_LIVE,CUST_103,VID-01132,25.7,14.79,31.99,normal
EVT-001333,2026-03-05 00:52:00,PROD_LIVE,CUST_105,VID-01133,55.3,9.44,33.39,normal
EVT-001334,2026-03-05 00:56:00,PROD_LIVE,CUST_102,VID-01134,45.3,17.48,35.51,normal
EVT-001335,2026-03-05 01:00:00,PROD_ENCODE,CUST_105,VID-01135,33.3,10.94,16.88,normal
EVT-001336,2026-03-05 01:04:00,PROD_LIVE,CUST_103,VID-01136,55.4,7.07,11.94,normal
EVT-001337,2026-03-05 01:08:00,PROD_LIVE,CUST_103,VID-01137,33.9,1.68,33.27,normal
EVT-001338,2026-03-05 01:12:00,PROD_OTT,CUST_105,VID-01138,49.7,2.34,8.6,normal
EVT-001339,2026-03-05 01:16:00,PROD_LIVE,CUST_105,VID-01139,9.7,14.87,15.28,normal
EVT-001340,2026-03-05 01:20:00,PROD_VOD,CUST_101,VID-01140,108.6,10.11,7.28,normal
EVT-001341,2026-03-05 01:24:00,PROD_ENCODE,CUST_104,VID-01141,13.1,9.64,26.65,normal
EVT-001342,2026-03-05 01:28:00,PROD_VOD,CUST_103,VID-01142,45.8,10.26,30.15,normal
EVT-001343,2026-03-05 01:32:00,PROD_OTT,CUST_106,VID-01143,56.5,1.99,11.92,normal
EVT-001344,2026-03-05 01:36:00,PROD_VOD,CUST_102,VID-01144,66.8,18.1,25.21,normal
EVT-001345,2026-03-05 01:40:00,PROD_ENCODE,CUST_102,VID-01145,13.6,19.16,32.7,normal
EVT-001346,2026-03-05 01:44:00,PROD_OTT,CUST_106,VID-01146,26.1,3.24,27.93,normal
EVT-001347,2026-03-05 01:48:00,PROD_LIVE,CUST_103,VID-01147,55.0,5.61,34.0,normal
EVT-001348,2026-03-05 01:52:00,PROD_LIVE,CUST_101,VID-01148,67.0,8.54,58.89,normal
EVT-001349,2026-03-05 01:56:00,PROD_VOD,CUST_105,VID-01149,56.3,14.91,16.13,normal
EVT-001350,2026-03-03 14:00:00,PROD_VOD,CUST_105,VID-01150,56.9,8.82,22.47,out_of_order
EVT-001351,2026-03-05 02:04:00,PROD_LIVE,CUST_105,VID-01151,56.7,12.58,19.99,normal
EVT-001352,2026-03-05 02:08:00,PROD_VOD,CUST_106,VID-01152,59.3,6.18,19.62,normal
EVT-001353,2026-03-05 02:12:00,PROD_VOD,CUST_101,VID-01153,62.1,12.21,45.44,normal
EVT-001354,2026-03-05 02:16:00,PROD_VOD,CUST_104,VID-01154,38.9,6.73,32.9,normal
EVT-001355,2026-03-05 02:20:00,PROD_ENCODE,CUST_105,VID-01155,23.3,7.72,27.0,normal
EVT-001356,2026-03-05 02:24:00,PROD_OTT,CUST_101,VID-01156,44.1,24.27,24.29,normal
EVT-001357,2026-03-05 02:28:00,PROD_OTT,CUST_101,VID-01157,88.2,10.9,67.65,normal
EVT-001358,2026-03-05 02:32:00,PROD_LIVE,CUST_104,VID-01158,41.3,5.42,15.36,normal
EVT-001359,2026-03-05 02:36:00,PROD_VOD,CUST_101,VID-01159,64.6,15.88,46.4,normal
EVT-001360,2026-03-12 02:40:00,PROD_VOD,CUST_104,VID-01160,59.5,5.89,9.45,delayed
EVT-001361,2026-03-05 02:44:00,PROD_VOD,CUST_105,VID-01161,46.9,3.51,3.48,normal
EVT-001362,2026-03-05 02:48:00,PROD_OTT,CUST_105,VID-01162,45.9,9.17,25.83,normal
EVT-001363,2026-03-05 02:52:00,PROD_LIVE,CUST_105,VID-01163,31.6,3.94,3.33,normal
EVT-001364,2026-03-05 02:56:00,PROD_OTT,CUST_106,VID-01164,15.1,5.11,34.88,normal
EVT-001365,2026-03-05 03:00:00,PROD_OTT,CUST_104,VID-01165,20.8,9.53,27.73,normal
EVT-001366,2026-03-05 03:04:00,PROD_ENCODE,CUST_104,VID-01166,6.4,11.5,19.64,normal
EVT-001367,2026-03-05 03:08:00,PROD_LIVE,CUST_102,VID-01167,44.7,3.84,67.93,normal
EVT-001368,2026-03-05 03:12:00,PROD_VOD,CUST_106,VID-01168,51.0,6.79,4.52,normal
EVT-001369,2026-03-05 03:16:00,PROD_VOD,CUST_104,VID-01169,39.6,14.68,24.71,normal
EVT-001370,2026-03-05 03:20:00,PROD_OTT,CUST_101,VID-01170,63.2,8.69,47.39,normal
EVT-001371,2026-03-05 03:24:00,PROD_OTT,CUST_101,VID-01171,39.5,12.74,68.13,normal
EVT-001372,2026-03-05 03:28:00,PROD_VOD,CUST_105,VID-01172,49.8,8.82,13.68,normal
EVT-001373,2026-03-05 03:32:00,PROD_VOD,CUST_103,VID-01173,24.0,11.39,26.05,normal
EVT-001374,2026-03-05 03:36:00,PROD_VOD,CUST_103,VID-01174,54.2,7.33,10.95,normal
EVT-001375,2026-03-05 03:40:00,PROD_ENCODE,CUST_106,VID-01175,25.1,9.43,5.86,normal
EVT-001376,2026-03-05 03:44:00,PROD_ENCODE,CUST_101,VID-01176,81.1,25.0,4.18,normal
EVT-001377,2026-03-05 03:48:00,PROD_OTT,CUST_101,VID-01177,74.7,26.98,56.88,normal
EVT-001378,2026-03-05 03:52:00,PROD_OTT,CUST_103,VID-01178,54.1,2.64,11.12,normal
EVT-001379,2026-03-05 03:56:00,PROD_VOD,CUST_102,VID-01179,76.5,24.08,40.03,normal
EVT-001380,2026-03-05 04:00:00,PROD_LIVE,CUST_101,VID-01180,98.5,2.68,17.79,normal
EVT-001381,2026-03-05 04:04:00,PROD_ENCODE,CUST_104,VID-01181,47.3,11.74,26.37,normal
EVT-001382,2026-03-05 04:08:00,PROD_VOD,CUST_102,VID-01182,66.5,27.63,39.9,normal
EVT-001383,2026-03-05 04:12:00,PROD_ENCODE,CUST_106,VID-01183,57.2,9.8,24.88,normal
EVT-001384,2026-03-05 04:16:00,PROD_VOD,CUST_106,VID-01184,29.5,8.57,7.0,normal
EVT-001385,2026-03-05 04:20:00,PROD_OTT,CUST_102,VID-01185,76.9,11.46,68.07,normal
EVT-001386,2026-03-05 04:24:00,PROD_ENCODE,CUST_103,VID-01186,43.1,10.93,8.82,normal
EVT-001387,2026-03-05 04:28:00,PROD_LIVE,CUST_106,VID-01187,18.0,11.09,6.36,normal
EVT-001388,2026-03-05 04:32:00,PROD_VOD,CUST_102,VID-01188,76.5,15.12,21.4,normal
EVT-001389,2026-03-05 04:36:00,PROD_VOD,CUST_105,VID-01189,54.9,13.6,27.15,normal
EVT-001390,2026-03-05 04:40:00,PROD_ENCODE,CUST_104,VID-01190,7.3,11.08,21.97,normal
EVT-001391,2026-03-05 04:44:00,PROD_ENCODE,CUST_101,VID-01191,75.6,3.15,48.85,normal
EVT-001392,2026-03-05 04:48:00,PROD_VOD,CUST_105,VID-01192,43.5,2.3,29.69,normal
EVT-001393,2026-03-05 04:52:00,PROD_OTT,CUST_102,VID-01193,18.7,7.59,60.51,normal
EVT-001394,2026-03-05 04:56:00,PROD_LIVE,CUST_104,VID-01194,25.8,2.35,19.72,normal
EVT-001395,2026-03-05 05:00:00,PROD_OTT,CUST_105,VID-01195,7.6,3.28,15.18,normal
EVT-001396,2026-03-05 05:04:00,PROD_LIVE,CUST_106,VID-01196,11.6,9.32,15.31,normal
EVT-001397,2026-03-05 05:08:00,PROD_OTT,CUST_104,VID-01197,48.9,10.41,7.24,normal
EVT-001398,2026-03-05 05:12:00,PROD_VOD,CUST_103,VID-01198,17.4,13.67,24.38,normal
EVT-001399,2026-03-05 05:16:00,PROD_ENCODE,CUST_104,VID-01199,57.4,6.09,11.19,normal
EVT-001400,2026-03-05 05:20:00,PROD_ENCODE,CUST_106,VID-01200,-15.0,12.06,30.5,normal
EVT-001401,2026-03-05 05:24:00,PROD_LIVE,CUST_106,VID-01201,54.2,2.12,26.77,normal
EVT-001402,2026-03-05 05:28:00,PROD_OTT,CUST_104,VID-01202,46.0,12.52,20.89,normal
EVT-001403,2026-03-05 05:32:00,PROD_LIVE,CUST_105,VID-01203,20.0,13.27,18.04,normal
EVT-001404,2026-03-05 05:36:00,PROD_ENCODE,CUST_104,VID-01204,12.3,6.7,10.19,normal
EVT-001405,2026-03-05 05:40:00,PROD_ENCODE,CUST_101,VID-01205,50.0,29.33,13.1,normal
EVT-001406,2026-03-05 05:44:00,PROD_ENCODE,CUST_101,VID-01206,91.4,10.43,12.56,normal
EVT-001407,2026-03-05 05:48:00,PROD_ENCODE,CUST_105,VID-01207,54.9,1.08,31.93,normal
EVT-001408,2026-03-05 05:52:00,PROD_ENCODE,CUST_101,VID-01208,46.4,24.75,29.96,normal
EVT-001409,2026-03-05 05:56:00,PROD_VOD,CUST_104,VID-01209,26.8,7.08,2.28,normal
EVT-001410,2026-03-05 06:00:00,PROD_VOD,CUST_102,VID-01210,90.4,26.84,9.79,normal
EVT-001411,2026-03-05 06:04:00,PROD_ENCODE,CUST_103,VID-01211,51.1,9.73,21.4,normal
EVT-001412,2026-03-05 06:08:00,PROD_VOD,CUST_102,VID-01212,74.5,18.59,69.24,normal
EVT-001413,2026-03-05 06:12:00,PROD_VOD,CUST_106,VID-01213,18.0,1.4,14.04,normal
EVT-001414,2026-03-05 06:16:00,PROD_VOD,CUST_105,VID-01214,19.4,3.21,8.6,normal
EVT-001415,2026-03-05 06:20:00,PROD_ENCODE,CUST_103,VID-01215,36.3,10.75,14.1,normal
EVT-001416,2026-03-05 06:24:00,PROD_VOD,CUST_105,VID-01216,40.7,3.61,14.95,normal
EVT-001417,2026-03-05 06:28:00,PROD_VOD,CUST_105,VID-01217,44.4,7.03,6.39,normal
EVT-001418,2026-03-05 06:32:00,PROD_ENCODE,CUST_103,VID-01218,55.4,14.27,32.84,normal
EVT-001419,2026-03-05 06:36:00,PROD_OTT,CUST_103,VID-01219,49.6,14.74,21.49,normal
EVT-001420,2026-03-05 06:40:00,PROD_LIVE,CUST_101,VID-01220,45.1,22.92,67.53,normal
EVT-001421,2026-03-05 06:44:00,PROD_OTT,CUST_106,VID-01221,20.7,5.61,18.96,normal
EVT-001422,2026-03-05 06:48:00,PROD_VOD,CUST_105,VID-01222,5.9,8.85,25.71,normal
EVT-001423,2026-03-05 06:52:00,PROD_ENCODE,CUST_103,VID-01223,39.6,8.41,11.35,normal
EVT-001424,2026-03-05 06:56:00,PROD_OTT,CUST_103,VID-01224,26.9,6.69,30.61,normal
EVT-001425,2026-03-05 07:00:00,PROD_OTT,CUST_102,VID-01225,23.6,19.26,7.45,normal
EVT-001426,2026-03-05 07:04:00,PROD_ENCODE,CUST_104,VID-01226,5.7,14.57,15.48,normal
EVT-001427,2026-03-05 07:08:00,PROD_ENCODE,CUST_102,VID-01227,44.1,13.85,33.54,normal
EVT-001428,2026-03-05 07:12:00,PROD_OTT,CUST_104,VID-01228,52.5,3.16,15.91,normal
EVT-001429,2026-03-05 07:16:00,PROD_ENCODE,CUST_101,VID-01229,24.4,11.89,69.62,normal
EVT-001430,2026-03-05 07:20:00,PROD_OTT,CUST_105,VID-01230,25.1,1.99,33.51,normal
EVT-001431,2026-03-05 07:24:00,PROD_VOD,CUST_101,VID-01231,58.5,21.02,45.9,normal
EVT-001432,2026-03-05 07:28:00,PROD_VOD,CUST_104,VID-01232,32.3,2.31,15.97,normal
EVT-001433,2026-03-05 07:32:00,PROD_OTT,CUST_105,VID-01233,29.2,1.87,6.26,normal
EVT-001434,2026-03-05 07:36:00,PROD_OTT,CUST_103,VID-01234,9.1,4.43,12.77,normal
EVT-001435,2026-03-05 07:40:00,PROD_ENCODE,CUST_105,VID-01235,19.6,10.94,33.96,normal
EVT-001436,2026-03-05 07:44:00,PROD_OTT,CUST_102,VID-01236,20.7,24.73,49.83,normal
EVT-001437,2026-03-05 07:48:00,PROD_ENCODE,CUST_105,VID-01237,8.0,11.12,6.06,normal
EVT-001438,2026-03-05 07:52:00,PROD_VOD,CUST_106,VID-01238,56.3,9.92,19.54,normal
EVT-001439,2026-03-05 07:56:00,PROD_ENCODE,CUST_106,VID-01239,56.5,12.87,15.35,normal
EVT-001440,2026-03-12 08:00:00,PROD_LIVE,CUST_104,VID-01240,23.2,13.39,20.27,delayed
EVT-001441,2026-03-05 08:04:00,PROD_LIVE,CUST_103,VID-01241,44.2,7.93,22.7,normal
EVT-001442,2026-03-05 08:08:00,PROD_ENCODE,CUST_104,VID-01242,35.1,1.1,24.66,normal
EVT-001443,2026-03-05 08:12:00,PROD_VOD,CUST_102,VID-01243,116.8,29.83,49.81,normal
EVT-001444,2026-03-05 08:16:00,PROD_ENCODE,CUST_106,VID-01244,9.9,4.72,30.23,normal
EVT-001445,2026-03-05 08:20:00,PROD_VOD,CUST_105,VID-01245,15.2,1.36,13.88,normal
EVT-001446,2026-03-05 08:24:00,PROD_ENCODE,CUST_102,VID-01246,33.9,25.81,13.48,normal
EVT-001447,2026-03-05 08:28:00,PROD_ENCODE,CUST_102,VID-01247,96.5,5.73,41.32,normal
EVT-001448,2026-03-05 08:32:00,PROD_ENCODE,CUST_103,VID-01248,19.2,3.6,20.5,normal
EVT-001449,2026-03-05 08:36:00,PROD_LIVE,CUST_103,VID-01249,18.2,3.29,15.03,normal
EVT-001450,2026-03-05 08:40:00,PROD_ENCODE,CUST_104,VID-01250,39.0,9.31,8.17,normal
EVT-001451,2026-03-05 08:44:00,PROD_LIVE,CUST_104,VID-01251,31.0,4.31,32.79,normal
EVT-001452,2026-03-05 08:48:00,PROD_LIVE,CUST_102,VID-01252,89.3,26.29,47.01,normal
EVT-001453,2026-03-05 08:52:00,PROD_VOD,CUST_102,VID-01253,36.2,7.11,41.97,normal
EVT-001454,2026-03-05 08:56:00,PROD_OTT,CUST_106,VID-01254,59.5,1.91,22.36,normal
EVT-001455,2026-03-05 09:00:00,PROD_LIVE,CUST_102,VID-01255,66.8,10.21,18.02,normal
EVT-001456,2026-03-05 09:04:00,PROD_OTT,CUST_104,VID-01256,41.3,9.47,19.33,normal
EVT-001457,2026-03-05 09:08:00,PROD_VOD,CUST_106,VID-01257,31.6,12.48,30.45,normal
EVT-001458,2026-03-05 09:12:00,PROD_OTT,CUST_103,VID-01258,43.0,2.78,14.84,normal
EVT-001459,2026-03-05 09:16:00,PROD_ENCODE,CUST_103,VID-01259,29.0,10.66,22.54,normal
EVT-001460,2026-03-05 09:20:00,PROD_LIVE,CUST_105,VID-01260,57.8,2.74,2.12,normal
EVT-001461,2026-03-05 09:24:00,PROD_ENCODE,CUST_103,VID-01261,59.2,3.99,7.11,normal
EVT-001462,2026-03-05 09:28:00,PROD_ENCODE,CUST_106,VID-01262,44.9,3.11,6.23,normal
EVT-001463,2026-03-05 09:32:00,PROD_ENCODE,CUST_104,VID-01263,30.7,3.85,4.49,normal
EVT-001464,2026-03-05 09:36:00,PROD_VOD,CUST_104,VID-01264,27.1,5.18,17.78,normal
EVT-001465,2026-03-05 09:40:00,PROD_ENCODE,CUST_101,VID-01265,32.8,12.12,19.71,normal
EVT-001466,2026-03-05 09:44:00,PROD_VOD,CUST_103,VID-01266,38.8,3.37,18.61,normal
EVT-001467,2026-03-05 09:48:00,PROD_OTT,CUST_102,VID-01267,79.3,4.37,58.39,normal
EVT-001468,2026-03-05 09:52:00,PROD_ENCODE,CUST_106,VID-01268,21.4,1.75,31.63,normal
EVT-001469,2026-03-05 09:56:00,PROD_OTT,CUST_101,VID-01269,84.3,26.32,35.23,normal
EVT-001470,2026-03-05 10:00:00,PROD_OTT,CUST_105,VID-01270,14.2,7.35,6.54,normal
EVT-001471,2026-03-05 10:04:00,PROD_VOD,CUST_104,VID-01271,50.7,1.19,3.32,normal
EVT-001472,2026-03-05 10:08:00,PROD_ENCODE,CUST_102,VID-01272,98.5,20.55,27.55,normal
EVT-001473,2026-03-05 10:12:00,PROD_ENCODE,CUST_103,VID-01273,57.0,11.2,11.33,normal
EVT-001474,2026-03-05 10:16:00,PROD_ENCODE,CUST_103,VID-01274,22.3,7.8,21.34,normal
EVT-001475,2026-03-05 10:20:00,PROD_VOD,CUST_105,VID-01275,55.9,14.73,25.07,normal
EVT-001476,2026-03-05 10:24:00,PROD_ENCODE,CUST_106,VID-01276,36.6,8.58,11.17,normal
EVT-001477,2026-03-05 10:28:00,PROD_VOD,CUST_103,VID-01277,37.9,10.88,16.1,normal
EVT-001478,2026-03-05 10:32:00,PROD_OTT,CUST_103,VID-01278,5.8,4.95,25.17,normal
EVT-001479,2026-03-05 10:36:00,PROD_LIVE,CUST_102,VID-01279,100.6,23.7,32.81,normal
EVT-001480,2026-03-05 10:40:00,PROD_LIVE,CUST_102,VID-01280,24.5,8.23,42.97,normal
EVT-001481,2026-03-05 10:44:00,PROD_ENCODE,CUST_101,VID-01281,24.4,6.39,40.17,normal
EVT-001482,2026-03-05 10:48:00,PROD_VOD,CUST_106,VID-01282,52.7,2.46,22.33,normal
EVT-001483,2026-03-05 10:52:00,PROD_OTT,CUST_102,VID-01283,37.7,2.11,8.83,normal
EVT-001484,2026-03-05 10:56:00,PROD_ENCODE,CUST_104,VID-01284,45.8,14.83,30.9,normal
EVT-001485,2026-03-05 11:00:00,PROD_LIVE,CUST_102,VID-01285,99.8,29.22,50.41,normal
EVT-001486,2026-03-05 11:04:00,PROD_OTT,CUST_104,VID-01286,21.5,12.57,32.66,normal
EVT-001487,2026-03-05 11:08:00,PROD_LIVE,CUST_103,VID-01287,26.9,7.46,18.63,normal
EVT-001488,2026-03-05 11:12:00,PROD_ENCODE,CUST_101,VID-01288,103.2,23.68,38.74,normal
EVT-001489,2026-03-05 11:16:00,PROD_LIVE,CUST_102,VID-01289,59.5,20.0,46.83,normal
EVT-001490,2026-03-05 11:20:00,PROD_VOD,CUST_103,VID-01290,41.1,14.62,11.57,normal
EVT-001491,2026-03-05 11:24:00,PROD_ENCODE,CUST_105,VID-01291,7.7,10.77,34.59,normal
EVT-001492,2026-03-05 11:28:00,PROD_LIVE,CUST_106,VID-01292,44.8,9.06,14.21,normal
EVT-001493,2026-03-05 11:32:00,PROD_OTT,CUST_104,VID-01293,46.1,9.05,19.7,normal
EVT-001494,2026-03-05 11:36:00,PROD_OTT,CUST_104,VID-01294,6.3,10.51,19.01,normal
EVT-001495,2026-03-05 11:40:00,PROD_ENCODE,CUST_105,VID-01295,19.8,11.85,14.77,normal
EVT-001496,2026-03-05 11:44:00,PROD_LIVE,CUST_101,VID-01296,104.2,26.03,33.36,normal
EVT-001497,2026-03-05 11:48:00,PROD_LIVE,CUST_104,VID-01297,49.2,1.71,19.92,normal
EVT-001498,2026-03-05 11:52:00,PROD_LIVE,CUST_104,VID-01298,9.6,6.61,2.24,normal
EVT-001499,2026-03-05 11:56:00,PROD_ENCODE,CUST_103,VID-01299,24.6,5.46,16.84,normal
EVT-001500,2026-03-05 12:00:00,PROD_ENCODE,CUST_103,VID-01300,-15.0,10.32,19.25,normal
EVT-001501,2026-03-05 12:04:00,PROD_ENCODE,CUST_103,VID-01301,23.0,11.62,31.32,normal
EVT-001502,2026-03-05 12:08:00,PROD_OTT,CUST_101,VID-01302,119.0,6.82,35.04,normal
EVT-001503,2026-03-05 12:12:00,PROD_OTT,CUST_101,VID-01303,10.8,12.82,33.46,normal
EVT-001504,2026-03-05 12:16:00,PROD_ENCODE,CUST_105,VID-01304,52.1,5.08,3.9,normal
EVT-001505,2026-03-05 12:20:00,PROD_VOD,CUST_104,VID-01305,26.0,4.57,5.51,normal
EVT-001506,2026-03-05 12:24:00,PROD_LIVE,CUST_103,VID-01306,52.4,4.64,27.4,normal
EVT-001507,2026-03-05 12:28:00,PROD_ENCODE,CUST_103,VID-01307,5.3,12.22,29.5,normal
EVT-001508,2026-03-05 12:32:00,PROD_LIVE,CUST_105,VID-01308,27.4,8.48,16.05,normal
EVT-001509,2026-03-05 12:36:00,PROD_LIVE,CUST_103,VID-01309,50.1,13.14,26.1,normal
EVT-001510,2026-03-05 12:40:00,PROD_ENCODE,CUST_101,VID-01310,115.4,13.43,7.01,normal
EVT-001511,2026-03-05 12:44:00,PROD_OTT,CUST_103,VID-01311,13.5,3.97,23.22,normal
EVT-001512,2026-03-05 12:48:00,PROD_VOD,CUST_102,VID-01312,15.0,21.42,52.27,normal
EVT-001513,2026-03-05 12:52:00,PROD_LIVE,CUST_101,VID-01313,118.1,23.75,22.35,normal
EVT-001514,2026-03-05 12:56:00,PROD_VOD,CUST_102,VID-01314,39.6,18.19,42.54,normal
EVT-001515,2026-03-05 13:00:00,PROD_ENCODE,CUST_106,VID-01315,8.6,9.5,21.68,normal
EVT-001516,2026-03-05 13:04:00,PROD_ENCODE,CUST_102,VID-01316,102.5,11.43,14.09,normal
EVT-001517,2026-03-05 13:08:00,PROD_OTT,CUST_101,VID-01317,33.1,12.9,21.84,normal
EVT-001518,2026-03-05 13:12:00,PROD_VOD,CUST_103,VID-01318,22.5,1.59,8.75,normal
EVT-001519,2026-03-05 13:16:00,PROD_ENCODE,CUST_106,VID-01319,32.1,14.83,34.13,normal
EVT-001520,2026-03-12 13:20:00,PROD_VOD,CUST_105,VID-01320,22.7,9.96,33.46,delayed
EVT-001521,2026-03-05 13:24:00,PROD_OTT,CUST_106,VID-01321,6.0,5.71,29.34,normal
EVT-001522,2026-03-05 13:28:00,PROD_VOD,CUST_102,VID-01322,82.4,14.1,15.13,normal
EVT-001523,2026-03-05 13:32:00,PROD_OTT,CUST_103,VID-01323,13.1,13.21,30.27,normal
EVT-001524,2026-03-05 13:36:00,PROD_LIVE,CUST_101,VID-01324,48.9,16.85,68.35,normal
EVT-001525,2026-03-05 13:40:00,PROD_LIVE,CUST_103,VID-01325,33.6,9.55,30.74,normal
EVT-001526,2026-03-05 13:44:00,PROD_ENCODE,CUST_102,VID-01326,102.9,6.3,19.01,normal
EVT-001527,2026-03-05 13:48:00,PROD_ENCODE,CUST_106,VID-01327,30.3,5.0,16.41,normal
EVT-001528,2026-03-05 13:52:00,PROD_OTT,CUST_105,VID-01328,25.1,14.28,23.66,normal
EVT-001529,2026-03-05 13:56:00,PROD_VOD,CUST_105,VID-01329,54.5,11.33,34.78,normal
EVT-001530,2026-03-04 02:00:00,PROD_LIVE,CUST_102,VID-01330,10.4,16.62,51.78,out_of_order
EVT-001531,2026-03-05 14:04:00,PROD_OTT,CUST_106,VID-01331,33.6,6.55,18.97,normal
EVT-001532,2026-03-05 14:08:00,PROD_OTT,CUST_101,VID-01332,72.8,6.46,46.68,normal
EVT-001533,2026-03-05 14:12:00,PROD_LIVE,CUST_102,VID-01333,116.8,14.02,52.63,normal
EVT-001534,2026-03-05 14:16:00,PROD_OTT,CUST_106,VID-01334,35.2,11.03,26.97,normal
EVT-001535,2026-03-05 14:20:00,PROD_LIVE,CUST_104,VID-01335,28.1,7.73,32.63,normal
EVT-001536,2026-03-05 14:24:00,PROD_LIVE,CUST_101,VID-01336,103.4,14.42,50.19,normal
EVT-001537,2026-03-05 14:28:00,PROD_ENCODE,CUST_104,VID-01337,15.0,9.26,23.69,normal
EVT-001538,2026-03-05 14:32:00,PROD_VOD,CUST_103,VID-01338,10.1,12.37,32.47,normal
EVT-001539,2026-03-05 14:36:00,PROD_VOD,CUST_104,VID-01339,34.7,3.09,27.71,normal
EVT-001540,2026-03-05 14:40:00,PROD_ENCODE,CUST_103,VID-01340,50.2,8.88,15.67,normal
EVT-001541,2026-03-05 14:44:00,PROD_VOD,CUST_104,VID-01341,56.0,4.3,17.19,normal
EVT-001542,2026-03-05 14:48:00,PROD_LIVE,CUST_102,VID-01342,81.9,5.33,45.23,normal
EVT-001543,2026-03-05 14:52:00,PROD_VOD,CUST_102,VID-01343,107.2,8.38,48.83,normal
EVT-001544,2026-03-05 14:56:00,PROD_VOD,CUST_101,VID-01344,87.9,24.3,68.58,normal
EVT-001545,2026-03-05 15:00:00,PROD_OTT,CUST_103,VID-01345,53.0,11.0,22.71,normal
EVT-001546,2026-03-05 15:04:00,PROD_ENCODE,CUST_101,VID-01346,83.8,17.46,57.45,normal
EVT-001547,2026-03-05 15:08:00,PROD_ENCODE,CUST_105,VID-01347,22.8,4.63,22.69,normal
EVT-001548,2026-03-05 15:12:00,PROD_ENCODE,CUST_104,VID-01348,32.3,5.39,21.58,normal
EVT-001549,2026-03-05 15:16:00,PROD_VOD,CUST_105,VID-01349,34.7,10.6,29.82,normal
EVT-001550,2026-03-05 15:20:00,PROD_LIVE,CUST_104,VID-01350,33.3,5.94,4.14,normal
EVT-001551,2026-03-05 15:24:00,PROD_ENCODE,CUST_105,VID-01351,8.2,9.13,14.2,normal
EVT-001552,2026-03-05 15:28:00,PROD_ENCODE,CUST_102,VID-01352,54.5,17.4,37.36,normal
EVT-001553,2026-03-05 15:32:00,PROD_ENCODE,CUST_104,VID-01353,16.3,1.32,7.13,normal
EVT-001554,2026-03-05 15:36:00,PROD_VOD,CUST_106,VID-01354,31.3,2.11,9.85,normal
EVT-001555,2026-03-05 15:40:00,PROD_ENCODE,CUST_106,VID-01355,11.0,2.6,22.84,normal
EVT-001556,2026-03-05 15:44:00,PROD_VOD,CUST_106,VID-01356,51.7,11.34,20.06,normal
EVT-001557,2026-03-05 15:48:00,PROD_VOD,CUST_102,VID-01357,112.1,20.12,39.64,normal
EVT-001558,2026-03-05 15:52:00,PROD_ENCODE,CUST_106,VID-01358,48.1,2.38,27.31,normal
EVT-001559,2026-03-05 15:56:00,PROD_VOD,CUST_106,VID-01359,50.5,1.1,15.26,normal
EVT-001560,2026-03-05 16:00:00,PROD_VOD,CUST_101,VID-01360,15.2,18.41,18.48,normal
EVT-001561,2026-03-05 16:04:00,PROD_LIVE,CUST_105,VID-01361,35.5,6.43,22.02,normal
EVT-001562,2026-03-05 16:08:00,PROD_LIVE,CUST_102,VID-01362,40.2,21.78,47.74,normal
EVT-001563,2026-03-05 16:12:00,PROD_ENCODE,CUST_106,VID-01363,21.7,13.63,32.4,normal
EVT-001564,2026-03-05 16:16:00,PROD_LIVE,CUST_106,VID-01364,22.4,6.89,12.82,normal
EVT-001565,2026-03-05 16:20:00,PROD_ENCODE,CUST_105,VID-01365,48.1,13.11,34.89,normal
EVT-001566,2026-03-05 16:24:00,PROD_LIVE,CUST_103,VID-01366,24.5,7.25,28.41,normal
EVT-001567,2026-03-05 16:28:00,PROD_ENCODE,CUST_102,VID-01367,91.4,23.45,59.43,normal
EVT-001568,2026-03-05 16:32:00,PROD_LIVE,CUST_101,VID-01368,45.5,11.53,6.82,normal
EVT-001569,2026-03-05 16:36:00,PROD_OTT,CUST_104,VID-01369,42.2,1.46,6.19,normal
EVT-001570,2026-03-05 16:40:00,PROD_VOD,CUST_105,VID-01370,31.3,9.45,30.95,normal
EVT-001571,2026-03-05 16:44:00,PROD_LIVE,CUST_105,VID-01371,20.1,12.51,10.69,normal
EVT-001572,2026-03-05 16:48:00,PROD_OTT,CUST_103,VID-01372,59.0,8.52,5.45,normal
EVT-001573,2026-03-05 16:52:00,PROD_VOD,CUST_103,VID-01373,8.5,13.43,33.38,normal
EVT-001574,2026-03-05 16:56:00,PROD_VOD,CUST_102,VID-01374,113.0,29.38,56.36,normal
EVT-001575,2026-03-05 17:00:00,PROD_VOD,CUST_102,VID-01375,54.1,29.73,11.51,normal
EVT-001576,2026-03-05 17:04:00,PROD_ENCODE,CUST_105,VID-01376,38.1,11.41,21.23,normal
EVT-001577,2026-03-05 17:08:00,PROD_ENCODE,CUST_104,VID-01377,39.0,8.53,30.83,normal
EVT-001578,2026-03-05 17:12:00,PROD_LIVE,CUST_102,VID-01378,80.3,10.47,55.35,normal
EVT-001579,2026-03-05 17:16:00,PROD_OTT,CUST_103,VID-01379,28.4,5.09,15.6,normal
EVT-001580,2026-03-05 17:20:00,PROD_ENCODE,CUST_105,VID-01380,49.6,1.35,27.12,normal
EVT-001581,2026-03-05 17:24:00,PROD_LIVE,CUST_104,VID-01381,44.9,6.98,11.84,normal
EVT-001582,2026-03-05 17:28:00,PROD_VOD,CUST_101,VID-01382,57.5,28.25,44.47,normal
EVT-001583,2026-03-05 17:32:00,PROD_ENCODE,CUST_102,VID-01383,93.4,16.17,17.75,normal
EVT-001584,2026-03-05 17:36:00,PROD_VOD,CUST_103,VID-01384,37.0,7.98,16.95,normal
EVT-001585,2026-03-05 17:40:00,PROD_LIVE,CUST_105,VID-01385,55.1,10.37,23.86,normal
EVT-001586,2026-03-05 17:44:00,PROD_LIVE,CUST_101,VID-01386,66.0,28.93,55.09,normal
EVT-001587,2026-03-05 17:48:00,PROD_LIVE,CUST_106,VID-01387,7.1,8.91,4.93,normal
EVT-001588,2026-03-05 17:52:00,PROD_OTT,CUST_106,VID-01388,41.4,10.0,34.87,normal
EVT-001589,2026-03-05 17:56:00,PROD_LIVE,CUST_102,VID-01389,29.3,4.53,60.4,normal
EVT-001590,2026-03-05 18:00:00,PROD_OTT,CUST_101,VID-01390,70.5,19.55,20.78,normal
EVT-001591,2026-03-05 18:04:00,PROD_LIVE,CUST_105,VID-01391,28.8,6.45,33.24,normal
EVT-001592,2026-03-05 18:08:00,PROD_LIVE,CUST_103,VID-01392,21.0,6.38,17.54,normal
EVT-001593,2026-03-05 18:12:00,PROD_OTT,CUST_104,VID-01393,14.7,2.71,26.52,normal
EVT-001594,2026-03-05 18:16:00,PROD_OTT,CUST_105,VID-01394,20.6,2.15,22.69,normal
EVT-001595,2026-03-05 18:20:00,PROD_OTT,CUST_106,VID-01395,56.3,14.01,5.79,normal
EVT-001596,2026-03-05 18:24:00,PROD_VOD,CUST_104,VID-01396,5.2,1.18,7.33,normal
EVT-001597,2026-03-05 18:28:00,PROD_LIVE,CUST_101,VID-01397,66.5,4.63,41.26,normal
EVT-001598,2026-03-05 18:32:00,PROD_VOD,CUST_106,VID-01398,50.9,5.01,34.95,normal
EVT-001599,2026-03-05 18:36:00,PROD_LIVE,CUST_103,VID-01399,51.1,10.35,14.76,normal
EVT-001600,2026-03-12 18:40:00,PROD_VOD,CUST_106,VID-01000,37.5,12.44,8.71,delayed
EVT-001601,2026-03-05 18:44:00,PROD_ENCODE,CUST_104,VID-01001,20.8,11.3,6.24,normal
EVT-001602,2026-03-05 18:48:00,PROD_LIVE,CUST_105,VID-01002,27.3,10.3,34.9,normal
EVT-001603,2026-03-05 18:52:00,PROD_LIVE,CUST_101,VID-01003,99.3,13.89,60.28,normal
EVT-001604,2026-03-05 18:56:00,PROD_OTT,CUST_106,VID-01004,6.6,11.16,21.31,normal
EVT-001605,2026-03-05 19:00:00,PROD_LIVE,CUST_101,VID-01005,71.4,7.28,28.89,normal
EVT-001606,2026-03-05 19:04:00,PROD_ENCODE,CUST_101,VID-01006,76.0,12.57,31.42,normal
EVT-001607,2026-03-05 19:08:00,PROD_ENCODE,CUST_101,VID-01007,10.2,29.93,53.28,normal
EVT-001608,2026-03-05 19:12:00,PROD_LIVE,CUST_103,VID-01008,14.6,14.3,3.06,normal
EVT-001609,2026-03-05 19:16:00,PROD_LIVE,CUST_102,VID-01009,84.8,29.41,21.73,normal
EVT-001610,2026-03-05 19:20:00,PROD_VOD,CUST_101,VID-01010,109.0,7.85,32.89,normal
EVT-001611,2026-03-05 19:24:00,PROD_ENCODE,CUST_105,VID-01011,17.1,6.89,13.82,normal
EVT-001612,2026-03-05 19:28:00,PROD_VOD,CUST_101,VID-01012,62.2,14.67,8.76,normal
EVT-001613,2026-03-05 19:32:00,PROD_LIVE,CUST_106,VID-01013,21.7,12.4,5.97,normal
EVT-001614,2026-03-05 19:36:00,PROD_OTT,CUST_101,VID-01014,77.8,7.92,55.27,normal
EVT-001615,2026-03-05 19:40:00,PROD_OTT,CUST_101,VID-01015,60.4,25.84,63.93,normal
EVT-001616,2026-03-05 19:44:00,PROD_ENCODE,CUST_103,VID-01016,12.7,12.33,28.85,normal
EVT-001617,2026-03-05 19:48:00,PROD_VOD,CUST_105,VID-01017,26.1,7.85,6.23,normal
EVT-001618,2026-03-05 19:52:00,PROD_LIVE,CUST_101,VID-01018,72.4,23.9,27.54,normal
EVT-001619,2026-03-05 19:56:00,PROD_ENCODE,CUST_105,VID-01019,39.9,5.98,27.01,normal
EVT-001620,2026-03-04 08:00:00,PROD_LIVE,CUST_104,VID-01020,42.7,6.26,31.07,out_of_order
EVT-001621,2026-03-05 20:04:00,PROD_VOD,CUST_103,VID-01021,38.4,1.37,32.6,normal
EVT-001622,2026-03-05 20:08:00,PROD_OTT,CUST_101,VID-01022,117.0,22.8,26.08,normal
EVT-001623,2026-03-05 20:12:00,PROD_VOD,CUST_106,VID-01023,44.7,3.92,32.91,normal
EVT-001624,2026-03-05 20:16:00,PROD_OTT,CUST_103,VID-01024,55.9,4.58,20.13,normal
EVT-001625,2026-03-05 20:20:00,PROD_ENCODE,CUST_102,VID-01025,29.9,27.5,19.09,normal
EVT-001626,2026-03-05 20:24:00,PROD_VOD,CUST_103,VID-01026,30.8,4.38,9.7,normal
EVT-001627,2026-03-05 20:28:00,PROD_OTT,CUST_103,VID-01027,20.2,11.24,24.96,normal
EVT-001628,2026-03-05 20:32:00,PROD_OTT,CUST_106,VID-01028,31.5,9.12,8.53,normal
EVT-001629,2026-03-05 20:36:00,PROD_OTT,CUST_101,VID-01029,22.6,21.51,42.83,normal
EVT-001630,2026-03-05 20:40:00,PROD_ENCODE,CUST_105,VID-01030,50.3,3.99,6.42,normal
EVT-001631,2026-03-05 20:44:00,PROD_VOD,CUST_103,VID-01031,5.8,5.51,10.05,normal
EVT-001632,2026-03-05 20:48:00,PROD_ENCODE,CUST_106,VID-01032,28.9,2.33,8.41,normal
EVT-001633,2026-03-05 20:52:00,PROD_OTT,CUST_105,VID-01033,7.8,2.4,24.99,normal
EVT-001634,2026-03-05 20:56:00,PROD_ENCODE,CUST_102,VID-01034,19.4,7.77,9.56,normal
EVT-001635,2026-03-05 21:00:00,PROD_VOD,CUST_101,VID-01035,37.5,14.13,39.3,normal
EVT-001636,2026-03-05 21:04:00,PROD_LIVE,CUST_106,VID-01036,10.7,12.2,18.03,normal
EVT-001637,2026-03-05 21:08:00,PROD_VOD,CUST_105,VID-01037,30.1,1.63,24.16,normal
EVT-001638,2026-03-05 21:12:00,PROD_OTT,CUST_104,VID-01038,21.6,5.63,16.99,normal
EVT-001639,2026-03-05 21:16:00,PROD_VOD,CUST_104,VID-01039,40.3,10.12,2.08,normal
EVT-001640,2026-03-05 21:20:00,PROD_ENCODE,CUST_105,VID-01040,41.1,4.42,28.68,normal
EVT-001641,2026-03-05 21:24:00,PROD_VOD,CUST_103,VID-01041,56.8,3.51,26.52,normal
EVT-001642,2026-03-05 21:28:00,PROD_VOD,CUST_104,VID-01042,6.8,3.59,3.79,normal
EVT-001643,2026-03-05 21:32:00,PROD_ENCODE,CUST_103,VID-01043,58.7,10.68,13.06,normal
EVT-001644,2026-03-05 21:36:00,PROD_VOD,CUST_106,VID-01044,23.0,12.63,7.55,normal
EVT-001645,2026-03-05 21:40:00,PROD_VOD,CUST_101,VID-01045,41.8,6.3,30.65,normal
EVT-001646,2026-03-05 21:44:00,PROD_ENCODE,CUST_101,VID-01046,21.3,4.11,25.1,normal
EVT-001647,2026-03-05 21:48:00,PROD_LIVE,CUST_101,VID-01047,20.5,26.08,32.01,normal
EVT-001648,2026-03-05 21:52:00,PROD_LIVE,CUST_102,VID-01048,103.4,16.54,12.5,normal
EVT-001649,2026-03-05 21:56:00,PROD_LIVE,CUST_103,VID-01049,7.1,14.88,9.66,normal
EVT-001650,2026-03-05 22:00:00,PROD_LIVE,CUST_102,VID-01050,83.1,3.32,28.93,normal
EVT-001651,2026-03-05 22:04:00,PROD_VOD,CUST_101,VID-01051,115.7,22.7,54.0,normal
EVT-001652,2026-03-05 22:08:00,PROD_VOD,CUST_101,VID-01052,93.4,9.17,24.25,normal
EVT-001653,2026-03-05 22:12:00,PROD_LIVE,CUST_105,VID-01053,10.6,4.19,7.75,normal
EVT-001654,2026-03-05 22:16:00,PROD_LIVE,CUST_105,VID-01054,25.8,14.62,28.29,normal
EVT-001655,2026-03-05 22:20:00,PROD_LIVE,CUST_102,VID-01055,90.6,9.12,58.94,normal
EVT-001656,2026-03-05 22:24:00,PROD_ENCODE,CUST_106,VID-01056,20.6,2.77,12.04,normal
EVT-001657,2026-03-05 22:28:00,PROD_ENCODE,CUST_103,VID-01057,47.5,5.17,16.61,normal
EVT-001658,2026-03-05 22:32:00,PROD_VOD,CUST_102,VID-01058,39.0,16.34,32.34,normal
EVT-001659,2026-03-05 22:36:00,PROD_OTT,CUST_102,VID-01059,92.0,22.43,42.5,normal
EVT-001660,2026-03-05 22:40:00,PROD_OTT,CUST_102,VID-01060,58.1,14.71,48.22,normal
EVT-001661,2026-03-05 22:44:00,PROD_LIVE,CUST_103,VID-01061,41.4,8.7,22.63,normal
EVT-001662,2026-03-05 22:48:00,PROD_LIVE,CUST_105,VID-01062,31.0,4.25,15.36,normal
EVT-001663,2026-03-05 22:52:00,PROD_VOD,CUST_103,VID-01063,42.9,14.96,34.4,normal
EVT-001664,2026-03-05 22:56:00,PROD_ENCODE,CUST_103,VID-01064,49.8,8.88,4.19,normal
EVT-001665,2026-03-05 23:00:00,PROD_ENCODE,CUST_104,VID-01065,57.8,6.18,10.13,normal
EVT-001666,2026-03-05 23:04:00,PROD_VOD,CUST_105,VID-01066,55.4,6.83,5.47,normal
EVT-001667,2026-03-05 23:08:00,PROD_ENCODE,CUST_103,VID-01067,17.1,6.66,21.19,normal
EVT-001668,2026-03-05 23:12:00,PROD_OTT,CUST_102,VID-01068,41.7,14.36,69.5,normal
EVT-001669,2026-03-05 23:16:00,PROD_OTT,CUST_104,VID-01069,28.9,5.45,9.7,normal
EVT-001670,2026-03-05 23:20:00,PROD_LIVE,CUST_105,VID-01070,36.9,10.65,32.56,normal
EVT-001671,2026-03-05 23:24:00,PROD_LIVE,CUST_106,VID-01071,53.4,9.07,31.31,normal
EVT-001672,2026-03-05 23:28:00,PROD_LIVE,CUST_102,VID-01072,41.9,26.57,50.67,normal
EVT-001673,2026-03-05 23:32:00,PROD_ENCODE,CUST_104,VID-01073,55.8,3.11,5.41,normal
EVT-001674,2026-03-05 23:36:00,PROD_ENCODE,CUST_101,VID-01074,27.2,14.81,46.56,normal
EVT-001675,2026-03-05 23:40:00,PROD_ENCODE,CUST_102,VID-01075,91.9,17.32,18.82,normal
EVT-001676,2026-03-05 23:44:00,PROD_OTT,CUST_102,VID-01076,113.4,10.03,40.2,normal
EVT-001677,2026-03-05 23:48:00,PROD_ENCODE,CUST_102,VID-01077,83.6,2.73,55.8,normal
EVT-001678,2026-03-05 23:52:00,PROD_ENCODE,CUST_106,VID-01078,34.6,5.14,17.52,normal
EVT-001679,2026-03-05 23:56:00,PROD_LIVE,CUST_105,VID-01079,38.5,13.45,20.03,normal
EVT-001680,2026-03-13 00:00:00,PROD_VOD,CUST_104,VID-01080,10.3,13.05,24.24,delayed
EVT-001681,2026-03-06 00:04:00,PROD_VOD,CUST_101,VID-01081,53.3,23.89,47.28,normal
EVT-001682,2026-03-06 00:08:00,PROD_ENCODE,CUST_101,VID-01082,13.2,2.65,57.22,normal
EVT-001683,2026-03-06 00:12:00,PROD_ENCODE,CUST_102,VID-01083,51.7,15.2,14.96,normal
EVT-001684,2026-03-06 00:16:00,PROD_VOD,CUST_101,VID-01084,40.1,19.18,57.76,normal
EVT-001685,2026-03-06 00:20:00,PROD_VOD,CUST_105,VID-01085,54.3,6.41,11.08,normal
EVT-001686,2026-03-06 00:24:00,PROD_LIVE,CUST_101,VID-01086,24.5,5.43,22.84,normal
EVT-001687,2026-03-06 00:28:00,PROD_LIVE,CUST_105,VID-01087,47.3,11.96,16.59,normal
EVT-001688,2026-03-06 00:32:00,PROD_LIVE,CUST_103,VID-01088,40.3,12.74,26.71,normal
EVT-001689,2026-03-06 00:36:00,PROD_LIVE,CUST_104,VID-01089,51.3,5.15,26.77,normal
EVT-001690,2026-03-06 00:40:00,PROD_LIVE,CUST_102,VID-01090,75.8,14.88,53.37,normal
EVT-001691,2026-03-06 00:44:00,PROD_OTT,CUST_101,VID-01091,33.7,24.98,21.31,normal
EVT-001692,2026-03-06 00:48:00,PROD_VOD,CUST_106,VID-01092,11.0,9.99,25.18,normal
EVT-001693,2026-03-06 00:52:00,PROD_ENCODE,CUST_106,VID-01093,21.1,7.44,22.47,normal
EVT-001694,2026-03-06 00:56:00,PROD_ENCODE,CUST_106,VID-01094,6.4,10.55,20.17,normal
EVT-001695,2026-03-06 01:00:00,PROD_LIVE,CUST_103,VID-01095,17.1,2.55,5.46,normal
EVT-001696,2026-03-06 01:04:00,PROD_ENCODE,CUST_101,VID-01096,28.7,23.99,41.7,normal
EVT-001697,2026-03-06 01:08:00,PROD_VOD,CUST_104,VID-01097,47.7,4.46,21.85,normal
EVT-001698,2026-03-06 01:12:00,PROD_VOD,CUST_101,VID-01098,31.4,8.49,68.16,normal
EVT-001699,2026-03-06 01:16:00,PROD_LIVE,CUST_104,VID-01099,55.5,6.87,17.91,normal
EVT-001700,2026-03-06 01:20:00,PROD_LIVE,CUST_106,VID-01100,-15.0,12.12,11.29,normal
EVT-001701,2026-03-06 01:24:00,PROD_OTT,CUST_101,VID-01101,90.1,28.74,61.09,normal
EVT-001702,2026-03-06 01:28:00,PROD_ENCODE,CUST_105,VID-01102,16.9,2.03,10.28,normal
EVT-001703,2026-03-06 01:32:00,PROD_VOD,CUST_101,VID-01103,54.1,29.31,42.17,normal
EVT-001704,2026-03-06 01:36:00,PROD_VOD,CUST_101,VID-01104,15.2,10.72,63.33,normal
EVT-001705,2026-03-06 01:40:00,PROD_LIVE,CUST_101,VID-01105,26.6,17.73,62.19,normal
EVT-001706,2026-03-06 01:44:00,PROD_ENCODE,CUST_101,VID-01106,54.5,17.24,6.18,normal
EVT-001707,2026-03-06 01:48:00,PROD_VOD,CUST_105,VID-01107,38.1,4.45,6.76,normal
EVT-001708,2026-03-06 01:52:00,PROD_LIVE,CUST_103,VID-01108,32.6,11.4,12.86,normal
EVT-001709,2026-03-06 01:56:00,PROD_OTT,CUST_102,VID-01109,119.6,7.87,17.03,normal
EVT-001710,2026-03-04 14:00:00,PROD_ENCODE,CUST_101,VID-01110,86.5,17.83,48.31,out_of_order
EVT-001711,2026-03-06 02:04:00,PROD_ENCODE,CUST_105,VID-01111,10.5,13.89,14.61,normal
EVT-001712,2026-03-06 02:08:00,PROD_VOD,CUST_103,VID-01112,48.3,2.38,25.16,normal
EVT-001713,2026-03-06 02:12:00,PROD_VOD,CUST_104,VID-01113,11.4,13.28,27.83,normal
EVT-001714,2026-03-06 02:16:00,PROD_VOD,CUST_105,VID-01114,42.5,13.97,28.96,normal
EVT-001715,2026-03-06 02:20:00,PROD_LIVE,CUST_103,VID-01115,54.8,10.37,2.14,normal
EVT-001716,2026-03-06 02:24:00,PROD_VOD,CUST_103,VID-01116,10.1,2.86,19.61,normal
EVT-001717,2026-03-06 02:28:00,PROD_OTT,CUST_103,VID-01117,12.5,7.78,25.01,normal
EVT-001718,2026-03-06 02:32:00,PROD_LIVE,CUST_104,VID-01118,31.2,8.14,18.2,normal
EVT-001719,2026-03-06 02:36:00,PROD_OTT,CUST_104,VID-01119,15.3,2.0,20.29,normal
EVT-001720,2026-03-06 02:40:00,PROD_VOD,CUST_101,VID-01120,111.0,15.98,44.57,normal
EVT-001721,2026-03-06 02:44:00,PROD_VOD,CUST_106,VID-01121,59.2,2.71,21.06,normal
EVT-001722,2026-03-06 02:48:00,PROD_OTT,CUST_102,VID-01122,37.4,6.25,26.99,normal
EVT-001723,2026-03-06 02:52:00,PROD_VOD,CUST_101,VID-01123,88.1,4.31,26.14,normal
EVT-001724,2026-03-06 02:56:00,PROD_OTT,CUST_101,VID-01124,55.2,20.58,67.74,normal
EVT-001725,2026-03-06 03:00:00,PROD_LIVE,CUST_104,VID-01125,8.7,8.67,28.87,normal
EVT-001726,2026-03-06 03:04:00,PROD_OTT,CUST_102,VID-01126,119.8,6.91,47.3,normal
EVT-001727,2026-03-06 03:08:00,PROD_OTT,CUST_101,VID-01127,10.2,19.72,22.68,normal
EVT-001728,2026-03-06 03:12:00,PROD_VOD,CUST_106,VID-01128,30.7,8.6,25.26,normal
EVT-001729,2026-03-06 03:16:00,PROD_OTT,CUST_105,VID-01129,33.9,13.74,16.06,normal
EVT-001730,2026-03-06 03:20:00,PROD_OTT,CUST_105,VID-01130,36.4,14.29,9.29,normal
EVT-001731,2026-03-06 03:24:00,PROD_VOD,CUST_101,VID-01131,50.6,18.54,45.49,normal
EVT-001732,2026-03-06 03:28:00,PROD_OTT,CUST_104,VID-01132,29.8,14.15,32.26,normal
EVT-001733,2026-03-06 03:32:00,PROD_LIVE,CUST_103,VID-01133,25.0,8.07,31.25,normal
EVT-001734,2026-03-06 03:36:00,PROD_LIVE,CUST_104,VID-01134,40.1,2.21,7.15,normal
EVT-001735,2026-03-06 03:40:00,PROD_ENCODE,CUST_102,VID-01135,93.6,12.13,28.22,normal
EVT-001736,2026-03-06 03:44:00,PROD_OTT,CUST_104,VID-01136,53.1,7.67,23.89,normal
EVT-001737,2026-03-06 03:48:00,PROD_VOD,CUST_103,VID-01137,52.2,10.15,11.06,normal
EVT-001738,2026-03-06 03:52:00,PROD_LIVE,CUST_101,VID-01138,118.6,12.59,46.79,normal
EVT-001739,2026-03-06 03:56:00,PROD_ENCODE,CUST_102,VID-01139,38.7,24.05,37.79,normal
EVT-001740,2026-03-06 04:00:00,PROD_VOD,CUST_101,VID-01140,10.4,19.87,57.64,normal
EVT-001741,2026-03-06 04:04:00,PROD_ENCODE,CUST_105,VID-01141,38.0,10.41,34.61,normal
EVT-001742,2026-03-06 04:08:00,PROD_VOD,CUST_104,VID-01142,12.5,2.97,17.57,normal
EVT-001743,2026-03-06 04:12:00,PROD_LIVE,CUST_102,VID-01143,65.2,5.12,27.18,normal
EVT-001744,2026-03-06 04:16:00,PROD_LIVE,CUST_102,VID-01144,35.2,17.46,15.94,normal
EVT-001745,2026-03-06 04:20:00,PROD_LIVE,CUST_103,VID-01145,5.7,4.89,12.78,normal
EVT-001746,2026-03-06 04:24:00,PROD_LIVE,CUST_105,VID-01146,15.6,15.0,21.5,normal
EVT-001747,2026-03-06 04:28:00,PROD_OTT,CUST_101,VID-01147,10.1,4.58,51.94,normal
EVT-001748,2026-03-06 04:32:00,PROD_OTT,CUST_104,VID-01148,38.3,2.62,14.31,normal
EVT-001749,2026-03-06 04:36:00,PROD_VOD,CUST_106,VID-01149,11.4,4.45,24.01,normal
EVT-001750,2026-03-06 04:40:00,PROD_OTT,CUST_102,VID-01150,45.1,23.83,33.24,normal
EVT-001751,2026-03-06 04:44:00,PROD_LIVE,CUST_102,VID-01151,94.3,16.86,12.66,normal
EVT-001752,2026-03-06 04:48:00,PROD_VOD,CUST_104,VID-01152,20.9,9.95,32.89,normal
EVT-001753,2026-03-06 04:52:00,PROD_OTT,CUST_104,VID-01153,35.6,1.57,27.05,normal
EVT-001754,2026-03-06 04:56:00,PROD_LIVE,CUST_101,VID-01154,24.0,17.13,60.2,normal
EVT-001755,2026-03-06 05:00:00,PROD_VOD,CUST_103,VID-01155,10.6,5.03,30.6,normal
EVT-001756,2026-03-06 05:04:00,PROD_OTT,CUST_102,VID-01156,43.1,19.17,61.52,normal
EVT-001757,2026-03-06 05:08:00,PROD_LIVE,CUST_105,VID-01157,46.9,2.34,23.64,normal
EVT-001758,2026-03-06 05:12:00,PROD_OTT,CUST_104,VID-01158,35.6,12.2,11.5,normal
EVT-001759,2026-03-06 05:16:00,PROD_LIVE,CUST_105,VID-01159,7.0,2.19,18.83,normal
EVT-001760,2026-03-13 05:20:00,PROD_LIVE,CUST_101,VID-01160,52.4,23.17,36.85,delayed
EVT-001761,2026-03-06 05:24:00,PROD_VOD,CUST_106,VID-01161,59.7,7.51,21.31,normal
EVT-001762,2026-03-06 05:28:00,PROD_VOD,CUST_106,VID-01162,13.0,4.11,23.8,normal
EVT-001763,2026-03-06 05:32:00,PROD_ENCODE,CUST_103,VID-01163,56.2,13.65,29.13,normal
EVT-001764,2026-03-06 05:36:00,PROD_ENCODE,CUST_105,VID-01164,36.7,5.47,12.95,normal
EVT-001765,2026-03-06 05:40:00,PROD_OTT,CUST_103,VID-01165,55.3,11.98,21.55,normal
EVT-001766,2026-03-06 05:44:00,PROD_OTT,CUST_106,VID-01166,47.2,8.63,11.18,normal
EVT-001767,2026-03-06 05:48:00,PROD_VOD,CUST_104,VID-01167,38.2,7.02,23.04,normal
EVT-001768,2026-03-06 05:52:00,PROD_OTT,CUST_103,VID-01168,54.2,8.28,28.43,normal
EVT-001769,2026-03-06 05:56:00,PROD_ENCODE,CUST_101,VID-01169,51.5,22.38,29.64,normal
EVT-001770,2026-03-06 06:00:00,PROD_ENCODE,CUST_104,VID-01170,18.2,7.33,11.02,normal
EVT-001771,2026-03-06 06:04:00,PROD_ENCODE,CUST_101,VID-01171,19.1,10.91,33.31,normal
EVT-001772,2026-03-06 06:08:00,PROD_VOD,CUST_102,VID-01172,56.0,17.68,23.72,normal
EVT-001773,2026-03-06 06:12:00,PROD_VOD,CUST_102,VID-01173,49.3,19.78,37.79,normal
EVT-001774,2026-03-06 06:16:00,PROD_LIVE,CUST_104,VID-01174,44.8,9.62,7.3,normal
EVT-001775,2026-03-06 06:20:00,PROD_ENCODE,CUST_103,VID-01175,19.8,7.44,29.63,normal
EVT-001776,2026-03-06 06:24:00,PROD_LIVE,CUST_103,VID-01176,49.1,12.36,19.54,normal
EVT-001777,2026-03-06 06:28:00,PROD_LIVE,CUST_102,VID-01177,91.8,27.23,15.49,normal
EVT-001778,2026-03-06 06:32:00,PROD_OTT,CUST_105,VID-01178,5.3,1.45,4.64,normal
EVT-001779,2026-03-06 06:36:00,PROD_LIVE,CUST_103,VID-01179,11.1,5.63,10.14,normal
EVT-001780,2026-03-06 06:40:00,PROD_ENCODE,CUST_105,VID-01180,10.9,8.48,12.41,normal
EVT-001781,2026-03-06 06:44:00,PROD_OTT,CUST_105,VID-01181,56.0,6.38,29.53,normal
EVT-001782,2026-03-06 06:48:00,PROD_ENCODE,CUST_101,VID-01182,27.8,6.61,33.84,normal
EVT-001783,2026-03-06 06:52:00,PROD_LIVE,CUST_102,VID-01183,34.4,6.04,56.46,normal
EVT-001784,2026-03-06 06:56:00,PROD_OTT,CUST_103,VID-01184,15.0,4.11,4.72,normal
EVT-001785,2026-03-06 07:00:00,PROD_LIVE,CUST_105,VID-01185,26.3,1.65,2.67,normal
EVT-001786,2026-03-06 07:04:00,PROD_LIVE,CUST_105,VID-01186,28.9,3.57,31.1,normal
EVT-001787,2026-03-06 07:08:00,PROD_VOD,CUST_104,VID-01187,13.7,7.8,33.39,normal
EVT-001788,2026-03-06 07:12:00,PROD_LIVE,CUST_102,VID-01188,12.9,4.44,34.62,normal
EVT-001789,2026-03-06 07:16:00,PROD_LIVE,CUST_101,VID-01189,49.5,8.74,15.62,normal
EVT-001790,2026-03-06 07:20:00,PROD_ENCODE,CUST_104,VID-01190,38.2,7.65,34.69,normal
EVT-001791,2026-03-06 07:24:00,PROD_VOD,CUST_104,VID-01191,17.2,2.77,13.71,normal
EVT-001792,2026-03-06 07:28:00,PROD_VOD,CUST_102,VID-01192,23.3,8.46,14.35,normal
EVT-001793,2026-03-06 07:32:00,PROD_VOD,CUST_103,VID-01193,34.2,14.13,13.82,normal
EVT-001794,2026-03-06 07:36:00,PROD_LIVE,CUST_102,VID-01194,15.0,4.67,42.61,normal
EVT-001795,2026-03-06 07:40:00,PROD_VOD,CUST_105,VID-01195,18.2,4.41,14.33,normal
EVT-001796,2026-03-06 07:44:00,PROD_LIVE,CUST_104,VID-01196,38.2,2.19,4.04,normal
EVT-001797,2026-03-06 07:48:00,PROD_VOD,CUST_106,VID-01197,6.2,10.92,23.39,normal
EVT-001798,2026-03-06 07:52:00,PROD_ENCODE,CUST_101,VID-01198,51.4,7.16,26.47,normal
EVT-001799,2026-03-06 07:56:00,PROD_OTT,CUST_106,VID-01199,32.1,8.2,14.16,normal
EVT-001800,2026-03-04 20:00:00,PROD_OTT,CUST_101,VID-01200,90.0,18.22,45.03,out_of_order
EVT-001801,2026-03-06 08:04:00,PROD_LIVE,CUST_102,VID-01201,10.1,24.23,26.71,normal
EVT-001802,2026-03-06 08:08:00,PROD_LIVE,CUST_102,VID-01202,91.7,4.32,29.41,normal
EVT-001803,2026-03-06 08:12:00,PROD_ENCODE,CUST_104,VID-01203,55.4,8.48,4.49,normal
EVT-001804,2026-03-06 08:16:00,PROD_OTT,CUST_104,VID-01204,20.9,11.27,29.65,normal
EVT-001805,2026-03-06 08:20:00,PROD_ENCODE,CUST_101,VID-01205,96.1,5.31,23.52,normal
EVT-001806,2026-03-06 08:24:00,PROD_OTT,CUST_102,VID-01206,84.5,21.58,10.89,normal
EVT-001807,2026-03-06 08:28:00,PROD_VOD,CUST_106,VID-01207,29.8,7.99,33.98,normal
EVT-001808,2026-03-06 08:32:00,PROD_ENCODE,CUST_103,VID-01208,8.2,3.48,17.54,normal
EVT-001809,2026-03-06 08:36:00,PROD_ENCODE,CUST_101,VID-01209,23.8,23.95,14.57,normal
EVT-001810,2026-03-06 08:40:00,PROD_VOD,CUST_106,VID-01210,40.6,7.68,3.81,normal
EVT-001811,2026-03-06 08:44:00,PROD_VOD,CUST_106,VID-01211,39.4,3.18,10.11,normal
EVT-001812,2026-03-06 08:48:00,PROD_VOD,CUST_104,VID-01212,31.3,8.66,32.6,normal
EVT-001813,2026-03-06 08:52:00,PROD_VOD,CUST_104,VID-01213,39.6,7.69,16.11,normal
EVT-001814,2026-03-06 08:56:00,PROD_OTT,CUST_102,VID-01214,24.9,7.56,36.1,normal
EVT-001815,2026-03-06 09:00:00,PROD_OTT,CUST_105,VID-01215,13.5,13.17,14.49,normal
EVT-001816,2026-03-06 09:04:00,PROD_OTT,CUST_106,VID-01216,33.2,6.8,32.08,normal
EVT-001817,2026-03-06 09:08:00,PROD_VOD,CUST_101,VID-01217,41.5,6.26,24.56,normal
EVT-001818,2026-03-06 09:12:00,PROD_VOD,CUST_101,VID-01218,13.2,22.9,33.93,normal
EVT-001819,2026-03-06 09:16:00,PROD_OTT,CUST_102,VID-01219,72.7,17.06,63.92,normal
EVT-001820,2026-03-06 09:20:00,PROD_LIVE,CUST_102,VID-01220,87.3,4.05,13.45,normal
EVT-001821,2026-03-06 09:24:00,PROD_ENCODE,CUST_103,VID-01221,38.0,9.77,30.1,normal
EVT-001822,2026-03-06 09:28:00,PROD_ENCODE,CUST_105,VID-01222,16.5,14.59,26.91,normal
EVT-001823,2026-03-06 09:32:00,PROD_OTT,CUST_101,VID-01223,64.0,17.5,56.9,normal
EVT-001824,2026-03-06 09:36:00,PROD_ENCODE,CUST_104,VID-01224,23.8,2.0,34.52,normal
EVT-001825,2026-03-06 09:40:00,PROD_LIVE,CUST_105,VID-01225,12.7,2.32,27.71,normal
EVT-001826,2026-03-06 09:44:00,PROD_VOD,CUST_104,VID-01226,49.2,3.29,16.12,normal
EVT-001827,2026-03-06 09:48:00,PROD_OTT,CUST_102,VID-01227,57.4,26.24,61.87,normal
EVT-001828,2026-03-06 09:52:00,PROD_OTT,CUST_101,VID-01228,98.6,15.66,69.57,normal
EVT-001829,2026-03-06 09:56:00,PROD_OTT,CUST_103,VID-01229,17.1,12.31,10.21,normal
EVT-001830,2026-03-06 10:00:00,PROD_OTT,CUST_106,VID-01230,26.6,14.02,14.73,normal
EVT-001831,2026-03-06 10:04:00,PROD_ENCODE,CUST_104,VID-01231,19.3,7.18,11.69,normal
EVT-001832,2026-03-06 10:08:00,PROD_ENCODE,CUST_102,VID-01232,28.1,24.8,42.13,normal
EVT-001833,2026-03-06 10:12:00,PROD_OTT,CUST_101,VID-01233,12.4,13.39,13.11,normal
EVT-001834,2026-03-06 10:16:00,PROD_VOD,CUST_104,VID-01234,36.8,14.59,15.82,normal
EVT-001835,2026-03-06 10:20:00,PROD_ENCODE,CUST_105,VID-01235,56.1,13.02,6.72,normal
EVT-001836,2026-03-06 10:24:00,PROD_VOD,CUST_104,VID-01236,47.1,11.51,30.9,normal
EVT-001837,2026-03-06 10:28:00,PROD_ENCODE,CUST_102,VID-01237,75.7,8.48,25.09,normal
EVT-001838,2026-03-06 10:32:00,PROD_VOD,CUST_105,VID-01238,29.2,11.89,10.49,normal
EVT-001839,2026-03-06 10:36:00,PROD_OTT,CUST_102,VID-01239,18.0,18.11,23.88,normal
EVT-001840,2026-03-13 10:40:00,PROD_OTT,CUST_101,VID-01240,30.5,24.05,23.32,delayed
EVT-001841,2026-03-06 10:44:00,PROD_ENCODE,CUST_104,VID-01241,35.3,13.0,32.85,normal
EVT-001842,2026-03-06 10:48:00,PROD_VOD,CUST_103,VID-01242,55.1,14.61,25.86,normal
EVT-001843,2026-03-06 10:52:00,PROD_ENCODE,CUST_102,VID-01243,51.1,26.19,23.23,normal
EVT-001844,2026-03-06 10:56:00,PROD_VOD,CUST_104,VID-01244,6.3,4.22,22.16,normal
EVT-001845,2026-03-06 11:00:00,PROD_LIVE,CUST_101,VID-01245,42.2,17.55,59.5,normal
EVT-001846,2026-03-06 11:04:00,PROD_LIVE,CUST_102,VID-01246,31.2,20.06,62.13,normal
EVT-001847,2026-03-06 11:08:00,PROD_VOD,CUST_105,VID-01247,43.4,4.78,4.11,normal
EVT-001848,2026-03-06 11:12:00,PROD_ENCODE,CUST_104,VID-01248,27.0,11.22,2.39,normal
EVT-001849,2026-03-06 11:16:00,PROD_LIVE,CUST_104,VID-01249,39.7,10.39,30.01,normal
EVT-001850,2026-03-06 11:20:00,PROD_ENCODE,CUST_102,VID-01250,10.5,3.89,13.13,normal
EVT-001851,2026-03-06 11:24:00,PROD_LIVE,CUST_101,VID-01251,100.4,25.55,62.83,normal
EVT-001852,2026-03-06 11:28:00,PROD_OTT,CUST_105,VID-01252,55.5,2.77,28.96,normal
EVT-001853,2026-03-06 11:32:00,PROD_LIVE,CUST_102,VID-01253,119.2,7.95,60.04,normal
EVT-001854,2026-03-06 11:36:00,PROD_ENCODE,CUST_101,VID-01254,114.2,16.27,65.94,normal
EVT-001855,2026-03-06 11:40:00,PROD_ENCODE,CUST_104,VID-01255,44.8,9.93,25.01,normal
EVT-001856,2026-03-06 11:44:00,PROD_ENCODE,CUST_101,VID-01256,103.7,19.92,20.71,normal
EVT-001857,2026-03-06 11:48:00,PROD_OTT,CUST_104,VID-01257,53.2,9.39,2.79,normal
EVT-001858,2026-03-06 11:52:00,PROD_OTT,CUST_104,VID-01258,20.4,11.01,3.72,normal
EVT-001859,2026-03-06 11:56:00,PROD_LIVE,CUST_102,VID-01259,38.8,12.35,61.23,normal
EVT-001860,2026-03-06 12:00:00,PROD_LIVE,CUST_103,VID-01260,7.7,10.14,31.37,normal
EVT-001861,2026-03-06 12:04:00,PROD_VOD,CUST_101,VID-01261,21.9,11.29,29.84,normal
EVT-001862,2026-03-06 12:08:00,PROD_ENCODE,CUST_103,VID-01262,48.3,8.43,24.8,normal
EVT-001863,2026-03-06 12:12:00,PROD_VOD,CUST_105,VID-01263,53.3,4.03,19.29,normal
EVT-001864,2026-03-06 12:16:00,PROD_VOD,CUST_103,VID-01264,19.0,1.95,11.3,normal
EVT-001865,2026-03-06 12:20:00,PROD_OTT,CUST_102,VID-01265,17.0,13.36,62.98,normal
EVT-001866,2026-03-06 12:24:00,PROD_OTT,CUST_101,VID-01266,85.6,25.34,16.6,normal
EVT-001867,2026-03-06 12:28:00,PROD_VOD,CUST_103,VID-01267,33.3,4.04,12.24,normal
EVT-001868,2026-03-06 12:32:00,PROD_OTT,CUST_103,VID-01268,32.8,3.76,22.61,normal
EVT-001869,2026-03-06 12:36:00,PROD_VOD,CUST_101,VID-01269,111.4,16.46,24.97,normal
EVT-001870,2026-03-06 12:40:00,PROD_OTT,CUST_104,VID-01270,11.0,12.77,16.88,normal
EVT-001871,2026-03-06 12:44:00,PROD_OTT,CUST_101,VID-01271,20.0,27.96,6.46,normal
EVT-001872,2026-03-06 12:48:00,PROD_ENCODE,CUST_106,VID-01272,10.6,13.56,19.39,normal
EVT-001873,2026-03-06 12:52:00,PROD_LIVE,CUST_104,VID-01273,43.6,7.1,5.52,normal
EVT-001874,2026-03-06 12:56:00,PROD_ENCODE,CUST_104,VID-01274,59.0,8.24,15.94,normal
EVT-001875,2026-03-06 13:00:00,PROD_VOD,CUST_105,VID-01275,36.4,12.57,14.72,normal
EVT-001876,2026-03-06 13:04:00,PROD_OTT,CUST_105,VID-01276,45.5,8.3,23.91,normal
EVT-001877,2026-03-06 13:08:00,PROD_LIVE,CUST_104,VID-01277,8.6,13.18,25.74,normal
EVT-001878,2026-03-06 13:12:00,PROD_VOD,CUST_103,VID-01278,58.3,8.51,14.37,normal
EVT-001879,2026-03-06 13:16:00,PROD_OTT,CUST_103,VID-01279,40.4,1.94,13.48,normal
EVT-001880,2026-03-06 13:20:00,PROD_OTT,CUST_104,VID-01280,43.8,8.64,10.15,normal
EVT-001881,2026-03-06 13:24:00,PROD_LIVE,CUST_102,VID-01281,73.6,18.61,54.23,normal
EVT-001882,2026-03-06 13:28:00,PROD_LIVE,CUST_103,VID-01282,13.8,6.6,6.69,normal
EVT-001883,2026-03-06 13:32:00,PROD_ENCODE,CUST_106,VID-01283,31.5,8.83,4.2,normal
EVT-001884,2026-03-06 13:36:00,PROD_OTT,CUST_105,VID-01284,49.8,14.01,16.12,normal
EVT-001885,2026-03-06 13:40:00,PROD_ENCODE,CUST_105,VID-01285,52.8,1.06,30.87,normal
EVT-001886,2026-03-06 13:44:00,PROD_LIVE,CUST_101,VID-01286,26.7,16.43,17.5,normal
EVT-001887,2026-03-06 13:48:00,PROD_ENCODE,CUST_102,VID-01287,62.7,12.76,43.11,normal
EVT-001888,2026-03-06 13:52:00,PROD_LIVE,CUST_103,VID-01288,22.4,9.93,28.76,normal
EVT-001889,2026-03-06 13:56:00,PROD_VOD,CUST_102,VID-01289,45.2,26.49,28.46,normal
EVT-001890,2026-03-05 02:00:00,PROD_OTT,CUST_104,VID-01290,10.9,4.34,28.53,out_of_order
EVT-001891,2026-03-06 14:04:00,PROD_ENCODE,CUST_102,VID-01291,113.6,2.21,64.46,normal
EVT-001892,2026-03-06 14:08:00,PROD_ENCODE,CUST_102,VID-01292,107.5,25.59,46.17,normal
EVT-001893,2026-03-06 14:12:00,PROD_LIVE,CUST_105,VID-01293,52.6,12.82,33.35,normal
EVT-001894,2026-03-06 14:16:00,PROD_ENCODE,CUST_104,VID-01294,30.1,11.46,26.94,normal
EVT-001895,2026-03-06 14:20:00,PROD_VOD,CUST_105,VID-01295,21.1,5.47,24.88,normal
EVT-001896,2026-03-06 14:24:00,PROD_ENCODE,CUST_106,VID-01296,32.7,6.46,2.04,normal
EVT-001897,2026-03-06 14:28:00,PROD_VOD,CUST_101,VID-01297,58.7,4.32,8.83,normal
EVT-001898,2026-03-06 14:32:00,PROD_LIVE,CUST_106,VID-01298,52.2,2.97,11.74,normal
EVT-001899,2026-03-06 14:36:00,PROD_OTT,CUST_104,VID-01299,16.9,10.49,3.71,normal
EVT-001900,2026-03-06 14:40:00,PROD_ENCODE,CUST_106,VID-01300,-15.0,14.8,5.1,normal
EVT-001901,2026-03-06 14:44:00,PROD_ENCODE,CUST_101,VID-01301,84.6,18.31,35.33,normal
EVT-001902,2026-03-06 14:48:00,PROD_ENCODE,CUST_103,VID-01302,44.0,7.08,27.47,normal
EVT-001903,2026-03-06 14:52:00,PROD_ENCODE,CUST_104,VID-01303,27.4,1.57,22.11,normal
EVT-001904,2026-03-06 14:56:00,PROD_ENCODE,CUST_105,VID-01304,52.0,3.73,27.71,normal
EVT-001905,2026-03-06 15:00:00,PROD_VOD,CUST_101,VID-01305,77.6,12.27,14.66,normal
EVT-001906,2026-03-06 15:04:00,PROD_OTT,CUST_102,VID-01306,118.5,12.64,51.03,normal
EVT-001907,2026-03-06 15:08:00,PROD_LIVE,CUST_104,VID-01307,39.3,14.4,8.02,normal
EVT-001908,2026-03-06 15:12:00,PROD_VOD,CUST_105,VID-01308,9.2,4.62,34.47,normal
EVT-001909,2026-03-06 15:16:00,PROD_VOD,CUST_104,VID-01309,6.2,10.71,17.78,normal
EVT-001910,2026-03-06 15:20:00,PROD_LIVE,CUST_104,VID-01310,7.8,2.6,18.26,normal
EVT-001911,2026-03-06 15:24:00,PROD_VOD,CUST_101,VID-01311,109.9,11.21,53.18,normal
EVT-001912,2026-03-06 15:28:00,PROD_VOD,CUST_101,VID-01312,17.6,21.85,64.03,normal
EVT-001913,2026-03-06 15:32:00,PROD_ENCODE,CUST_101,VID-01313,13.4,2.92,30.49,normal
EVT-001914,2026-03-06 15:36:00,PROD_LIVE,CUST_106,VID-01314,19.4,7.56,13.1,normal
EVT-001915,2026-03-06 15:40:00,PROD_ENCODE,CUST_105,VID-01315,55.5,3.85,12.52,normal
EVT-001916,2026-03-06 15:44:00,PROD_LIVE,CUST_103,VID-01316,32.1,2.25,8.17,normal
EVT-001917,2026-03-06 15:48:00,PROD_OTT,CUST_105,VID-01317,27.2,8.98,29.0,normal
EVT-001918,2026-03-06 15:52:00,PROD_ENCODE,CUST_102,VID-01318,116.7,21.9,64.99,normal
EVT-001919,2026-03-06 15:56:00,PROD_ENCODE,CUST_103,VID-01319,42.3,4.36,7.14,normal
EVT-001920,2026-03-13 16:00:00,PROD_LIVE,CUST_101,VID-01320,113.7,28.59,49.72,delayed
EVT-001921,2026-03-06 16:04:00,PROD_ENCODE,CUST_104,VID-01321,25.1,11.9,6.69,normal
EVT-001922,2026-03-06 16:08:00,PROD_ENCODE,CUST_105,VID-01322,23.3,13.02,21.54,normal
EVT-001923,2026-03-06 16:12:00,PROD_LIVE,CUST_106,VID-01323,32.4,2.8,2.09,normal
EVT-001924,2026-03-06 16:16:00,PROD_VOD,CUST_106,VID-01324,53.4,10.45,6.66,normal
EVT-001925,2026-03-06 16:20:00,PROD_ENCODE,CUST_106,VID-01325,7.7,5.26,26.63,normal
EVT-001926,2026-03-06 16:24:00,PROD_VOD,CUST_103,VID-01326,9.7,1.34,27.27,normal
EVT-001927,2026-03-06 16:28:00,PROD_OTT,CUST_102,VID-01327,100.6,15.87,11.56,normal
EVT-001928,2026-03-06 16:32:00,PROD_LIVE,CUST_106,VID-01328,8.1,10.03,25.94,normal
EVT-001929,2026-03-06 16:36:00,PROD_LIVE,CUST_103,VID-01329,54.4,12.83,32.02,normal
EVT-001930,2026-03-06 16:40:00,PROD_ENCODE,CUST_105,VID-01330,44.2,12.66,8.63,normal
EVT-001931,2026-03-06 16:44:00,PROD_VOD,CUST_101,VID-01331,109.8,3.59,6.49,normal
EVT-001932,2026-03-06 16:48:00,PROD_VOD,CUST_105,VID-01332,50.1,9.24,4.18,normal
EVT-001933,2026-03-06 16:52:00,PROD_ENCODE,CUST_105,VID-01333,11.3,1.05,33.04,normal
EVT-001934,2026-03-06 16:56:00,PROD_VOD,CUST_102,VID-01334,67.9,29.51,19.22,normal
EVT-001935,2026-03-06 17:00:00,PROD_OTT,CUST_101,VID-01335,46.9,26.66,43.61,normal
EVT-001936,2026-03-06 17:04:00,PROD_LIVE,CUST_105,VID-01336,42.6,9.7,9.59,normal
EVT-001937,2026-03-06 17:08:00,PROD_OTT,CUST_106,VID-01337,17.1,7.21,16.02,normal
EVT-001938,2026-03-06 17:12:00,PROD_LIVE,CUST_104,VID-01338,26.7,8.47,23.21,normal
EVT-001939,2026-03-06 17:16:00,PROD_VOD,CUST_102,VID-01339,118.4,20.88,32.32,normal
EVT-001940,2026-03-06 17:20:00,PROD_VOD,CUST_103,VID-01340,51.9,13.11,20.88,normal
EVT-001941,2026-03-06 17:24:00,PROD_ENCODE,CUST_106,VID-01341,59.0,11.77,29.94,normal
EVT-001942,2026-03-06 17:28:00,PROD_OTT,CUST_106,VID-01342,17.1,14.91,30.48,normal
EVT-001943,2026-03-06 17:32:00,PROD_VOD,CUST_101,VID-01343,117.7,21.06,66.49,normal
EVT-001944,2026-03-06 17:36:00,PROD_LIVE,CUST_101,VID-01344,104.8,14.11,65.37,normal
EVT-001945,2026-03-06 17:40:00,PROD_ENCODE,CUST_105,VID-01345,32.7,14.7,5.12,normal
EVT-001946,2026-03-06 17:44:00,PROD_VOD,CUST_106,VID-01346,22.0,10.34,22.01,normal
EVT-001947,2026-03-06 17:48:00,PROD_ENCODE,CUST_104,VID-01347,45.3,5.98,2.95,normal
EVT-001948,2026-03-06 17:52:00,PROD_VOD,CUST_104,VID-01348,49.7,6.98,24.77,normal
EVT-001949,2026-03-06 17:56:00,PROD_VOD,CUST_105,VID-01349,32.2,6.57,31.63,normal
EVT-001950,2026-03-06 18:00:00,PROD_LIVE,CUST_104,VID-01350,56.0,7.05,19.36,normal
EVT-001951,2026-03-06 18:04:00,PROD_OTT,CUST_101,VID-01351,19.7,20.33,62.02,normal
EVT-001952,2026-03-06 18:08:00,PROD_LIVE,CUST_104,VID-01352,55.8,3.41,7.24,normal
EVT-001953,2026-03-06 18:12:00,PROD_ENCODE,CUST_104,VID-01353,28.9,8.21,24.81,normal
EVT-001954,2026-03-06 18:16:00,PROD_VOD,CUST_105,VID-01354,43.5,3.73,23.24,normal
EVT-001955,2026-03-06 18:20:00,PROD_VOD,CUST_104,VID-01355,59.4,5.55,8.18,normal
EVT-001956,2026-03-06 18:24:00,PROD_VOD,CUST_104,VID-01356,21.0,9.17,28.68,normal
EVT-001957,2026-03-06 18:28:00,PROD_VOD,CUST_102,VID-01357,45.6,19.43,35.7,normal
EVT-001958,2026-03-06 18:32:00,PROD_LIVE,CUST_104,VID-01358,22.7,9.45,18.37,normal
EVT-001959,2026-03-06 18:36:00,PROD_OTT,CUST_101,VID-01359,70.4,7.26,40.76,normal
EVT-001960,2026-03-06 18:40:00,PROD_VOD,CUST_103,VID-01360,6.6,2.01,25.45,normal
EVT-001961,2026-03-06 18:44:00,PROD_OTT,CUST_101,VID-01361,95.1,5.06,66.52,normal
EVT-001962,2026-03-06 18:48:00,PROD_ENCODE,CUST_103,VID-01362,31.6,9.16,20.86,normal
EVT-001963,2026-03-06 18:52:00,PROD_LIVE,CUST_105,VID-01363,57.6,13.08,30.62,normal
EVT-001964,2026-03-06 18:56:00,PROD_OTT,CUST_101,VID-01364,68.8,14.36,46.79,normal
EVT-001965,2026-03-06 19:00:00,PROD_OTT,CUST_105,VID-01365,28.6,1.79,23.5,normal
EVT-001966,2026-03-06 19:04:00,PROD_VOD,CUST_101,VID-01366,89.0,7.14,21.8,normal
EVT-001967,2026-03-06 19:08:00,PROD_LIVE,CUST_105,VID-01367,57.1,8.86,31.34,normal
EVT-001968,2026-03-06 19:12:00,PROD_OTT,CUST_106,VID-01368,30.5,1.7,9.69,normal
EVT-001969,2026-03-06 19:16:00,PROD_VOD,CUST_102,VID-01369,74.9,2.5,10.71,normal
EVT-001970,2026-03-06 19:20:00,PROD_LIVE,CUST_103,VID-01370,39.8,1.89,18.74,normal
EVT-001971,2026-03-06 19:24:00,PROD_VOD,CUST_104,VID-01371,20.1,9.0,33.98,normal
EVT-001972,2026-03-06 19:28:00,PROD_ENCODE,CUST_106,VID-01372,40.4,5.82,34.85,normal
EVT-001973,2026-03-06 19:32:00,PROD_LIVE,CUST_102,VID-01373,103.6,13.43,17.91,normal
EVT-001974,2026-03-06 19:36:00,PROD_VOD,CUST_106,VID-01374,35.8,6.38,31.25,normal
EVT-001975,2026-03-06 19:40:00,PROD_VOD,CUST_104,VID-01375,40.1,1.28,6.49,normal
EVT-001976,2026-03-06 19:44:00,PROD_OTT,CUST_102,VID-01376,109.5,20.23,31.95,normal
EVT-001977,2026-03-06 19:48:00,PROD_OTT,CUST_106,VID-01377,49.3,7.32,9.89,normal
EVT-001978,2026-03-06 19:52:00,PROD_OTT,CUST_101,VID-01378,86.7,11.15,62.35,normal
EVT-001979,2026-03-06 19:56:00,PROD_VOD,CUST_106,VID-01379,46.9,5.27,33.22,normal
EVT-001980,2026-03-05 08:00:00,PROD_OTT,CUST_104,VID-01380,42.3,13.72,10.44,out_of_order
EVT-001981,2026-03-06 20:04:00,PROD_ENCODE,CUST_105,VID-01381,54.7,12.05,13.94,normal
EVT-001982,2026-03-06 20:08:00,PROD_OTT,CUST_103,VID-01382,56.7,4.06,12.9,normal
EVT-001983,2026-03-06 20:12:00,PROD_VOD,CUST_103,VID-01383,25.9,7.01,20.12,normal
EVT-001984,2026-03-06 20:16:00,PROD_ENCODE,CUST_103,VID-01384,56.0,8.2,23.99,normal
EVT-001985,2026-03-06 20:20:00,PROD_OTT,CUST_105,VID-01385,15.9,5.15,26.47,normal
EVT-001986,2026-03-06 20:24:00,PROD_LIVE,CUST_106,VID-01386,56.7,5.94,20.05,normal
EVT-001987,2026-03-06 20:28:00,PROD_ENCODE,CUST_106,VID-01387,13.8,6.83,18.32,normal
EVT-001988,2026-03-06 20:32:00,PROD_ENCODE,CUST_104,VID-01388,50.6,8.25,9.93,normal
EVT-001989,2026-03-06 20:36:00,PROD_VOD,CUST_106,VID-01389,49.6,7.62,19.31,normal
EVT-001990,2026-03-06 20:40:00,PROD_VOD,CUST_105,VID-01390,54.6,5.07,7.25,normal
EVT-001991,2026-03-06 20:44:00,PROD_ENCODE,CUST_105,VID-01391,35.8,10.2,23.41,normal
EVT-001992,2026-03-06 20:48:00,PROD_OTT,CUST_102,VID-01392,105.8,22.41,69.79,normal
EVT-001993,2026-03-06 20:52:00,PROD_OTT,CUST_105,VID-01393,6.7,1.33,25.89,normal
EVT-001994,2026-03-06 20:56:00,PROD_OTT,CUST_103,VID-01394,49.0,6.06,25.78,normal
EVT-001995,2026-03-06 21:00:00,PROD_LIVE,CUST_105,VID-01395,19.8,7.49,26.18,normal
EVT-001996,2026-03-06 21:04:00,PROD_VOD,CUST_101,VID-01396,60.4,9.85,64.57,normal
EVT-001997,2026-03-06 21:08:00,PROD_LIVE,CUST_105,VID-01397,7.5,7.54,9.5,normal
EVT-001998,2026-03-06 21:12:00,PROD_ENCODE,CUST_102,VID-01398,102.9,18.53,21.8,normal
EVT-001999,2026-03-06 21:16:00,PROD_OTT,CUST_106,VID-01399,39.6,10.6,9.98,normal
EVT-002000,2026-03-13 21:20:00,PROD_VOD,CUST_101,VID-01000,56.4,11.38,69.53,delayed
EVT-002001,2026-03-06 21:24:00,PROD_VOD,CUST_103,VID-01001,7.1,2.86,25.01,normal
EVT-002002,2026-03-06 21:28:00,PROD_VOD,CUST_103,VID-01002,59.6,1.32,8.1,normal
EVT-002003,2026-03-06 21:32:00,PROD_VOD,CUST_103,VID-01003,16.5,4.18,4.14,normal
EVT-002004,2026-03-06 21:36:00,PROD_ENCODE,CUST_105,VID-01004,19.6,10.57,24.19,normal
EVT-002005,2026-03-06 21:40:00,PROD_LIVE,CUST_102,VID-01005,92.6,19.37,58.94,normal
EVT-002006,2026-03-06 21:44:00,PROD_OTT,CUST_102,VID-01006,18.7,22.2,63.77,normal
EVT-002007,2026-03-06 21:48:00,PROD_VOD,CUST_102,VID-01007,36.3,11.87,5.93,normal
EVT-002008,2026-03-06 21:52:00,PROD_LIVE,CUST_104,VID-01008,24.7,13.39,28.96,normal
EVT-002009,2026-03-06 21:56:00,PROD_LIVE,CUST_105,VID-01009,28.9,10.46,31.9,normal
EVT-002010,2026-03-06 22:00:00,PROD_OTT,CUST_101,VID-01010,86.1,16.66,36.73,normal
EVT-002011,2026-03-06 22:04:00,PROD_LIVE,CUST_105,VID-01011,44.3,5.9,11.65,normal
EVT-002012,2026-03-06 22:08:00,PROD_VOD,CUST_103,VID-01012,39.8,7.04,3.35,normal
EVT-002013,2026-03-06 22:12:00,PROD_VOD,CUST_105,VID-01013,17.8,2.31,17.73,normal
EVT-002014,2026-03-06 22:16:00,PROD_OTT,CUST_103,VID-01014,50.6,5.38,24.58,normal
EVT-002015,2026-03-06 22:20:00,PROD_ENCODE,CUST_106,VID-01015,6.7,11.71,6.48,normal
EVT-002016,2026-03-06 22:24:00,PROD_LIVE,CUST_105,VID-01016,51.5,6.82,8.59,normal
EVT-002017,2026-03-06 22:28:00,PROD_ENCODE,CUST_103,VID-01017,26.2,14.97,6.63,normal
EVT-002018,2026-03-06 22:32:00,PROD_VOD,CUST_106,VID-01018,22.5,7.66,33.79,normal
EVT-002019,2026-03-06 22:36:00,PROD_LIVE,CUST_104,VID-01019,19.2,2.42,26.86,normal
EVT-002020,2026-03-06 22:40:00,PROD_VOD,CUST_105,VID-01020,19.2,2.66,34.2,normal
EVT-002021,2026-03-06 22:44:00,PROD_ENCODE,CUST_104,VID-01021,13.8,9.25,32.79,normal
EVT-002022,2026-03-06 22:48:00,PROD_ENCODE,CUST_105,VID-01022,17.9,9.45,16.24,normal
EVT-002023,2026-03-06 22:52:00,PROD_VOD,CUST_102,VID-01023,111.5,18.74,66.69,normal
EVT-002024,2026-03-06 22:56:00,PROD_ENCODE,CUST_106,VID-01024,32.2,1.83,13.07,normal
EVT-002025,2026-03-06 23:00:00,PROD_OTT,CUST_106,VID-01025,38.9,9.26,6.71,normal
EVT-002026,2026-03-06 23:04:00,PROD_LIVE,CUST_106,VID-01026,43.7,6.86,9.51,normal
EVT-002027,2026-03-06 23:08:00,PROD_VOD,CUST_102,VID-01027,114.7,8.03,55.59,normal
EVT-002028,2026-03-06 23:12:00,PROD_VOD,CUST_103,VID-01028,32.6,12.9,4.98,normal
EVT-002029,2026-03-06 23:16:00,PROD_OTT,CUST_106,VID-01029,13.4,3.03,22.06,normal
EVT-002030,2026-03-06 23:20:00,PROD_LIVE,CUST_104,VID-01030,21.4,1.65,24.42,normal
EVT-002031,2026-03-06 23:24:00,PROD_LIVE,CUST_106,VID-01031,18.1,4.45,6.37,normal
EVT-002032,2026-03-06 23:28:00,PROD_OTT,CUST_103,VID-01032,29.3,7.53,22.01,normal
EVT-002033,2026-03-06 23:32:00,PROD_VOD,CUST_101,VID-01033,89.0,10.2,5.6,normal
EVT-002034,2026-03-06 23:36:00,PROD_OTT,CUST_106,VID-01034,19.2,13.53,19.2,normal
EVT-002035,2026-03-06 23:40:00,PROD_LIVE,CUST_106,VID-01035,21.5,7.1,22.3,normal
EVT-002036,2026-03-06 23:44:00,PROD_LIVE,CUST_101,VID-01036,107.5,21.2,60.48,normal
EVT-002037,2026-03-06 23:48:00,PROD_ENCODE,CUST_104,VID-01037,11.5,10.0,12.58,normal
EVT-002038,2026-03-06 23:52:00,PROD_ENCODE,CUST_102,VID-01038,85.2,5.21,48.43,normal
EVT-002039,2026-03-06 23:56:00,PROD_ENCODE,CUST_105,VID-01039,12.0,13.65,33.68,normal
EVT-002040,2026-03-07 00:00:00,PROD_VOD,CUST_104,VID-01040,16.7,3.26,5.68,normal
EVT-002041,2026-03-07 00:04:00,PROD_ENCODE,CUST_102,VID-01041,85.4,4.33,7.54,normal
EVT-002042,2026-03-07 00:08:00,PROD_ENCODE,CUST_102,VID-01042,100.2,6.36,10.46,normal
EVT-002043,2026-03-07 00:12:00,PROD_LIVE,CUST_104,VID-01043,36.2,2.06,12.63,normal
EVT-002044,2026-03-07 00:16:00,PROD_LIVE,CUST_106,VID-01044,30.3,11.89,5.76,normal
EVT-002045,2026-03-07 00:20:00,PROD_VOD,CUST_103,VID-01045,12.5,8.19,16.89,normal
EVT-002046,2026-03-07 00:24:00,PROD_VOD,CUST_104,VID-01046,40.4,5.85,21.63,normal
EVT-002047,2026-03-07 00:28:00,PROD_VOD,CUST_103,VID-01047,52.5,1.79,11.05,normal
EVT-002048,2026-03-07 00:32:00,PROD_VOD,CUST_101,VID-01048,99.0,6.97,12.64,normal
EVT-002049,2026-03-07 00:36:00,PROD_ENCODE,CUST_106,VID-01049,49.4,4.42,18.31,normal
EVT-002050,2026-03-07 00:40:00,PROD_VOD,CUST_102,VID-01050,91.9,10.67,26.85,normal
EVT-002051,2026-03-07 00:44:00,PROD_VOD,CUST_102,VID-01051,75.4,16.08,33.87,normal
EVT-002052,2026-03-07 00:48:00,PROD_ENCODE,CUST_101,VID-01052,36.2,23.82,21.97,normal
EVT-002053,2026-03-07 00:52:00,PROD_LIVE,CUST_103,VID-01053,27.4,10.66,24.42,normal
EVT-002054,2026-03-07 00:56:00,PROD_OTT,CUST_106,VID-01054,8.8,10.95,6.82,normal
EVT-002055,2026-03-07 01:00:00,PROD_ENCODE,CUST_105,VID-01055,32.8,1.63,31.33,normal
EVT-002056,2026-03-07 01:04:00,PROD_LIVE,CUST_104,VID-01056,14.5,1.68,26.76,normal
EVT-002057,2026-03-07 01:08:00,PROD_VOD,CUST_102,VID-01057,36.9,12.51,10.64,normal
EVT-002058,2026-03-07 01:12:00,PROD_OTT,CUST_102,VID-01058,26.4,4.76,39.34,normal
EVT-002059,2026-03-07 01:16:00,PROD_LIVE,CUST_103,VID-01059,48.8,3.43,27.44,normal
EVT-002060,2026-03-07 01:20:00,PROD_LIVE,CUST_106,VID-01060,45.2,13.34,24.18,normal
EVT-002061,2026-03-07 01:24:00,PROD_VOD,CUST_106,VID-01061,47.9,6.76,15.71,normal
EVT-002062,2026-03-07 01:28:00,PROD_VOD,CUST_102,VID-01062,69.1,20.95,48.89,normal
EVT-002063,2026-03-07 01:32:00,PROD_ENCODE,CUST_102,VID-01063,91.2,18.81,34.75,normal
EVT-002064,2026-03-07 01:36:00,PROD_OTT,CUST_106,VID-01064,31.7,7.75,3.52,normal
EVT-002065,2026-03-07 01:40:00,PROD_VOD,CUST_103,VID-01065,12.1,4.6,25.67,normal
EVT-002066,2026-03-07 01:44:00,PROD_VOD,CUST_104,VID-01066,55.2,7.39,16.31,normal
EVT-002067,2026-03-07 01:48:00,PROD_OTT,CUST_105,VID-01067,25.1,12.12,28.22,normal
EVT-002068,2026-03-07 01:52:00,PROD_OTT,CUST_101,VID-01068,29.8,14.85,38.92,normal
EVT-002069,2026-03-07 01:56:00,PROD_VOD,CUST_101,VID-01069,107.0,18.36,9.31,normal
EVT-002070,2026-03-05 14:00:00,PROD_OTT,CUST_106,VID-01070,21.7,4.63,13.99,out_of_order
EVT-002071,2026-03-07 02:04:00,PROD_ENCODE,CUST_102,VID-01071,77.9,11.64,29.71,normal
EVT-002072,2026-03-07 02:08:00,PROD_VOD,CUST_105,VID-01072,15.2,6.99,4.58,normal
EVT-002073,2026-03-07 02:12:00,PROD_ENCODE,CUST_104,VID-01073,45.4,12.35,24.71,normal
EVT-002074,2026-03-07 02:16:00,PROD_ENCODE,CUST_102,VID-01074,103.1,8.73,27.39,normal
EVT-002075,2026-03-07 02:20:00,PROD_VOD,CUST_102,VID-01075,91.6,23.42,29.19,normal
EVT-002076,2026-03-07 02:24:00,PROD_ENCODE,CUST_105,VID-01076,17.0,1.35,13.99,normal
EVT-002077,2026-03-07 02:28:00,PROD_LIVE,CUST_104,VID-01077,10.4,8.62,30.12,normal
EVT-002078,2026-03-07 02:32:00,PROD_ENCODE,CUST_106,VID-01078,20.8,14.9,7.47,normal
EVT-002079,2026-03-07 02:36:00,PROD_LIVE,CUST_102,VID-01079,85.6,27.97,54.25,normal
EVT-002080,2026-03-14 02:40:00,PROD_OTT,CUST_106,VID-01080,25.9,1.96,11.8,delayed
EVT-002081,2026-03-07 02:44:00,PROD_ENCODE,CUST_104,VID-01081,14.7,6.94,26.01,normal
EVT-002082,2026-03-07 02:48:00,PROD_VOD,CUST_103,VID-01082,57.3,2.55,28.58,normal
EVT-002083,2026-03-07 02:52:00,PROD_ENCODE,CUST_101,VID-01083,85.3,6.88,48.28,normal
EVT-002084,2026-03-07 02:56:00,PROD_OTT,CUST_102,VID-01084,42.5,8.35,43.66,normal
EVT-002085,2026-03-07 03:00:00,PROD_ENCODE,CUST_102,VID-01085,107.6,13.64,35.63,normal
EVT-002086,2026-03-07 03:04:00,PROD_OTT,CUST_104,VID-01086,22.2,8.54,20.66,normal
EVT-002087,2026-03-07 03:08:00,PROD_ENCODE,CUST_101,VID-01087,33.8,17.43,55.44,normal
EVT-002088,2026-03-07 03:12:00,PROD_LIVE,CUST_101,VID-01088,13.1,17.16,36.1,normal
EVT-002089,2026-03-07 03:16:00,PROD_LIVE,CUST_104,VID-01089,45.1,10.66,4.6,normal
EVT-002090,2026-03-07 03:20:00,PROD_OTT,CUST_105,VID-01090,58.7,11.46,6.78,normal
EVT-002091,2026-03-07 03:24:00,PROD_VOD,CUST_106,VID-01091,40.4,7.76,3.9,normal
EVT-002092,2026-03-07 03:28:00,PROD_OTT,CUST_105,VID-01092,17.3,1.9,31.96,normal
EVT-002093,2026-03-07 03:32:00,PROD_VOD,CUST_104,VID-01093,45.9,10.6,21.11,normal
EVT-002094,2026-03-07 03:36:00,PROD_VOD,CUST_105,VID-01094,29.8,2.8,7.18,normal
EVT-002095,2026-03-07 03:40:00,PROD_ENCODE,CUST_101,VID-01095,67.0,2.57,39.41,normal
EVT-002096,2026-03-07 03:44:00,PROD_ENCODE,CUST_106,VID-01096,37.1,14.84,15.22,normal
EVT-002097,2026-03-07 03:48:00,PROD_VOD,CUST_104,VID-01097,23.4,7.27,22.22,normal
EVT-002098,2026-03-07 03:52:00,PROD_OTT,CUST_105,VID-01098,31.2,4.99,22.27,normal
EVT-002099,2026-03-07 03:56:00,PROD_VOD,CUST_103,VID-01099,13.9,13.16,5.51,normal
EVT-002100,2026-03-07 04:00:00,PROD_VOD,CUST_101,VID-01100,-15.0,25.9,56.17,normal
EVT-002101,2026-03-07 04:04:00,PROD_ENCODE,CUST_103,VID-01101,33.4,2.33,22.45,normal
EVT-002102,2026-03-07 04:08:00,PROD_VOD,CUST_101,VID-01102,57.6,15.79,45.7,normal
EVT-002103,2026-03-07 04:12:00,PROD_OTT,CUST_104,VID-01103,52.4,2.33,15.46,normal
EVT-002104,2026-03-07 04:16:00,PROD_VOD,CUST_102,VID-01104,75.6,29.47,28.19,normal
EVT-002105,2026-03-07 04:20:00,PROD_OTT,CUST_104,VID-01105,50.0,11.43,26.86,normal
EVT-002106,2026-03-07 04:24:00,PROD_VOD,CUST_104,VID-01106,37.8,9.52,9.19,normal
EVT-002107,2026-03-07 04:28:00,PROD_VOD,CUST_101,VID-01107,73.1,26.97,38.69,normal
EVT-002108,2026-03-07 04:32:00,PROD_VOD,CUST_104,VID-01108,34.2,14.27,25.02,normal
EVT-002109,2026-03-07 04:36:00,PROD_VOD,CUST_102,VID-01109,80.7,2.36,9.07,normal
EVT-002110,2026-03-07 04:40:00,PROD_ENCODE,CUST_103,VID-01110,15.4,10.57,7.67,normal
EVT-002111,2026-03-07 04:44:00,PROD_ENCODE,CUST_102,VID-01111,98.3,21.35,31.83,normal
EVT-002112,2026-03-07 04:48:00,PROD_VOD,CUST_102,VID-01112,18.5,19.19,38.77,normal
EVT-002113,2026-03-07 04:52:00,PROD_OTT,CUST_105,VID-01113,7.0,12.87,12.25,normal
EVT-002114,2026-03-07 04:56:00,PROD_VOD,CUST_102,VID-01114,62.4,6.57,27.58,normal
EVT-002115,2026-03-07 05:00:00,PROD_OTT,CUST_103,VID-01115,33.4,5.66,9.42,normal
EVT-002116,2026-03-07 05:04:00,PROD_ENCODE,CUST_102,VID-01116,84.8,27.68,40.18,normal
EVT-002117,2026-03-07 05:08:00,PROD_VOD,CUST_102,VID-01117,63.0,9.8,52.35,normal
EVT-002118,2026-03-07 05:12:00,PROD_LIVE,CUST_102,VID-01118,110.2,23.76,62.87,normal
EVT-002119,2026-03-07 05:16:00,PROD_VOD,CUST_104,VID-01119,49.5,1.98,21.81,normal
EVT-002120,2026-03-07 05:20:00,PROD_LIVE,CUST_103,VID-01120,35.7,13.29,22.77,normal
EVT-002121,2026-03-07 05:24:00,PROD_OTT,CUST_104,VID-01121,52.7,13.57,31.85,normal
EVT-002122,2026-03-07 05:28:00,PROD_VOD,CUST_106,VID-01122,59.5,10.89,15.39,normal
EVT-002123,2026-03-07 05:32:00,PROD_VOD,CUST_101,VID-01123,86.6,13.06,41.72,normal
EVT-002124,2026-03-07 05:36:00,PROD_OTT,CUST_103,VID-01124,19.2,12.55,25.87,normal
EVT-002125,2026-03-07 05:40:00,PROD_OTT,CUST_103,VID-01125,17.9,5.4,9.18,normal
EVT-002126,2026-03-07 05:44:00,PROD_VOD,CUST_105,VID-01126,18.3,13.53,28.43,normal
EVT-002127,2026-03-07 05:48:00,PROD_ENCODE,CUST_105,VID-01127,41.4,5.73,33.61,normal
EVT-002128,2026-03-07 05:52:00,PROD_VOD,CUST_106,VID-01128,37.3,10.74,12.09,normal
EVT-002129,2026-03-07 05:56:00,PROD_ENCODE,CUST_102,VID-01129,79.3,27.61,6.12,normal
EVT-002130,2026-03-07 06:00:00,PROD_LIVE,CUST_106,VID-01130,10.9,7.77,27.62,normal
EVT-002131,2026-03-07 06:04:00,PROD_LIVE,CUST_103,VID-01131,40.8,11.65,5.07,normal
EVT-002132,2026-03-07 06:08:00,PROD_ENCODE,CUST_105,VID-01132,8.5,13.28,9.12,normal
EVT-002133,2026-03-07 06:12:00,PROD_ENCODE,CUST_102,VID-01133,112.8,14.68,35.56,normal
EVT-002134,2026-03-07 06:16:00,PROD_LIVE,CUST_101,VID-01134,62.7,8.34,23.39,normal
EVT-002135,2026-03-07 06:20:00,PROD_VOD,CUST_106,VID-01135,55.6,5.28,23.47,normal
EVT-002136,2026-03-07 06:24:00,PROD_LIVE,CUST_106,VID-01136,51.8,4.79,24.72,normal
EVT-002137,2026-03-07 06:28:00,PROD_LIVE,CUST_101,VID-01137,55.3,27.55,16.2,normal
EVT-002138,2026-03-07 06:32:00,PROD_LIVE,CUST_104,VID-01138,22.2,13.63,5.11,normal
EVT-002139,2026-03-07 06:36:00,PROD_VOD,CUST_106,VID-01139,48.5,5.06,7.55,normal
EVT-002140,2026-03-07 06:40:00,PROD_OTT,CUST_102,VID-01140,83.6,20.71,14.38,normal
EVT-002141,2026-03-07 06:44:00,PROD_OTT,CUST_102,VID-01141,98.9,23.11,4.48,normal
EVT-002142,2026-03-07 06:48:00,PROD_OTT,CUST_104,VID-01142,27.6,10.82,32.95,normal
EVT-002143,2026-03-07 06:52:00,PROD_VOD,CUST_106,VID-01143,45.5,6.96,4.15,normal
EVT-002144,2026-03-07 06:56:00,PROD_OTT,CUST_104,VID-01144,59.4,1.11,28.49,normal
EVT-002145,2026-03-07 07:00:00,PROD_OTT,CUST_101,VID-01145,44.0,11.84,44.99,normal
EVT-002146,2026-03-07 07:04:00,PROD_VOD,CUST_102,VID-01146,61.4,10.96,58.83,normal
EVT-002147,2026-03-07 07:08:00,PROD_LIVE,CUST_103,VID-01147,51.1,14.86,24.58,normal
EVT-002148,2026-03-07 07:12:00,PROD_VOD,CUST_105,VID-01148,55.0,3.51,30.38,normal
EVT-002149,2026-03-07 07:16:00,PROD_VOD,CUST_101,VID-01149,80.7,10.91,25.09,normal
EVT-002150,2026-03-07 07:20:00,PROD_OTT,CUST_102,VID-01150,92.4,18.62,15.58,normal
EVT-002151,2026-03-07 07:24:00,PROD_LIVE,CUST_102,VID-01151,62.8,21.91,32.56,normal
EVT-002152,2026-03-07 07:28:00,PROD_ENCODE,CUST_105,VID-01152,14.5,3.35,13.45,normal
EVT-002153,2026-03-07 07:32:00,PROD_LIVE,CUST_105,VID-01153,26.1,8.96,5.06,normal
EVT-002154,2026-03-07 07:36:00,PROD_VOD,CUST_106,VID-01154,50.2,11.95,8.33,normal
EVT-002155,2026-03-07 07:40:00,PROD_VOD,CUST_105,VID-01155,48.6,11.97,12.08,normal
EVT-002156,2026-03-07 07:44:00,PROD_OTT,CUST_106,VID-01156,39.7,3.08,2.07,normal
EVT-002157,2026-03-07 07:48:00,PROD_ENCODE,CUST_106,VID-01157,14.8,11.43,10.92,normal
EVT-002158,2026-03-07 07:52:00,PROD_LIVE,CUST_102,VID-01158,98.7,20.89,39.56,normal
EVT-002159,2026-03-07 07:56:00,PROD_LIVE,CUST_102,VID-01159,38.3,15.23,10.77,normal
EVT-002160,2026-03-14 08:00:00,PROD_ENCODE,CUST_104,VID-01160,54.6,4.56,3.23,delayed
EVT-002161,2026-03-07 08:04:00,PROD_ENCODE,CUST_103,VID-01161,49.7,3.46,10.22,normal
EVT-002162,2026-03-07 08:08:00,PROD_LIVE,CUST_104,VID-01162,56.9,14.23,20.3,normal
EVT-002163,2026-03-07 08:12:00,PROD_OTT,CUST_101,VID-01163,59.5,7.72,58.2,normal
EVT-002164,2026-03-07 08:16:00,PROD_VOD,CUST_105,VID-01164,52.4,3.28,27.05,normal
EVT-002165,2026-03-07 08:20:00,PROD_OTT,CUST_105,VID-01165,20.0,14.8,17.83,normal
EVT-002166,2026-03-07 08:24:00,PROD_VOD,CUST_102,VID-01166,72.6,24.59,43.93,normal
EVT-002167,2026-03-07 08:28:00,PROD_ENCODE,CUST_103,VID-01167,23.0,5.52,5.17,normal
EVT-002168,2026-03-07 08:32:00,PROD_ENCODE,CUST_104,VID-01168,23.0,4.62,6.11,normal
EVT-002169,2026-03-07 08:36:00,PROD_LIVE,CUST_101,VID-01169,14.1,18.57,42.85,normal
EVT-002170,2026-03-07 08:40:00,PROD_OTT,CUST_102,VID-01170,70.6,28.59,18.01,normal
EVT-002171,2026-03-07 08:44:00,PROD_OTT,CUST_103,VID-01171,45.7,9.55,15.26,normal
EVT-002172,2026-03-07 08:48:00,PROD_ENCODE,CUST_105,VID-01172,58.0,7.02,21.44,normal
EVT-002173,2026-03-07 08:52:00,PROD_OTT,CUST_104,VID-01173,5.9,10.81,17.1,normal
EVT-002174,2026-03-07 08:56:00,PROD_VOD,CUST_104,VID-01174,37.1,2.19,10.61,normal
EVT-002175,2026-03-07 09:00:00,PROD_ENCODE,CUST_101,VID-01175,18.9,28.97,18.18,normal
EVT-002176,2026-03-07 09:04:00,PROD_OTT,CUST_106,VID-01176,56.3,7.27,13.11,normal
EVT-002177,2026-03-07 09:08:00,PROD_ENCODE,CUST_103,VID-01177,28.0,11.19,2.0,normal
EVT-002178,2026-03-07 09:12:00,PROD_OTT,CUST_101,VID-01178,69.7,16.15,66.28,normal
EVT-002179,2026-03-07 09:16:00,PROD_VOD,CUST_104,VID-01179,32.0,5.1,20.58,normal
EVT-002180,2026-03-07 09:20:00,PROD_LIVE,CUST_102,VID-01180,41.2,7.81,67.73,normal
EVT-002181,2026-03-07 09:24:00,PROD_ENCODE,CUST_105,VID-01181,33.4,1.26,34.22,normal
EVT-002182,2026-03-07 09:28:00,PROD_OTT,CUST_103,VID-01182,46.8,1.23,13.06,normal
EVT-002183,2026-03-07 09:32:00,PROD_ENCODE,CUST_104,VID-01183,52.1,9.07,33.3,normal
EVT-002184,2026-03-07 09:36:00,PROD_ENCODE,CUST_103,VID-01184,22.1,2.9,25.49,normal
EVT-002185,2026-03-07 09:40:00,PROD_OTT,CUST_102,VID-01185,97.5,14.17,35.13,normal
EVT-002186,2026-03-07 09:44:00,PROD_LIVE,CUST_103,VID-01186,49.1,2.74,33.65,normal
EVT-002187,2026-03-07 09:48:00,PROD_LIVE,CUST_103,VID-01187,8.1,13.07,30.36,normal
EVT-002188,2026-03-07 09:52:00,PROD_OTT,CUST_106,VID-01188,59.9,6.99,7.69,normal
EVT-002189,2026-03-07 09:56:00,PROD_ENCODE,CUST_103,VID-01189,33.3,12.05,22.76,normal
EVT-002190,2026-03-07 10:00:00,PROD_LIVE,CUST_105,VID-01190,40.6,9.02,27.04,normal
EVT-002191,2026-03-07 10:04:00,PROD_ENCODE,CUST_105,VID-01191,52.7,10.4,8.46,normal
EVT-002192,2026-03-07 10:08:00,PROD_OTT,CUST_102,VID-01192,12.1,25.52,5.43,normal
EVT-002193,2026-03-07 10:12:00,PROD_VOD,CUST_102,VID-01193,58.3,18.19,43.67,normal
EVT-002194,2026-03-07 10:16:00,PROD_VOD,CUST_105,VID-01194,40.7,1.02,11.7,normal
EVT-002195,2026-03-07 10:20:00,PROD_OTT,CUST_102,VID-01195,109.7,27.3,36.32,normal
EVT-002196,2026-03-07 10:24:00,PROD_OTT,CUST_105,VID-01196,25.7,7.65,31.42,normal
EVT-002197,2026-03-07 10:28:00,PROD_ENCODE,CUST_103,VID-01197,27.8,1.72,8.41,normal
EVT-002198,2026-03-07 10:32:00,PROD_ENCODE,CUST_102,VID-01198,37.9,21.04,17.94,normal
EVT-002199,2026-03-07 10:36:00,PROD_OTT,CUST_104,VID-01199,33.0,9.37,26.66,normal
EVT-002200,2026-03-07 10:40:00,PROD_LIVE,CUST_102,VID-01200,-15.0,4.01,67.56,normal
EVT-002201,2026-03-07 10:44:00,PROD_LIVE,CUST_102,VID-01201,50.8,21.03,9.86,normal
EVT-002202,2026-03-07 10:48:00,PROD_VOD,CUST_104,VID-01202,53.6,12.73,31.23,normal
EVT-002203,2026-03-07 10:52:00,PROD_OTT,CUST_103,VID-01203,52.7,7.45,31.24,normal
EVT-002204,2026-03-07 10:56:00,PROD_LIVE,CUST_106,VID-01204,27.7,2.9,10.09,normal
EVT-002205,2026-03-07 11:00:00,PROD_ENCODE,CUST_104,VID-01205,34.6,10.75,18.81,normal
EVT-002206,2026-03-07 11:04:00,PROD_ENCODE,CUST_104,VID-01206,19.6,7.94,27.52,normal
EVT-002207,2026-03-07 11:08:00,PROD_OTT,CUST_105,VID-01207,20.0,5.02,9.9,normal
EVT-002208,2026-03-07 11:12:00,PROD_OTT,CUST_105,VID-01208,44.2,2.94,13.69,normal
EVT-002209,2026-03-07 11:16:00,PROD_LIVE,CUST_104,VID-01209,46.2,12.02,30.98,normal
EVT-002210,2026-03-07 11:20:00,PROD_VOD,CUST_102,VID-01210,62.4,15.04,40.8,normal
EVT-002211,2026-03-07 11:24:00,PROD_OTT,CUST_101,VID-01211,39.2,6.21,67.25,normal
EVT-002212,2026-03-07 11:28:00,PROD_ENCODE,CUST_104,VID-01212,30.7,2.13,21.69,normal
EVT-002213,2026-03-07 11:32:00,PROD_OTT,CUST_102,VID-01213,42.8,4.13,53.79,normal
EVT-002214,2026-03-07 11:36:00,PROD_LIVE,CUST_106,VID-01214,47.7,1.83,21.42,normal
EVT-002215,2026-03-07 11:40:00,PROD_VOD,CUST_106,VID-01215,44.5,8.99,11.17,normal
EVT-002216,2026-03-07 11:44:00,PROD_VOD,CUST_104,VID-01216,25.5,6.0,18.71,normal
EVT-002217,2026-03-07 11:48:00,PROD_LIVE,CUST_106,VID-01217,21.0,4.69,10.06,normal
EVT-002218,2026-03-07 11:52:00,PROD_OTT,CUST_106,VID-01218,41.1,6.12,13.28,normal
EVT-002219,2026-03-07 11:56:00,PROD_LIVE,CUST_102,VID-01219,105.1,5.64,31.17,normal
EVT-002220,2026-03-07 12:00:00,PROD_VOD,CUST_106,VID-01220,42.6,13.82,27.17,normal
EVT-002221,2026-03-07 12:04:00,PROD_VOD,CUST_103,VID-01221,30.7,12.98,20.83,normal
EVT-002222,2026-03-07 12:08:00,PROD_VOD,CUST_101,VID-01222,16.6,8.87,24.31,normal
EVT-002223,2026-03-07 12:12:00,PROD_OTT,CUST_104,VID-01223,9.3,9.4,27.26,normal
EVT-002224,2026-03-07 12:16:00,PROD_ENCODE,CUST_103,VID-01224,59.6,2.21,5.36,normal
EVT-002225,2026-03-07 12:20:00,PROD_OTT,CUST_105,VID-01225,16.8,14.46,27.99,normal
EVT-002226,2026-03-07 12:24:00,PROD_OTT,CUST_104,VID-01226,28.5,5.37,12.11,normal
EVT-002227,2026-03-07 12:28:00,PROD_ENCODE,CUST_104,VID-01227,55.8,8.15,27.22,normal
EVT-002228,2026-03-07 12:32:00,PROD_ENCODE,CUST_105,VID-01228,31.8,1.0,25.78,normal
EVT-002229,2026-03-07 12:36:00,PROD_ENCODE,CUST_104,VID-01229,41.9,13.02,29.52,normal
EVT-002230,2026-03-07 12:40:00,PROD_LIVE,CUST_106,VID-01230,38.8,11.37,25.5,normal
EVT-002231,2026-03-07 12:44:00,PROD_OTT,CUST_104,VID-01231,23.9,9.41,14.37,normal
EVT-002232,2026-03-07 12:48:00,PROD_VOD,CUST_103,VID-01232,44.5,10.82,24.82,normal
EVT-002233,2026-03-07 12:52:00,PROD_VOD,CUST_106,VID-01233,14.9,10.86,18.38,normal
EVT-002234,2026-03-07 12:56:00,PROD_OTT,CUST_101,VID-01234,44.7,25.47,48.91,normal
EVT-002235,2026-03-07 13:00:00,PROD_ENCODE,CUST_102,VID-01235,110.6,3.88,7.62,normal
EVT-002236,2026-03-07 13:04:00,PROD_VOD,CUST_102,VID-01236,106.3,16.89,28.82,normal
EVT-002237,2026-03-07 13:08:00,PROD_OTT,CUST_104,VID-01237,21.9,13.15,9.04,normal
EVT-002238,2026-03-07 13:12:00,PROD_VOD,CUST_103,VID-01238,30.0,11.37,13.21,normal
EVT-002239,2026-03-07 13:16:00,PROD_OTT,CUST_104,VID-01239,21.5,5.23,6.23,normal
EVT-002240,2026-03-14 13:20:00,PROD_LIVE,CUST_103,VID-01240,38.3,4.95,2.55,delayed
EVT-002241,2026-03-07 13:24:00,PROD_LIVE,CUST_106,VID-01241,17.4,8.06,23.29,normal
EVT-002242,2026-03-07 13:28:00,PROD_OTT,CUST_101,VID-01242,69.1,22.94,50.18,normal
EVT-002243,2026-03-07 13:32:00,PROD_ENCODE,CUST_104,VID-01243,22.1,13.14,18.4,normal
EVT-002244,2026-03-07 13:36:00,PROD_OTT,CUST_101,VID-01244,32.4,29.14,64.63,normal
EVT-002245,2026-03-07 13:40:00,PROD_VOD,CUST_105,VID-01245,42.1,1.12,13.73,normal
EVT-002246,2026-03-07 13:44:00,PROD_OTT,CUST_102,VID-01246,39.4,28.45,31.61,normal
EVT-002247,2026-03-07 13:48:00,PROD_OTT,CUST_105,VID-01247,49.8,5.89,33.38,normal
EVT-002248,2026-03-07 13:52:00,PROD_OTT,CUST_106,VID-01248,14.2,2.66,20.16,normal
EVT-002249,2026-03-07 13:56:00,PROD_OTT,CUST_103,VID-01249,53.2,12.29,3.91,normal
EVT-002250,2026-03-06 02:00:00,PROD_OTT,CUST_106,VID-01250,53.7,12.11,4.51,out_of_order
EVT-002251,2026-03-07 14:04:00,PROD_LIVE,CUST_105,VID-01251,58.9,5.62,28.65,normal
EVT-002252,2026-03-07 14:08:00,PROD_VOD,CUST_104,VID-01252,30.3,11.61,7.87,normal
EVT-002253,2026-03-07 14:12:00,PROD_LIVE,CUST_101,VID-01253,74.6,10.71,54.31,normal
EVT-002254,2026-03-07 14:16:00,PROD_VOD,CUST_105,VID-01254,54.0,11.72,26.17,normal
EVT-002255,2026-03-07 14:20:00,PROD_LIVE,CUST_105,VID-01255,8.6,4.61,14.71,normal
EVT-002256,2026-03-07 14:24:00,PROD_OTT,CUST_102,VID-01256,87.4,29.5,15.42,normal
EVT-002257,2026-03-07 14:28:00,PROD_LIVE,CUST_101,VID-01257,85.8,26.54,41.9,normal
EVT-002258,2026-03-07 14:32:00,PROD_LIVE,CUST_101,VID-01258,102.4,22.59,10.71,normal
EVT-002259,2026-03-07 14:36:00,PROD_VOD,CUST_105,VID-01259,22.3,7.61,8.38,normal
EVT-002260,2026-03-07 14:40:00,PROD_VOD,CUST_101,VID-01260,42.5,13.24,16.98,normal
EVT-002261,2026-03-07 14:44:00,PROD_VOD,CUST_103,VID-01261,53.5,5.99,8.46,normal
EVT-002262,2026-03-07 14:48:00,PROD_VOD,CUST_101,VID-01262,45.3,3.09,7.89,normal
EVT-002263,2026-03-07 14:52:00,PROD_OTT,CUST_103,VID-01263,5.6,7.17,4.9,normal
EVT-002264,2026-03-07 14:56:00,PROD_VOD,CUST_101,VID-01264,77.8,26.86,30.88,normal
EVT-002265,2026-03-07 15:00:00,PROD_OTT,CUST_106,VID-01265,47.2,5.48,15.42,normal
EVT-002266,2026-03-07 15:04:00,PROD_ENCODE,CUST_102,VID-01266,92.4,10.55,69.2,normal
EVT-002267,2026-03-07 15:08:00,PROD_OTT,CUST_101,VID-01267,96.1,22.78,16.13,normal
EVT-002268,2026-03-07 15:12:00,PROD_VOD,CUST_102,VID-01268,54.7,19.19,63.72,normal
EVT-002269,2026-03-07 15:16:00,PROD_OTT,CUST_103,VID-01269,13.4,6.84,24.59,normal
EVT-002270,2026-03-07 15:20:00,PROD_VOD,CUST_101,VID-01270,56.1,4.93,49.86,normal
EVT-002271,2026-03-07 15:24:00,PROD_ENCODE,CUST_106,VID-01271,25.9,9.62,2.57,normal
EVT-002272,2026-03-07 15:28:00,PROD_LIVE,CUST_102,VID-01272,83.1,5.75,52.84,normal
EVT-002273,2026-03-07 15:32:00,PROD_ENCODE,CUST_105,VID-01273,12.8,12.54,32.53,normal
EVT-002274,2026-03-07 15:36:00,PROD_LIVE,CUST_106,VID-01274,9.6,12.35,13.74,normal
EVT-002275,2026-03-07 15:40:00,PROD_ENCODE,CUST_102,VID-01275,81.5,12.67,44.81,normal
EVT-002276,2026-03-07 15:44:00,PROD_ENCODE,CUST_102,VID-01276,13.4,7.42,21.89,normal
EVT-002277,2026-03-07 15:48:00,PROD_VOD,CUST_106,VID-01277,5.2,5.83,9.6,normal
EVT-002278,2026-03-07 15:52:00,PROD_OTT,CUST_104,VID-01278,12.1,2.86,22.7,normal
EVT-002279,2026-03-07 15:56:00,PROD_VOD,CUST_106,VID-01279,16.1,3.04,3.54,normal
EVT-002280,2026-03-07 16:00:00,PROD_ENCODE,CUST_103,VID-01280,35.7,9.62,26.26,normal
EVT-002281,2026-03-07 16:04:00,PROD_OTT,CUST_102,VID-01281,71.2,28.3,13.55,normal
EVT-002282,2026-03-07 16:08:00,PROD_OTT,CUST_101,VID-01282,42.5,7.22,51.34,normal
EVT-002283,2026-03-07 16:12:00,PROD_VOD,CUST_103,VID-01283,42.2,8.16,32.54,normal
EVT-002284,2026-03-07 16:16:00,PROD_VOD,CUST_106,VID-01284,56.1,13.79,33.27,normal
EVT-002285,2026-03-07 16:20:00,PROD_ENCODE,CUST_101,VID-01285,98.7,3.23,40.46,normal
EVT-002286,2026-03-07 16:24:00,PROD_LIVE,CUST_102,VID-01286,38.8,13.72,27.67,normal
EVT-002287,2026-03-07 16:28:00,PROD_OTT,CUST_104,VID-01287,19.5,14.36,15.17,normal
EVT-002288,2026-03-07 16:32:00,PROD_OTT,CUST_101,VID-01288,89.0,2.65,61.46,normal
EVT-002289,2026-03-07 16:36:00,PROD_OTT,CUST_104,VID-01289,26.6,10.63,8.74,normal
EVT-002290,2026-03-07 16:40:00,PROD_VOD,CUST_104,VID-01290,23.1,12.77,16.24,normal
EVT-002291,2026-03-07 16:44:00,PROD_LIVE,CUST_102,VID-01291,66.6,15.78,37.57,normal
EVT-002292,2026-03-07 16:48:00,PROD_ENCODE,CUST_106,VID-01292,53.4,5.87,25.01,normal
EVT-002293,2026-03-07 16:52:00,PROD_LIVE,CUST_101,VID-01293,32.7,20.45,7.46,normal
EVT-002294,2026-03-07 16:56:00,PROD_LIVE,CUST_102,VID-01294,102.8,2.64,9.82,normal
EVT-002295,2026-03-07 17:00:00,PROD_VOD,CUST_106,VID-01295,52.7,8.78,2.3,normal
EVT-002296,2026-03-07 17:04:00,PROD_OTT,CUST_104,VID-01296,50.7,4.88,26.86,normal
EVT-002297,2026-03-07 17:08:00,PROD_VOD,CUST_105,VID-01297,38.8,4.0,2.55,normal
EVT-002298,2026-03-07 17:12:00,PROD_OTT,CUST_101,VID-01298,93.6,22.45,60.55,normal
EVT-002299,2026-03-07 17:16:00,PROD_OTT,CUST_106,VID-01299,18.5,3.36,25.7,normal
EVT-002300,2026-03-07 17:20:00,PROD_OTT,CUST_103,VID-01300,-15.0,10.96,6.03,normal
EVT-002301,2026-03-07 17:24:00,PROD_ENCODE,CUST_105,VID-01301,45.2,14.4,9.7,normal
EVT-002302,2026-03-07 17:28:00,PROD_ENCODE,CUST_102,VID-01302,71.7,18.48,62.26,normal
EVT-002303,2026-03-07 17:32:00,PROD_ENCODE,CUST_104,VID-01303,16.8,1.79,20.63,normal
EVT-002304,2026-03-07 17:36:00,PROD_LIVE,CUST_102,VID-01304,82.3,13.03,4.52,normal
EVT-002305,2026-03-07 17:40:00,PROD_OTT,CUST_105,VID-01305,46.8,6.66,22.68,normal
EVT-002306,2026-03-07 17:44:00,PROD_ENCODE,CUST_103,VID-01306,25.9,10.25,21.57,normal
EVT-002307,2026-03-07 17:48:00,PROD_LIVE,CUST_103,VID-01307,47.6,14.15,19.65,normal
EVT-002308,2026-03-07 17:52:00,PROD_LIVE,CUST_102,VID-01308,67.8,6.61,39.41,normal
EVT-002309,2026-03-07 17:56:00,PROD_VOD,CUST_101,VID-01309,68.0,6.32,28.65,normal
EVT-002310,2026-03-07 18:00:00,PROD_VOD,CUST_104,VID-01310,54.4,8.2,16.09,normal
EVT-002311,2026-03-07 18:04:00,PROD_OTT,CUST_106,VID-01311,56.8,6.91,31.92,normal
EVT-002312,2026-03-07 18:08:00,PROD_ENCODE,CUST_105,VID-01312,6.0,14.29,11.19,normal
EVT-002313,2026-03-07 18:12:00,PROD_LIVE,CUST_104,VID-01313,58.5,11.28,20.96,normal
EVT-002314,2026-03-07 18:16:00,PROD_ENCODE,CUST_103,VID-01314,13.1,4.23,22.99,normal
EVT-002315,2026-03-07 18:20:00,PROD_VOD,CUST_104,VID-01315,22.7,5.82,27.98,normal
EVT-002316,2026-03-07 18:24:00,PROD_OTT,CUST_105,VID-01316,39.6,13.93,25.1,normal
EVT-002317,2026-03-07 18:28:00,PROD_ENCODE,CUST_103,VID-01317,34.6,7.4,11.12,normal
EVT-002318,2026-03-07 18:32:00,PROD_VOD,CUST_106,VID-01318,40.0,14.59,14.73,normal
EVT-002319,2026-03-07 18:36:00,PROD_LIVE,CUST_104,VID-01319,29.4,11.65,29.69,normal
EVT-002320,2026-03-14 18:40:00,PROD_VOD,CUST_105,VID-01320,39.0,6.94,13.04,delayed
EVT-002321,2026-03-07 18:44:00,PROD_OTT,CUST_105,VID-01321,27.3,12.02,4.37,normal
EVT-002322,2026-03-07 18:48:00,PROD_OTT,CUST_106,VID-01322,29.0,13.41,22.18,normal
EVT-002323,2026-03-07 18:52:00,PROD_ENCODE,CUST_105,VID-01323,37.9,4.33,25.85,normal
EVT-002324,2026-03-07 18:56:00,PROD_VOD,CUST_105,VID-01324,57.5,5.91,18.64,normal
EVT-002325,2026-03-07 19:00:00,PROD_LIVE,CUST_101,VID-01325,101.9,13.09,16.65,normal
EVT-002326,2026-03-07 19:04:00,PROD_VOD,CUST_101,VID-01326,93.4,11.16,35.38,normal
EVT-002327,2026-03-07 19:08:00,PROD_LIVE,CUST_102,VID-01327,111.4,6.05,38.61,normal
EVT-002328,2026-03-07 19:12:00,PROD_LIVE,CUST_103,VID-01328,47.5,9.4,17.83,normal
EVT-002329,2026-03-07 19:16:00,PROD_ENCODE,CUST_105,VID-01329,7.7,9.8,27.29,normal
EVT-002330,2026-03-07 19:20:00,PROD_ENCODE,CUST_106,VID-01330,43.2,14.37,28.55,normal
EVT-002331,2026-03-07 19:24:00,PROD_VOD,CUST_103,VID-01331,5.4,3.86,32.03,normal
EVT-002332,2026-03-07 19:28:00,PROD_VOD,CUST_101,VID-01332,102.2,11.34,18.47,normal
EVT-002333,2026-03-07 19:32:00,PROD_LIVE,CUST_103,VID-01333,48.7,8.38,15.21,normal
EVT-002334,2026-03-07 19:36:00,PROD_ENCODE,CUST_101,VID-01334,112.1,11.14,21.99,normal
EVT-002335,2026-03-07 19:40:00,PROD_VOD,CUST_103,VID-01335,18.5,3.16,14.97,normal
EVT-002336,2026-03-07 19:44:00,PROD_ENCODE,CUST_104,VID-01336,52.1,14.04,29.21,normal
EVT-002337,2026-03-07 19:48:00,PROD_ENCODE,CUST_106,VID-01337,43.5,7.94,3.59,normal
EVT-002338,2026-03-07 19:52:00,PROD_OTT,CUST_106,VID-01338,16.3,13.95,30.13,normal
EVT-002339,2026-03-07 19:56:00,PROD_OTT,CUST_105,VID-01339,36.5,2.5,24.8,normal
EVT-002340,2026-03-06 08:00:00,PROD_OTT,CUST_104,VID-01340,29.4,9.77,24.53,out_of_order
EVT-002341,2026-03-07 20:04:00,PROD_OTT,CUST_106,VID-01341,7.3,14.74,31.02,normal
EVT-002342,2026-03-07 20:08:00,PROD_OTT,CUST_103,VID-01342,44.7,12.9,23.42,normal
EVT-002343,2026-03-07 20:12:00,PROD_LIVE,CUST_105,VID-01343,18.5,1.27,18.41,normal
EVT-002344,2026-03-07 20:16:00,PROD_OTT,CUST_103,VID-01344,35.2,2.25,7.24,normal
EVT-002345,2026-03-07 20:20:00,PROD_LIVE,CUST_104,VID-01345,19.3,14.19,14.24,normal
EVT-002346,2026-03-07 20:24:00,PROD_ENCODE,CUST_106,VID-01346,33.2,5.04,15.05,normal
EVT-002347,2026-03-07 20:28:00,PROD_ENCODE,CUST_105,VID-01347,38.5,12.65,29.43,normal
EVT-002348,2026-03-07 20:32:00,PROD_OTT,CUST_101,VID-01348,83.3,27.02,50.0,normal
EVT-002349,2026-03-07 20:36:00,PROD_VOD,CUST_105,VID-01349,32.8,7.39,14.36,normal
EVT-002350,2026-03-07 20:40:00,PROD_VOD,CUST_102,VID-01350,73.0,21.26,23.73,normal
EVT-002351,2026-03-07 20:44:00,PROD_OTT,CUST_105,VID-01351,47.9,5.75,24.18,normal
EVT-002352,2026-03-07 20:48:00,PROD_ENCODE,CUST_103,VID-01352,39.1,3.49,27.06,normal
EVT-002353,2026-03-07 20:52:00,PROD_LIVE,CUST_105,VID-01353,47.9,5.71,20.82,normal
EVT-002354,2026-03-07 20:56:00,PROD_OTT,CUST_104,VID-01354,29.5,5.91,27.74,normal
EVT-002355,2026-03-07 21:00:00,PROD_VOD,CUST_104,VID-01355,6.0,5.57,25.93,normal
EVT-002356,2026-03-07 21:04:00,PROD_OTT,CUST_106,VID-01356,48.7,3.94,29.57,normal
EVT-002357,2026-03-07 21:08:00,PROD_LIVE,CUST_104,VID-01357,34.5,10.2,5.36,normal
EVT-002358,2026-03-07 21:12:00,PROD_ENCODE,CUST_105,VID-01358,14.6,2.97,2.09,normal
EVT-002359,2026-03-07 21:16:00,PROD_OTT,CUST_105,VID-01359,52.2,1.75,15.36,normal
EVT-002360,2026-03-07 21:20:00,PROD_LIVE,CUST_103,VID-01360,52.6,5.84,13.88,normal
EVT-002361,2026-03-07 21:24:00,PROD_ENCODE,CUST_104,VID-01361,11.9,1.71,3.58,normal
EVT-002362,2026-03-07 21:28:00,PROD_VOD,CUST_103,VID-01362,40.4,7.47,30.34,normal
EVT-002363,2026-03-07 21:32:00,PROD_OTT,CUST_105,VID-01363,57.9,4.37,4.37,normal
EVT-002364,2026-03-07 21:36:00,PROD_OTT,CUST_106,VID-01364,34.5,2.87,13.63,normal
EVT-002365,2026-03-07 21:40:00,PROD_OTT,CUST_104,VID-01365,57.9,5.71,10.4,normal
EVT-002366,2026-03-07 21:44:00,PROD_LIVE,CUST_103,VID-01366,19.9,14.53,22.92,normal
EVT-002367,2026-03-07 21:48:00,PROD_OTT,CUST_101,VID-01367,53.3,11.21,46.81,normal
EVT-002368,2026-03-07 21:52:00,PROD_ENCODE,CUST_102,VID-01368,78.2,10.79,19.69,normal
EVT-002369,2026-03-07 21:56:00,PROD_LIVE,CUST_105,VID-01369,25.2,6.22,20.24,normal
EVT-002370,2026-03-07 22:00:00,PROD_OTT,CUST_104,VID-01370,46.1,5.22,18.1,normal
EVT-002371,2026-03-07 22:04:00,PROD_VOD,CUST_106,VID-01371,27.5,1.62,27.98,normal
EVT-002372,2026-03-07 22:08:00,PROD_OTT,CUST_106,VID-01372,40.2,11.87,15.55,normal
EVT-002373,2026-03-07 22:12:00,PROD_LIVE,CUST_102,VID-01373,91.6,20.35,67.51,normal
EVT-002374,2026-03-07 22:16:00,PROD_OTT,CUST_104,VID-01374,5.1,1.26,5.36,normal
EVT-002375,2026-03-07 22:20:00,PROD_ENCODE,CUST_105,VID-01375,59.8,7.22,25.64,normal
EVT-002376,2026-03-07 22:24:00,PROD_OTT,CUST_106,VID-01376,58.8,10.37,18.14,normal
EVT-002377,2026-03-07 22:28:00,PROD_LIVE,CUST_103,VID-01377,11.8,5.89,12.54,normal
EVT-002378,2026-03-07 22:32:00,PROD_OTT,CUST_101,VID-01378,67.0,8.07,65.96,normal
EVT-002379,2026-03-07 22:36:00,PROD_OTT,CUST_106,VID-01379,47.2,1.52,17.23,normal
EVT-002380,2026-03-07 22:40:00,PROD_LIVE,CUST_105,VID-01380,50.4,2.41,4.57,normal
EVT-002381,2026-03-07 22:44:00,PROD_OTT,CUST_105,VID-01381,42.3,10.23,3.3,normal
EVT-002382,2026-03-07 22:48:00,PROD_VOD,CUST_104,VID-01382,46.2,14.16,17.18,normal
EVT-002383,2026-03-07 22:52:00,PROD_OTT,CUST_105,VID-01383,6.8,8.6,25.12,normal
EVT-002384,2026-03-07 22:56:00,PROD_LIVE,CUST_105,VID-01384,22.2,10.52,15.13,normal
EVT-002385,2026-03-07 23:00:00,PROD_LIVE,CUST_101,VID-01385,92.4,12.22,57.49,normal
EVT-002386,2026-03-07 23:04:00,PROD_LIVE,CUST_106,VID-01386,35.2,12.08,21.32,normal
EVT-002387,2026-03-07 23:08:00,PROD_ENCODE,CUST_104,VID-01387,42.2,5.94,8.53,normal
EVT-002388,2026-03-07 23:12:00,PROD_ENCODE,CUST_104,VID-01388,60.0,6.15,24.24,normal
EVT-002389,2026-03-07 23:16:00,PROD_OTT,CUST_106,VID-01389,34.0,6.71,18.14,normal
EVT-002390,2026-03-07 23:20:00,PROD_ENCODE,CUST_102,VID-01390,24.6,17.07,21.83,normal
EVT-002391,2026-03-07 23:24:00,PROD_VOD,CUST_102,VID-01391,35.4,11.67,11.03,normal
EVT-002392,2026-03-07 23:28:00,PROD_LIVE,CUST_105,VID-01392,5.4,4.81,3.56,normal
EVT-002393,2026-03-07 23:32:00,PROD_ENCODE,CUST_103,VID-01393,14.1,9.89,34.19,normal
EVT-002394,2026-03-07 23:36:00,PROD_LIVE,CUST_104,VID-01394,27.3,10.41,9.43,normal
EVT-002395,2026-03-07 23:40:00,PROD_ENCODE,CUST_106,VID-01395,47.5,8.95,16.57,normal
EVT-002396,2026-03-07 23:44:00,PROD_VOD,CUST_106,VID-01396,19.7,14.49,8.47,normal
EVT-002397,2026-03-07 23:48:00,PROD_VOD,CUST_106,VID-01397,7.8,7.39,25.79,normal
EVT-002398,2026-03-07 23:52:00,PROD_OTT,CUST_106,VID-01398,29.0,6.11,28.85,normal
EVT-002399,2026-03-07 23:56:00,PROD_ENCODE,CUST_101,VID-01399,66.5,29.28,26.62,normal
EVT-002400,2026-03-15 00:00:00,PROD_ENCODE,CUST_102,VID-01000,108.7,15.18,43.03,delayed
EVT-002401,2026-03-08 00:04:00,PROD_OTT,CUST_106,VID-01001,47.8,1.96,31.25,normal
EVT-002402,2026-03-08 00:08:00,PROD_ENCODE,CUST_104,VID-01002,56.6,2.45,28.74,normal
EVT-002403,2026-03-08 00:12:00,PROD_LIVE,CUST_102,VID-01003,97.6,6.65,21.41,normal
EVT-002404,2026-03-08 00:16:00,PROD_LIVE,CUST_103,VID-01004,52.7,12.27,4.73,normal
EVT-002405,2026-03-08 00:20:00,PROD_VOD,CUST_105,VID-01005,31.9,9.99,20.73,normal
EVT-002406,2026-03-08 00:24:00,PROD_LIVE,CUST_103,VID-01006,49.6,13.11,15.01,normal
EVT-002407,2026-03-08 00:28:00,PROD_OTT,CUST_104,VID-01007,58.0,9.81,11.0,normal
EVT-002408,2026-03-08 00:32:00,PROD_OTT,CUST_106,VID-01008,16.8,6.25,29.03,normal
EVT-002409,2026-03-08 00:36:00,PROD_OTT,CUST_103,VID-01009,55.8,2.53,5.22,normal
EVT-002410,2026-03-08 00:40:00,PROD_OTT,CUST_101,VID-01010,33.5,27.8,16.38,normal
EVT-002411,2026-03-08 00:44:00,PROD_VOD,CUST_106,VID-01011,23.6,1.81,20.24,normal
EVT-002412,2026-03-08 00:48:00,PROD_VOD,CUST_106,VID-01012,37.6,7.22,33.39,normal
EVT-002413,2026-03-08 00:52:00,PROD_ENCODE,CUST_105,VID-01013,21.5,2.4,27.69,normal
EVT-002414,2026-03-08 00:56:00,PROD_OTT,CUST_104,VID-01014,56.7,4.64,24.14,normal
EVT-002415,2026-03-08 01:00:00,PROD_LIVE,CUST_101,VID-01015,114.1,9.31,38.47,normal
EVT-002416,2026-03-08 01:04:00,PROD_LIVE,CUST_102,VID-01016,45.6,29.29,63.36,normal
EVT-002417,2026-03-08 01:08:00,PROD_VOD,CUST_102,VID-01017,58.7,17.17,64.15,normal
EVT-002418,2026-03-08 01:12:00,PROD_VOD,CUST_102,VID-01018,10.2,15.49,55.33,normal
EVT-002419,2026-03-08 01:16:00,PROD_OTT,CUST_104,VID-01019,54.9,1.65,20.91,normal
EVT-002420,2026-03-08 01:20:00,PROD_ENCODE,CUST_106,VID-01020,41.6,7.1,34.05,normal
EVT-002421,2026-03-08 01:24:00,PROD_LIVE,CUST_104,VID-01021,25.7,11.37,14.31,normal
EVT-002422,2026-03-08 01:28:00,PROD_ENCODE,CUST_104,VID-01022,41.0,10.65,4.17,normal
EVT-002423,2026-03-08 01:32:00,PROD_ENCODE,CUST_102,VID-01023,115.4,15.97,6.76,normal
EVT-002424,2026-03-08 01:36:00,PROD_ENCODE,CUST_105,VID-01024,7.7,5.2,18.53,normal
EVT-002425,2026-03-08 01:40:00,PROD_LIVE,CUST_101,VID-01025,34.9,25.16,14.68,normal
EVT-002426,2026-03-08 01:44:00,PROD_OTT,CUST_106,VID-01026,23.1,6.61,22.29,normal
EVT-002427,2026-03-08 01:48:00,PROD_ENCODE,CUST_103,VID-01027,11.0,9.58,15.24,normal
EVT-002428,2026-03-08 01:52:00,PROD_OTT,CUST_106,VID-01028,54.8,11.54,22.1,normal
EVT-002429,2026-03-08 01:56:00,PROD_VOD,CUST_104,VID-01029,48.2,4.5,28.32,normal
EVT-002430,2026-03-06 14:00:00,PROD_VOD,CUST_105,VID-01030,44.6,11.51,23.29,out_of_order
EVT-002431,2026-03-08 02:04:00,PROD_LIVE,CUST_103,VID-01031,12.2,12.4,34.94,normal
EVT-002432,2026-03-08 02:08:00,PROD_ENCODE,CUST_106,VID-01032,7.9,8.73,26.33,normal
EVT-002433,2026-03-08 02:12:00,PROD_OTT,CUST_105,VID-01033,36.6,3.63,34.78,normal
EVT-002434,2026-03-08 02:16:00,PROD_LIVE,CUST_105,VID-01034,26.5,14.36,17.26,normal
EVT-002435,2026-03-08 02:20:00,PROD_LIVE,CUST_101,VID-01035,115.7,27.82,8.42,normal
EVT-002436,2026-03-08 02:24:00,PROD_LIVE,CUST_106,VID-01036,54.6,11.2,27.77,normal
EVT-002437,2026-03-08 02:28:00,PROD_OTT,CUST_102,VID-01037,54.2,2.1,15.5,normal
EVT-002438,2026-03-08 02:32:00,PROD_ENCODE,CUST_105,VID-01038,45.4,11.59,20.16,normal
EVT-002439,2026-03-08 02:36:00,PROD_ENCODE,CUST_103,VID-01039,48.6,8.2,6.67,normal
EVT-002440,2026-03-08 02:40:00,PROD_LIVE,CUST_102,VID-01040,95.0,12.31,19.23,normal
EVT-002441,2026-03-08 02:44:00,PROD_OTT,CUST_102,VID-01041,85.1,19.4,9.46,normal
EVT-002442,2026-03-08 02:48:00,PROD_ENCODE,CUST_103,VID-01042,29.7,13.4,12.77,normal
EVT-002443,2026-03-08 02:52:00,PROD_VOD,CUST_104,VID-01043,22.1,13.86,14.45,normal
EVT-002444,2026-03-08 02:56:00,PROD_LIVE,CUST_106,VID-01044,43.8,2.71,30.91,normal
EVT-002445,2026-03-08 03:00:00,PROD_VOD,CUST_103,VID-01045,7.6,12.31,4.92,normal
EVT-002446,2026-03-08 03:04:00,PROD_LIVE,CUST_102,VID-01046,19.5,11.25,37.87,normal
EVT-002447,2026-03-08 03:08:00,PROD_ENCODE,CUST_105,VID-01047,36.8,14.04,13.18,normal
EVT-002448,2026-03-08 03:12:00,PROD_ENCODE,CUST_101,VID-01048,64.2,15.8,60.56,normal
EVT-002449,2026-03-08 03:16:00,PROD_VOD,CUST_102,VID-01049,13.6,13.5,33.83,normal
EVT-002450,2026-03-08 03:20:00,PROD_VOD,CUST_105,VID-01050,21.7,2.81,32.03,normal
EVT-002451,2026-03-08 03:24:00,PROD_ENCODE,CUST_101,VID-01051,46.3,28.97,20.72,normal
EVT-002452,2026-03-08 03:28:00,PROD_LIVE,CUST_106,VID-01052,39.7,9.27,8.89,normal
EVT-002453,2026-03-08 03:32:00,PROD_ENCODE,CUST_104,VID-01053,35.7,2.61,20.39,normal
EVT-002454,2026-03-08 03:36:00,PROD_ENCODE,CUST_104,VID-01054,30.6,10.34,30.3,normal
EVT-002455,2026-03-08 03:40:00,PROD_VOD,CUST_104,VID-01055,20.4,5.34,33.08,normal
EVT-002456,2026-03-08 03:44:00,PROD_ENCODE,CUST_106,VID-01056,39.9,12.79,29.81,normal
EVT-002457,2026-03-08 03:48:00,PROD_ENCODE,CUST_102,VID-01057,14.9,8.32,21.44,normal
EVT-002458,2026-03-08 03:52:00,PROD_ENCODE,CUST_106,VID-01058,50.6,11.15,13.0,normal
EVT-002459,2026-03-08 03:56:00,PROD_ENCODE,CUST_103,VID-01059,59.7,5.76,27.72,normal
EVT-002460,2026-03-08 04:00:00,PROD_OTT,CUST_105,VID-01060,20.4,8.47,3.43,normal
EVT-002461,2026-03-08 04:04:00,PROD_OTT,CUST_106,VID-01061,53.0,7.14,28.47,normal
EVT-002462,2026-03-08 04:08:00,PROD_VOD,CUST_105,VID-01062,10.1,5.82,2.64,normal
EVT-002463,2026-03-08 04:12:00,PROD_OTT,CUST_103,VID-01063,13.9,1.72,21.61,normal
EVT-002464,2026-03-08 04:16:00,PROD_OTT,CUST_105,VID-01064,44.5,5.18,17.75,normal
EVT-002465,2026-03-08 04:20:00,PROD_VOD,CUST_101,VID-01065,21.8,15.56,69.55,normal
EVT-002466,2026-03-08 04:24:00,PROD_ENCODE,CUST_104,VID-01066,21.9,7.29,11.57,normal
EVT-002467,2026-03-08 04:28:00,PROD_OTT,CUST_104,VID-01067,23.8,3.1,20.65,normal
EVT-002468,2026-03-08 04:32:00,PROD_ENCODE,CUST_102,VID-01068,28.3,21.13,17.87,normal
EVT-002469,2026-03-08 04:36:00,PROD_OTT,CUST_103,VID-01069,56.9,10.52,27.02,normal
EVT-002470,2026-03-08 04:40:00,PROD_VOD,CUST_105,VID-01070,32.9,14.39,14.55,normal
EVT-002471,2026-03-08 04:44:00,PROD_OTT,CUST_106,VID-01071,27.9,12.8,14.51,normal
EVT-002472,2026-03-08 04:48:00,PROD_LIVE,CUST_106,VID-01072,44.5,6.71,9.21,normal
EVT-002473,2026-03-08 04:52:00,PROD_LIVE,CUST_104,VID-01073,48.0,7.67,22.62,normal
EVT-002474,2026-03-08 04:56:00,PROD_ENCODE,CUST_104,VID-01074,54.0,7.15,14.36,normal
EVT-002475,2026-03-08 05:00:00,PROD_VOD,CUST_106,VID-01075,16.3,8.91,29.24,normal
EVT-002476,2026-03-08 05:04:00,PROD_LIVE,CUST_104,VID-01076,17.3,7.56,8.06,normal
EVT-002477,2026-03-08 05:08:00,PROD_ENCODE,CUST_101,VID-01077,83.7,4.39,66.46,normal
EVT-002478,2026-03-08 05:12:00,PROD_LIVE,CUST_103,VID-01078,11.8,8.75,15.84,normal
EVT-002479,2026-03-08 05:16:00,PROD_LIVE,CUST_106,VID-01079,48.6,6.7,33.91,normal
EVT-002480,2026-03-15 05:20:00,PROD_LIVE,CUST_103,VID-01080,16.1,4.25,24.59,delayed
EVT-002481,2026-03-08 05:24:00,PROD_LIVE,CUST_101,VID-01081,96.7,8.04,42.9,normal
EVT-002482,2026-03-08 05:28:00,PROD_LIVE,CUST_103,VID-01082,20.4,1.32,15.24,normal
EVT-002483,2026-03-08 05:32:00,PROD_VOD,CUST_104,VID-01083,36.1,14.64,25.35,normal
EVT-002484,2026-03-08 05:36:00,PROD_VOD,CUST_104,VID-01084,38.7,10.16,8.29,normal
EVT-002485,2026-03-08 05:40:00,PROD_ENCODE,CUST_105,VID-01085,53.4,5.52,6.64,normal
EVT-002486,2026-03-08 05:44:00,PROD_OTT,CUST_101,VID-01086,25.0,11.62,35.84,normal
EVT-002487,2026-03-08 05:48:00,PROD_VOD,CUST_101,VID-01087,96.4,26.12,21.48,normal
EVT-002488,2026-03-08 05:52:00,PROD_OTT,CUST_103,VID-01088,34.2,11.92,13.24,normal
EVT-002489,2026-03-08 05:56:00,PROD_VOD,CUST_101,VID-01089,115.8,19.69,54.47,normal
EVT-002490,2026-03-08 06:00:00,PROD_VOD,CUST_103,VID-01090,14.2,5.9,12.26,normal
EVT-002491,2026-03-08 06:04:00,PROD_LIVE,CUST_105,VID-01091,49.1,5.54,34.16,normal
EVT-002492,2026-03-08 06:08:00,PROD_ENCODE,CUST_103,VID-01092,58.4,6.11,28.42,normal
EVT-002493,2026-03-08 06:12:00,PROD_ENCODE,CUST_105,VID-01093,52.3,14.32,20.17,normal
EVT-002494,2026-03-08 06:16:00,PROD_ENCODE,CUST_105,VID-01094,26.8,10.5,3.39,normal
EVT-002495,2026-03-08 06:20:00,PROD_LIVE,CUST_102,VID-01095,23.5,26.86,64.53,normal
EVT-002496,2026-03-08 06:24:00,PROD_VOD,CUST_101,VID-01096,78.4,22.08,25.52,normal
EVT-002497,2026-03-08 06:28:00,PROD_ENCODE,CUST_104,VID-01097,55.7,14.32,27.6,normal
EVT-002498,2026-03-08 06:32:00,PROD_LIVE,CUST_105,VID-01098,49.6,8.92,27.63,normal
EVT-002499,2026-03-08 06:36:00,PROD_LIVE,CUST_105,VID-01099,32.3,12.57,25.09,normal
EVT-002500,2026-03-08 06:40:00,PROD_OTT,CUST_102,VID-01100,-15.0,17.89,56.62,normal
EVT-002501,2026-03-08 06:44:00,PROD_LIVE,CUST_105,VID-01101,50.0,7.63,24.0,normal
EVT-002502,2026-03-08 06:48:00,PROD_ENCODE,CUST_103,VID-01102,21.5,6.98,9.74,normal
EVT-002503,2026-03-08 06:52:00,PROD_LIVE,CUST_105,VID-01103,35.6,1.09,2.15,normal
EVT-002504,2026-03-08 06:56:00,PROD_OTT,CUST_101,VID-01104,87.2,7.01,36.19,normal
EVT-002505,2026-03-08 07:00:00,PROD_OTT,CUST_106,VID-01105,9.4,14.15,6.86,normal
EVT-002506,2026-03-08 07:04:00,PROD_LIVE,CUST_106,VID-01106,43.7,11.53,4.71,normal
EVT-002507,2026-03-08 07:08:00,PROD_ENCODE,CUST_103,VID-01107,21.4,14.26,4.21,normal
EVT-002508,2026-03-08 07:12:00,PROD_OTT,CUST_105,VID-01108,32.4,2.92,30.54,normal
EVT-002509,2026-03-08 07:16:00,PROD_VOD,CUST_101,VID-01109,105.5,9.53,31.39,normal
EVT-002510,2026-03-08 07:20:00,PROD_ENCODE,CUST_103,VID-01110,40.8,1.25,5.22,normal
EVT-002511,2026-03-08 07:24:00,PROD_LIVE,CUST_104,VID-01111,42.5,9.0,10.34,normal
EVT-002512,2026-03-08 07:28:00,PROD_LIVE,CUST_101,VID-01112,35.3,22.2,7.66,normal
EVT-002513,2026-03-08 07:32:00,PROD_OTT,CUST_103,VID-01113,45.4,14.05,28.57,normal
EVT-002514,2026-03-08 07:36:00,PROD_LIVE,CUST_101,VID-01114,73.0,12.43,66.85,normal
EVT-002515,2026-03-08 07:40:00,PROD_LIVE,CUST_102,VID-01115,85.8,8.05,39.3,normal
EVT-002516,2026-03-08 07:44:00,PROD_VOD,CUST_104,VID-01116,7.7,2.23,10.57,normal
EVT-002517,2026-03-08 07:48:00,PROD_ENCODE,CUST_105,VID-01117,13.4,2.88,18.02,normal
EVT-002518,2026-03-08 07:52:00,PROD_OTT,CUST_106,VID-01118,41.5,5.79,25.22,normal
EVT-002519,2026-03-08 07:56:00,PROD_ENCODE,CUST_101,VID-01119,20.5,3.24,11.05,normal
EVT-002520,2026-03-06 20:00:00,PROD_ENCODE,CUST_104,VID-01120,38.5,12.86,17.95,out_of_order
EVT-002521,2026-03-08 08:04:00,PROD_LIVE,CUST_101,VID-01121,77.9,11.81,41.72,normal
EVT-002522,2026-03-08 08:08:00,PROD_VOD,CUST_101,VID-01122,103.3,6.33,51.77,normal
EVT-002523,2026-03-08 08:12:00,PROD_OTT,CUST_102,VID-01123,36.2,21.74,67.99,normal
EVT-002524,2026-03-08 08:16:00,PROD_ENCODE,CUST_101,VID-01124,101.4,18.11,60.17,normal
EVT-002525,2026-03-08 08:20:00,PROD_ENCODE,CUST_105,VID-01125,23.7,3.26,32.01,normal
EVT-002526,2026-03-08 08:24:00,PROD_OTT,CUST_105,VID-01126,58.1,9.84,14.27,normal
EVT-002527,2026-03-08 08:28:00,PROD_OTT,CUST_101,VID-01127,18.5,25.58,56.94,normal
EVT-002528,2026-03-08 08:32:00,PROD_ENCODE,CUST_101,VID-01128,41.1,6.62,5.28,normal
EVT-002529,2026-03-08 08:36:00,PROD_ENCODE,CUST_103,VID-01129,50.7,7.43,24.97,normal
EVT-002530,2026-03-08 08:40:00,PROD_VOD,CUST_103,VID-01130,55.3,5.19,28.75,normal
EVT-002531,2026-03-08 08:44:00,PROD_LIVE,CUST_105,VID-01131,27.7,6.4,13.41,normal
EVT-002532,2026-03-08 08:48:00,PROD_VOD,CUST_105,VID-01132,55.9,4.33,4.31,normal
EVT-002533,2026-03-08 08:52:00,PROD_OTT,CUST_106,VID-01133,36.6,14.67,28.13,normal
EVT-002534,2026-03-08 08:56:00,PROD_ENCODE,CUST_106,VID-01134,29.7,11.64,23.31,normal
EVT-002535,2026-03-08 09:00:00,PROD_ENCODE,CUST_104,VID-01135,14.5,11.52,11.8,normal
EVT-002536,2026-03-08 09:04:00,PROD_OTT,CUST_102,VID-01136,79.3,11.59,24.08,normal
EVT-002537,2026-03-08 09:08:00,PROD_ENCODE,CUST_105,VID-01137,32.2,9.45,30.61,normal
EVT-002538,2026-03-08 09:12:00,PROD_OTT,CUST_104,VID-01138,11.1,13.66,26.84,normal
EVT-002539,2026-03-08 09:16:00,PROD_OTT,CUST_102,VID-01139,108.4,26.26,46.74,normal
EVT-002540,2026-03-08 09:20:00,PROD_LIVE,CUST_105,VID-01140,55.4,1.66,28.6,normal
EVT-002541,2026-03-08 09:24:00,PROD_OTT,CUST_105,VID-01141,40.6,9.97,6.14,normal
EVT-002542,2026-03-08 09:28:00,PROD_ENCODE,CUST_105,VID-01142,52.5,14.45,22.67,normal
EVT-002543,2026-03-08 09:32:00,PROD_VOD,CUST_105,VID-01143,20.8,9.42,15.83,normal
EVT-002544,2026-03-08 09:36:00,PROD_OTT,CUST_104,VID-01144,17.5,6.81,11.5,normal
EVT-002545,2026-03-08 09:40:00,PROD_LIVE,CUST_104,VID-01145,26.0,11.91,24.9,normal
EVT-002546,2026-03-08 09:44:00,PROD_LIVE,CUST_102,VID-01146,50.3,18.63,64.91,normal
EVT-002547,2026-03-08 09:48:00,PROD_LIVE,CUST_104,VID-01147,48.0,4.23,21.65,normal
EVT-002548,2026-03-08 09:52:00,PROD_VOD,CUST_106,VID-01148,57.7,13.92,22.77,normal
EVT-002549,2026-03-08 09:56:00,PROD_VOD,CUST_101,VID-01149,84.7,6.15,19.95,normal
EVT-002550,2026-03-08 10:00:00,PROD_VOD,CUST_104,VID-01150,15.1,3.55,12.25,normal
EVT-002551,2026-03-08 10:04:00,PROD_VOD,CUST_103,VID-01151,32.0,13.13,15.9,normal
EVT-002552,2026-03-08 10:08:00,PROD_VOD,CUST_101,VID-01152,79.8,16.61,12.31,normal
EVT-002553,2026-03-08 10:12:00,PROD_LIVE,CUST_102,VID-01153,117.7,19.1,69.01,normal
EVT-002554,2026-03-08 10:16:00,PROD_OTT,CUST_104,VID-01154,49.1,3.29,20.98,normal
EVT-002555,2026-03-08 10:20:00,PROD_LIVE,CUST_106,VID-01155,46.9,9.63,24.58,normal
EVT-002556,2026-03-08 10:24:00,PROD_ENCODE,CUST_104,VID-01156,48.8,2.15,13.65,normal
EVT-002557,2026-03-08 10:28:00,PROD_VOD,CUST_102,VID-01157,28.3,23.54,14.79,normal
EVT-002558,2026-03-08 10:32:00,PROD_OTT,CUST_104,VID-01158,45.1,4.31,12.71,normal
EVT-002559,2026-03-08 10:36:00,PROD_VOD,CUST_106,VID-01159,16.2,9.47,2.52,normal
EVT-002560,2026-03-15 10:40:00,PROD_VOD,CUST_106,VID-01160,58.4,1.78,11.92,delayed
EVT-002561,2026-03-08 10:44:00,PROD_ENCODE,CUST_104,VID-01161,8.7,12.77,12.29,normal
EVT-002562,2026-03-08 10:48:00,PROD_LIVE,CUST_104,VID-01162,32.7,4.49,26.34,normal
EVT-002563,2026-03-08 10:52:00,PROD_OTT,CUST_103,VID-01163,19.3,14.14,25.58,normal
EVT-002564,2026-03-08 10:56:00,PROD_OTT,CUST_102,VID-01164,80.5,5.5,44.87,normal
EVT-002565,2026-03-08 11:00:00,PROD_LIVE,CUST_106,VID-01165,43.8,1.86,16.28,normal
EVT-002566,2026-03-08 11:04:00,PROD_OTT,CUST_103,VID-01166,57.0,4.14,8.48,normal
EVT-002567,2026-03-08 11:08:00,PROD_LIVE,CUST_106,VID-01167,36.6,9.22,11.15,normal
EVT-002568,2026-03-08 11:12:00,PROD_LIVE,CUST_106,VID-01168,47.8,9.26,8.05,normal
EVT-002569,2026-03-08 11:16:00,PROD_OTT,CUST_102,VID-01169,66.5,17.62,18.68,normal
EVT-002570,2026-03-08 11:20:00,PROD_ENCODE,CUST_102,VID-01170,37.3,24.35,37.72,normal
EVT-002571,2026-03-08 11:24:00,PROD_LIVE,CUST_102,VID-01171,12.2,15.48,22.3,normal
EVT-002572,2026-03-08 11:28:00,PROD_LIVE,CUST_106,VID-01172,54.4,10.51,3.67,normal
EVT-002573,2026-03-08 11:32:00,PROD_LIVE,CUST_104,VID-01173,22.1,12.83,7.03,normal
EVT-002574,2026-03-08 11:36:00,PROD_ENCODE,CUST_103,VID-01174,6.2,8.98,14.35,normal
EVT-002575,2026-03-08 11:40:00,PROD_ENCODE,CUST_102,VID-01175,16.0,8.44,6.96,normal
EVT-002576,2026-03-08 11:44:00,PROD_VOD,CUST_104,VID-01176,7.7,4.48,6.36,normal
EVT-002577,2026-03-08 11:48:00,PROD_VOD,CUST_101,VID-01177,63.6,4.51,66.52,normal
EVT-002578,2026-03-08 11:52:00,PROD_OTT,CUST_105,VID-01178,52.3,1.76,21.4,normal
EVT-002579,2026-03-08 11:56:00,PROD_OTT,CUST_106,VID-01179,59.9,1.73,7.01,normal
EVT-002580,2026-03-08 12:00:00,PROD_OTT,CUST_103,VID-01180,26.6,2.0,21.59,normal
EVT-002581,2026-03-08 12:04:00,PROD_LIVE,CUST_103,VID-01181,49.7,12.98,6.34,normal
EVT-002582,2026-03-08 12:08:00,PROD_LIVE,CUST_105,VID-01182,49.0,1.5,18.05,normal
EVT-002583,2026-03-08 12:12:00,PROD_VOD,CUST_105,VID-01183,10.0,4.49,34.25,normal
EVT-002584,2026-03-08 12:16:00,PROD_OTT,CUST_101,VID-01184,48.4,22.8,52.13,normal
EVT-002585,2026-03-08 12:20:00,PROD_OTT,CUST_105,VID-01185,57.9,14.04,34.15,normal
EVT-002586,2026-03-08 12:24:00,PROD_ENCODE,CUST_101,VID-01186,46.6,15.92,53.93,normal
EVT-002587,2026-03-08 12:28:00,PROD_OTT,CUST_104,VID-01187,57.2,13.52,14.95,normal
EVT-002588,2026-03-08 12:32:00,PROD_LIVE,CUST_102,VID-01188,115.5,19.69,12.68,normal
EVT-002589,2026-03-08 12:36:00,PROD_OTT,CUST_104,VID-01189,18.5,12.76,16.21,normal
EVT-002590,2026-03-08 12:40:00,PROD_ENCODE,CUST_102,VID-01190,103.0,4.08,48.19,normal
EVT-002591,2026-03-08 12:44:00,PROD_OTT,CUST_106,VID-01191,28.8,5.42,2.31,normal
EVT-002592,2026-03-08 12:48:00,PROD_VOD,CUST_104,VID-01192,29.0,2.02,3.37,normal
EVT-002593,2026-03-08 12:52:00,PROD_LIVE,CUST_101,VID-01193,44.6,17.75,29.44,normal
EVT-002594,2026-03-08 12:56:00,PROD_OTT,CUST_106,VID-01194,40.9,9.34,17.2,normal
EVT-002595,2026-03-08 13:00:00,PROD_VOD,CUST_103,VID-01195,15.4,4.02,33.82,normal
EVT-002596,2026-03-08 13:04:00,PROD_VOD,CUST_105,VID-01196,7.3,11.72,3.25,normal
EVT-002597,2026-03-08 13:08:00,PROD_VOD,CUST_101,VID-01197,110.8,23.43,31.56,normal
EVT-002598,2026-03-08 13:12:00,PROD_VOD,CUST_101,VID-01198,90.6,18.8,36.05,normal
EVT-002599,2026-03-08 13:16:00,PROD_VOD,CUST_105,VID-01199,37.7,1.54,28.38,normal
EVT-002600,2026-03-08 13:20:00,PROD_ENCODE,CUST_106,VID-01200,-15.0,14.14,20.31,normal
EVT-002601,2026-03-08 13:24:00,PROD_VOD,CUST_104,VID-01201,58.2,7.62,19.68,normal
EVT-002602,2026-03-08 13:28:00,PROD_OTT,CUST_101,VID-01202,68.0,21.18,65.55,normal
EVT-002603,2026-03-08 13:32:00,PROD_VOD,CUST_103,VID-01203,39.5,10.25,14.6,normal
EVT-002604,2026-03-08 13:36:00,PROD_ENCODE,CUST_105,VID-01204,34.5,3.24,17.79,normal
EVT-002605,2026-03-08 13:40:00,PROD_VOD,CUST_101,VID-01205,62.7,6.37,36.23,normal
EVT-002606,2026-03-08 13:44:00,PROD_VOD,CUST_106,VID-01206,40.1,8.76,24.22,normal
EVT-002607,2026-03-08 13:48:00,PROD_OTT,CUST_104,VID-01207,13.5,3.7,8.96,normal
EVT-002608,2026-03-08 13:52:00,PROD_ENCODE,CUST_103,VID-01208,6.0,8.22,26.0,normal
EVT-002609,2026-03-08 13:56:00,PROD_VOD,CUST_105,VID-01209,17.2,11.76,21.92,normal
EVT-002610,2026-03-07 02:00:00,PROD_OTT,CUST_101,VID-01210,80.6,11.71,22.75,out_of_order
EVT-002611,2026-03-08 14:04:00,PROD_LIVE,CUST_104,VID-01211,30.4,2.11,14.79,normal
EVT-002612,2026-03-08 14:08:00,PROD_OTT,CUST_105,VID-01212,6.9,7.09,19.39,normal
EVT-002613,2026-03-08 14:12:00,PROD_ENCODE,CUST_104,VID-01213,25.5,13.16,13.14,normal
EVT-002614,2026-03-08 14:16:00,PROD_ENCODE,CUST_101,VID-01214,19.2,10.52,32.45,normal
EVT-002615,2026-03-08 14:20:00,PROD_OTT,CUST_106,VID-01215,38.4,6.12,15.27,normal
EVT-002616,2026-03-08 14:24:00,PROD_OTT,CUST_102,VID-01216,111.9,4.5,7.22,normal
EVT-002617,2026-03-08 14:28:00,PROD_ENCODE,CUST_102,VID-01217,74.7,6.1,51.5,normal
EVT-002618,2026-03-08 14:32:00,PROD_LIVE,CUST_103,VID-01218,34.1,14.46,16.14,normal
EVT-002619,2026-03-08 14:36:00,PROD_LIVE,CUST_102,VID-01219,94.8,21.7,35.82,normal
EVT-002620,2026-03-08 14:40:00,PROD_LIVE,CUST_101,VID-01220,84.5,4.78,36.68,normal
EVT-002621,2026-03-08 14:44:00,PROD_ENCODE,CUST_101,VID-01221,75.1,6.5,31.44,normal
EVT-002622,2026-03-08 14:48:00,PROD_OTT,CUST_103,VID-01222,35.1,10.43,2.42,normal
EVT-002623,2026-03-08 14:52:00,PROD_VOD,CUST_102,VID-01223,38.9,3.61,66.96,normal
EVT-002624,2026-03-08 14:56:00,PROD_OTT,CUST_103,VID-01224,22.7,10.21,34.89,normal
EVT-002625,2026-03-08 15:00:00,PROD_OTT,CUST_105,VID-01225,59.6,8.1,26.56,normal
EVT-002626,2026-03-08 15:04:00,PROD_VOD,CUST_106,VID-01226,36.0,13.86,29.82,normal
EVT-002627,2026-03-08 15:08:00,PROD_ENCODE,CUST_104,VID-01227,39.7,4.32,18.83,normal
EVT-002628,2026-03-08 15:12:00,PROD_LIVE,CUST_103,VID-01228,25.8,6.48,2.44,normal
EVT-002629,2026-03-08 15:16:00,PROD_OTT,CUST_102,VID-01229,67.9,23.63,7.92,normal
EVT-002630,2026-03-08 15:20:00,PROD_VOD,CUST_105,VID-01230,9.4,4.13,7.19,normal
EVT-002631,2026-03-08 15:24:00,PROD_OTT,CUST_105,VID-01231,56.5,14.8,18.23,normal
EVT-002632,2026-03-08 15:28:00,PROD_OTT,CUST_101,VID-01232,58.1,17.91,67.48,normal
EVT-002633,2026-03-08 15:32:00,PROD_ENCODE,CUST_103,VID-01233,59.5,6.79,14.79,normal
EVT-002634,2026-03-08 15:36:00,PROD_ENCODE,CUST_106,VID-01234,15.7,2.4,21.99,normal
EVT-002635,2026-03-08 15:40:00,PROD_ENCODE,CUST_102,VID-01235,26.0,6.35,55.35,normal
EVT-002636,2026-03-08 15:44:00,PROD_ENCODE,CUST_101,VID-01236,10.5,5.57,6.47,normal
EVT-002637,2026-03-08 15:48:00,PROD_LIVE,CUST_103,VID-01237,7.1,6.35,17.45,normal
EVT-002638,2026-03-08 15:52:00,PROD_VOD,CUST_102,VID-01238,49.5,20.46,38.23,normal
EVT-002639,2026-03-08 15:56:00,PROD_VOD,CUST_103,VID-01239,10.6,8.23,22.76,normal
EVT-002640,2026-03-15 16:00:00,PROD_VOD,CUST_103,VID-01240,8.8,6.64,3.43,delayed
EVT-002641,2026-03-08 16:04:00,PROD_VOD,CUST_102,VID-01241,33.9,5.56,38.8,normal
EVT-002642,2026-03-08 16:08:00,PROD_OTT,CUST_103,VID-01242,31.7,9.6,21.26,normal
EVT-002643,2026-03-08 16:12:00,PROD_ENCODE,CUST_102,VID-01243,55.8,11.14,35.26,normal
EVT-002644,2026-03-08 16:16:00,PROD_OTT,CUST_105,VID-01244,49.6,12.98,11.3,normal
EVT-002645,2026-03-08 16:20:00,PROD_OTT,CUST_102,VID-01245,11.6,6.48,68.49,normal
EVT-002646,2026-03-08 16:24:00,PROD_LIVE,CUST_103,VID-01246,34.5,12.71,8.32,normal
EVT-002647,2026-03-08 16:28:00,PROD_VOD,CUST_102,VID-01247,105.5,8.57,9.07,normal
EVT-002648,2026-03-08 16:32:00,PROD_OTT,CUST_101,VID-01248,34.9,4.06,59.15,normal
EVT-002649,2026-03-08 16:36:00,PROD_VOD,CUST_105,VID-01249,6.7,3.13,24.41,normal
EVT-002650,2026-03-08 16:40:00,PROD_VOD,CUST_103,VID-01250,48.3,9.46,10.2,normal
EVT-002651,2026-03-08 16:44:00,PROD_ENCODE,CUST_101,VID-01251,52.2,2.69,33.98,normal
EVT-002652,2026-03-08 16:48:00,PROD_VOD,CUST_105,VID-01252,36.2,11.42,29.42,normal
EVT-002653,2026-03-08 16:52:00,PROD_LIVE,CUST_106,VID-01253,22.3,14.27,33.56,normal
EVT-002654,2026-03-08 16:56:00,PROD_LIVE,CUST_103,VID-01254,44.9,6.73,20.22,normal
EVT-002655,2026-03-08 17:00:00,PROD_LIVE,CUST_103,VID-01255,8.5,1.63,10.64,normal
EVT-002656,2026-03-08 17:04:00,PROD_OTT,CUST_101,VID-01256,31.8,3.95,10.84,normal
EVT-002657,2026-03-08 17:08:00,PROD_VOD,CUST_103,VID-01257,5.5,14.77,32.41,normal
EVT-002658,2026-03-08 17:12:00,PROD_LIVE,CUST_102,VID-01258,44.6,5.24,61.68,normal
EVT-002659,2026-03-08 17:16:00,PROD_VOD,CUST_103,VID-01259,22.2,1.54,13.92,normal
EVT-002660,2026-03-08 17:20:00,PROD_VOD,CUST_105,VID-01260,46.0,12.09,28.62,normal
EVT-002661,2026-03-08 17:24:00,PROD_ENCODE,CUST_104,VID-01261,10.5,10.25,18.61,normal
EVT-002662,2026-03-08 17:28:00,PROD_LIVE,CUST_101,VID-01262,12.4,4.93,57.42,normal
EVT-002663,2026-03-08 17:32:00,PROD_OTT,CUST_104,VID-01263,19.9,7.63,33.23,normal
EVT-002664,2026-03-08 17:36:00,PROD_LIVE,CUST_104,VID-01264,23.0,14.67,21.79,normal
EVT-002665,2026-03-08 17:40:00,PROD_VOD,CUST_104,VID-01265,44.9,1.38,9.09,normal
EVT-002666,2026-03-08 17:44:00,PROD_ENCODE,CUST_103,VID-01266,19.2,9.78,22.24,normal
EVT-002667,2026-03-08 17:48:00,PROD_ENCODE,CUST_101,VID-01267,76.5,8.43,44.16,normal
EVT-002668,2026-03-08 17:52:00,PROD_LIVE,CUST_104,VID-01268,46.1,14.98,11.53,normal
EVT-002669,2026-03-08 17:56:00,PROD_LIVE,CUST_106,VID-01269,27.2,5.21,2.14,normal
EVT-002670,2026-03-08 18:00:00,PROD_ENCODE,CUST_101,VID-01270,34.7,13.95,57.4,normal
EVT-002671,2026-03-08 18:04:00,PROD_OTT,CUST_102,VID-01271,113.4,21.68,40.73,normal
EVT-002672,2026-03-08 18:08:00,PROD_OTT,CUST_104,VID-01272,55.9,6.55,4.89,normal
EVT-002673,2026-03-08 18:12:00,PROD_VOD,CUST_101,VID-01273,12.9,16.95,30.8,normal
EVT-002674,2026-03-08 18:16:00,PROD_OTT,CUST_103,VID-01274,27.4,2.32,12.63,normal
EVT-002675,2026-03-08 18:20:00,PROD_ENCODE,CUST_101,VID-01275,52.7,10.08,8.05,normal
EVT-002676,2026-03-08 18:24:00,PROD_ENCODE,CUST_103,VID-01276,57.3,6.6,21.78,normal
EVT-002677,2026-03-08 18:28:00,PROD_ENCODE,CUST_106,VID-01277,40.0,12.43,21.5,normal
EVT-002678,2026-03-08 18:32:00,PROD_OTT,CUST_105,VID-01278,8.8,1.17,23.44,normal
EVT-002679,2026-03-08 18:36:00,PROD_ENCODE,CUST_101,VID-01279,12.8,3.5,62.87,normal
EVT-002680,2026-03-08 18:40:00,PROD_ENCODE,CUST_101,VID-01280,92.9,14.45,66.68,normal
EVT-002681,2026-03-08 18:44:00,PROD_LIVE,CUST_106,VID-01281,31.4,9.04,12.23,normal
EVT-002682,2026-03-08 18:48:00,PROD_LIVE,CUST_102,VID-01282,99.7,28.16,33.31,normal
EVT-002683,2026-03-08 18:52:00,PROD_VOD,CUST_101,VID-01283,112.5,4.07,11.04,normal
EVT-002684,2026-03-08 18:56:00,PROD_ENCODE,CUST_101,VID-01284,119.2,9.78,5.56,normal
EVT-002685,2026-03-08 19:00:00,PROD_VOD,CUST_103,VID-01285,20.8,2.21,34.07,normal
EVT-002686,2026-03-08 19:04:00,PROD_OTT,CUST_103,VID-01286,51.7,6.92,11.22,normal
EVT-002687,2026-03-08 19:08:00,PROD_LIVE,CUST_102,VID-01287,83.2,16.53,47.8,normal
EVT-002688,2026-03-08 19:12:00,PROD_ENCODE,CUST_106,VID-01288,55.9,6.24,7.34,normal
EVT-002689,2026-03-08 19:16:00,PROD_VOD,CUST_104,VID-01289,47.7,1.37,8.97,normal
EVT-002690,2026-03-08 19:20:00,PROD_LIVE,CUST_103,VID-01290,18.4,1.02,32.91,normal
EVT-002691,2026-03-08 19:24:00,PROD_VOD,CUST_103,VID-01291,38.9,12.16,21.26,normal
EVT-002692,2026-03-08 19:28:00,PROD_ENCODE,CUST_106,VID-01292,27.2,5.87,25.74,normal
EVT-002693,2026-03-08 19:32:00,PROD_VOD,CUST_106,VID-01293,38.7,10.07,17.06,normal
EVT-002694,2026-03-08 19:36:00,PROD_VOD,CUST_104,VID-01294,16.9,8.95,12.01,normal
EVT-002695,2026-03-08 19:40:00,PROD_ENCODE,CUST_106,VID-01295,55.2,4.82,18.35,normal
EVT-002696,2026-03-08 19:44:00,PROD_LIVE,CUST_102,VID-01296,97.2,24.73,58.3,normal
EVT-002697,2026-03-08 19:48:00,PROD_ENCODE,CUST_103,VID-01297,58.3,4.41,22.52,normal
EVT-002698,2026-03-08 19:52:00,PROD_ENCODE,CUST_106,VID-01298,49.7,8.75,23.9,normal
EVT-002699,2026-03-08 19:56:00,PROD_OTT,CUST_106,VID-01299,9.3,13.96,9.97,normal
EVT-002700,2026-03-07 08:00:00,PROD_LIVE,CUST_101,VID-01300,108.4,15.48,44.19,out_of_order
EVT-002701,2026-03-08 20:04:00,PROD_ENCODE,CUST_101,VID-01301,57.3,12.23,40.91,normal
EVT-002702,2026-03-08 20:08:00,PROD_VOD,CUST_104,VID-01302,53.0,12.55,17.26,normal
EVT-002703,2026-03-08 20:12:00,PROD_LIVE,CUST_101,VID-01303,106.9,5.4,12.99,normal
EVT-002704,2026-03-08 20:16:00,PROD_VOD,CUST_104,VID-01304,43.4,9.22,22.21,normal
EVT-002705,2026-03-08 20:20:00,PROD_OTT,CUST_103,VID-01305,26.6,6.61,29.05,normal
EVT-002706,2026-03-08 20:24:00,PROD_ENCODE,CUST_101,VID-01306,21.2,10.29,68.49,normal
EVT-002707,2026-03-08 20:28:00,PROD_OTT,CUST_103,VID-01307,31.7,12.86,9.62,normal
EVT-002708,2026-03-08 20:32:00,PROD_LIVE,CUST_103,VID-01308,41.4,7.66,29.72,normal
EVT-002709,2026-03-08 20:36:00,PROD_VOD,CUST_106,VID-01309,34.8,6.53,33.47,normal
EVT-002710,2026-03-08 20:40:00,PROD_LIVE,CUST_103,VID-01310,22.7,9.46,30.12,normal
EVT-002711,2026-03-08 20:44:00,PROD_VOD,CUST_103,VID-01311,6.3,13.93,14.85,normal
EVT-002712,2026-03-08 20:48:00,PROD_VOD,CUST_101,VID-01312,15.3,4.25,67.26,normal
EVT-002713,2026-03-08 20:52:00,PROD_VOD,CUST_106,VID-01313,47.4,1.78,28.99,normal
EVT-002714,2026-03-08 20:56:00,PROD_ENCODE,CUST_101,VID-01314,55.7,25.69,34.34,normal
EVT-002715,2026-03-08 21:00:00,PROD_OTT,CUST_103,VID-01315,58.2,11.46,22.68,normal
EVT-002716,2026-03-08 21:04:00,PROD_VOD,CUST_102,VID-01316,114.2,25.95,4.08,normal
EVT-002717,2026-03-08 21:08:00,PROD_LIVE,CUST_106,VID-01317,47.0,8.43,12.0,normal
EVT-002718,2026-03-08 21:12:00,PROD_ENCODE,CUST_105,VID-01318,39.3,11.7,24.66,normal
EVT-002719,2026-03-08 21:16:00,PROD_ENCODE,CUST_104,VID-01319,12.0,10.43,9.2,normal
EVT-002720,2026-03-15 21:20:00,PROD_VOD,CUST_103,VID-01320,41.6,8.41,18.3,delayed
EVT-002721,2026-03-08 21:24:00,PROD_ENCODE,CUST_106,VID-01321,18.5,14.89,30.25,normal
EVT-002722,2026-03-08 21:28:00,PROD_OTT,CUST_103,VID-01322,44.9,1.98,6.57,normal
EVT-002723,2026-03-08 21:32:00,PROD_VOD,CUST_105,VID-01323,35.1,13.3,2.69,normal
EVT-002724,2026-03-08 21:36:00,PROD_LIVE,CUST_101,VID-01324,67.9,29.55,58.25,normal
EVT-002725,2026-03-08 21:40:00,PROD_VOD,CUST_104,VID-01325,26.1,9.93,22.7,normal
EVT-002726,2026-03-08 21:44:00,PROD_LIVE,CUST_101,VID-01326,27.1,13.58,54.46,normal
EVT-002727,2026-03-08 21:48:00,PROD_ENCODE,CUST_105,VID-01327,18.1,8.09,12.46,normal
EVT-002728,2026-03-08 21:52:00,PROD_VOD,CUST_104,VID-01328,51.6,7.08,2.49,normal
EVT-002729,2026-03-08 21:56:00,PROD_LIVE,CUST_102,VID-01329,34.8,18.17,8.47,normal
EVT-002730,2026-03-08 22:00:00,PROD_LIVE,CUST_106,VID-01330,14.9,5.81,28.02,normal
EVT-002731,2026-03-08 22:04:00,PROD_LIVE,CUST_106,VID-01331,49.3,12.27,32.08,normal
EVT-002732,2026-03-08 22:08:00,PROD_LIVE,CUST_104,VID-01332,53.8,4.37,21.24,normal
EVT-002733,2026-03-08 22:12:00,PROD_OTT,CUST_102,VID-01333,113.0,10.76,63.86,normal
EVT-002734,2026-03-08 22:16:00,PROD_ENCODE,CUST_103,VID-01334,19.2,10.57,11.19,normal
EVT-002735,2026-03-08 22:20:00,PROD_LIVE,CUST_106,VID-01335,39.6,11.73,26.08,normal
EVT-002736,2026-03-08 22:24:00,PROD_ENCODE,CUST_105,VID-01336,11.2,14.61,5.83,normal
EVT-002737,2026-03-08 22:28:00,PROD_OTT,CUST_102,VID-01337,34.3,13.93,5.6,normal
EVT-002738,2026-03-08 22:32:00,PROD_VOD,CUST_103,VID-01338,35.9,7.7,29.75,normal
EVT-002739,2026-03-08 22:36:00,PROD_OTT,CUST_106,VID-01339,24.1,10.45,27.8,normal
EVT-002740,2026-03-08 22:40:00,PROD_VOD,CUST_106,VID-01340,55.0,10.78,7.51,normal
EVT-002741,2026-03-08 22:44:00,PROD_ENCODE,CUST_105,VID-01341,31.3,9.54,7.67,normal
EVT-002742,2026-03-08 22:48:00,PROD_OTT,CUST_105,VID-01342,10.4,3.13,25.54,normal
EVT-002743,2026-03-08 22:52:00,PROD_OTT,CUST_104,VID-01343,57.5,7.55,5.84,normal
EVT-002744,2026-03-08 22:56:00,PROD_LIVE,CUST_106,VID-01344,58.2,6.53,2.74,normal
EVT-002745,2026-03-08 23:00:00,PROD_LIVE,CUST_102,VID-01345,45.6,10.31,39.32,normal
EVT-002746,2026-03-08 23:04:00,PROD_VOD,CUST_102,VID-01346,78.5,11.65,44.87,normal
EVT-002747,2026-03-08 23:08:00,PROD_ENCODE,CUST_104,VID-01347,47.3,11.1,34.02,normal
EVT-002748,2026-03-08 23:12:00,PROD_LIVE,CUST_105,VID-01348,50.7,14.67,30.14,normal
EVT-002749,2026-03-08 23:16:00,PROD_OTT,CUST_103,VID-01349,8.7,14.46,28.93,normal
EVT-002750,2026-03-08 23:20:00,PROD_OTT,CUST_106,VID-01350,29.8,10.55,4.43,normal
EVT-002751,2026-03-08 23:24:00,PROD_ENCODE,CUST_106,VID-01351,16.9,6.48,32.44,normal
EVT-002752,2026-03-08 23:28:00,PROD_VOD,CUST_102,VID-01352,88.2,13.92,67.45,normal
EVT-002753,2026-03-08 23:32:00,PROD_ENCODE,CUST_106,VID-01353,30.5,7.04,5.41,normal
EVT-002754,2026-03-08 23:36:00,PROD_OTT,CUST_105,VID-01354,21.0,12.9,8.77,normal
EVT-002755,2026-03-08 23:40:00,PROD_VOD,CUST_101,VID-01355,69.7,12.12,67.11,normal
EVT-002756,2026-03-08 23:44:00,PROD_VOD,CUST_106,VID-01356,57.1,10.79,21.08,normal
EVT-002757,2026-03-08 23:48:00,PROD_LIVE,CUST_106,VID-01357,18.9,9.92,6.6,normal
EVT-002758,2026-03-08 23:52:00,PROD_ENCODE,CUST_102,VID-01358,115.8,25.48,15.3,normal
EVT-002759,2026-03-08 23:56:00,PROD_VOD,CUST_101,VID-01359,107.7,21.12,38.43,normal
EVT-002760,2026-03-09 00:00:00,PROD_LIVE,CUST_101,VID-01360,28.9,14.36,51.27,normal
EVT-002761,2026-03-09 00:04:00,PROD_OTT,CUST_103,VID-01361,35.0,3.09,2.09,normal
EVT-002762,2026-03-09 00:08:00,PROD_LIVE,CUST_101,VID-01362,17.0,14.58,5.49,normal
EVT-002763,2026-03-09 00:12:00,PROD_OTT,CUST_102,VID-01363,69.9,9.09,48.45,normal
EVT-002764,2026-03-09 00:16:00,PROD_ENCODE,CUST_106,VID-01364,44.4,7.86,25.04,normal
EVT-002765,2026-03-09 00:20:00,PROD_LIVE,CUST_106,VID-01365,26.8,1.93,22.62,normal
EVT-002766,2026-03-09 00:24:00,PROD_OTT,CUST_103,VID-01366,23.3,10.58,2.64,normal
EVT-002767,2026-03-09 00:28:00,PROD_OTT,CUST_101,VID-01367,13.6,5.22,24.04,normal
EVT-002768,2026-03-09 00:32:00,PROD_OTT,CUST_106,VID-01368,12.1,7.01,7.71,normal
EVT-002769,2026-03-09 00:36:00,PROD_VOD,CUST_101,VID-01369,33.1,2.3,33.82,normal
EVT-002770,2026-03-09 00:40:00,PROD_LIVE,CUST_102,VID-01370,45.4,6.3,47.18,normal
EVT-002771,2026-03-09 00:44:00,PROD_LIVE,CUST_101,VID-01371,87.6,7.33,21.93,normal
EVT-002772,2026-03-09 00:48:00,PROD_LIVE,CUST_106,VID-01372,20.1,14.94,12.92,normal
EVT-002773,2026-03-09 00:52:00,PROD_LIVE,CUST_105,VID-01373,11.3,7.09,20.91,normal
EVT-002774,2026-03-09 00:56:00,PROD_VOD,CUST_105,VID-01374,11.2,6.82,15.08,normal
EVT-002775,2026-03-09 01:00:00,PROD_VOD,CUST_104,VID-01375,51.2,11.98,22.2,normal
EVT-002776,2026-03-09 01:04:00,PROD_ENCODE,CUST_106,VID-01376,42.2,1.13,8.81,normal
EVT-002777,2026-03-09 01:08:00,PROD_VOD,CUST_103,VID-01377,25.6,13.74,4.12,normal
EVT-002778,2026-03-09 01:12:00,PROD_VOD,CUST_104,VID-01378,10.5,6.47,21.15,normal
EVT-002779,2026-03-09 01:16:00,PROD_VOD,CUST_101,VID-01379,85.4,10.05,56.06,normal
EVT-002780,2026-03-09 01:20:00,PROD_OTT,CUST_105,VID-01380,6.5,5.61,23.64,normal
EVT-002781,2026-03-09 01:24:00,PROD_ENCODE,CUST_104,VID-01381,21.5,9.12,15.62,normal
EVT-002782,2026-03-09 01:28:00,PROD_LIVE,CUST_105,VID-01382,5.2,2.81,5.16,normal
EVT-002783,2026-03-09 01:32:00,PROD_OTT,CUST_101,VID-01383,45.0,2.51,44.25,normal
EVT-002784,2026-03-09 01:36:00,PROD_ENCODE,CUST_105,VID-01384,36.5,10.87,5.26,normal
EVT-002785,2026-03-09 01:40:00,PROD_LIVE,CUST_101,VID-01385,46.3,6.55,25.87,normal
EVT-002786,2026-03-09 01:44:00,PROD_LIVE,CUST_106,VID-01386,18.4,3.28,23.8,normal
EVT-002787,2026-03-09 01:48:00,PROD_VOD,CUST_103,VID-01387,32.7,8.68,34.48,normal
EVT-002788,2026-03-09 01:52:00,PROD_ENCODE,CUST_106,VID-01388,21.7,5.9,10.94,normal
EVT-002789,2026-03-09 01:56:00,PROD_VOD,CUST_106,VID-01389,51.8,5.28,34.84,normal
EVT-002790,2026-03-07 14:00:00,PROD_LIVE,CUST_103,VID-01390,46.0,10.47,21.66,out_of_order
EVT-002791,2026-03-09 02:04:00,PROD_VOD,CUST_101,VID-01391,19.6,27.61,55.24,normal
EVT-002792,2026-03-09 02:08:00,PROD_OTT,CUST_103,VID-01392,32.9,7.1,7.99,normal
EVT-002793,2026-03-09 02:12:00,PROD_ENCODE,CUST_106,VID-01393,34.9,8.54,15.26,normal
EVT-002794,2026-03-09 02:16:00,PROD_LIVE,CUST_101,VID-01394,118.1,9.74,42.78,normal
EVT-002795,2026-03-09 02:20:00,PROD_LIVE,CUST_101,VID-01395,38.0,28.99,56.95,normal
EVT-002796,2026-03-09 02:24:00,PROD_VOD,CUST_106,VID-01396,46.8,7.59,29.61,normal
EVT-002797,2026-03-09 02:28:00,PROD_ENCODE,CUST_101,VID-01397,97.9,25.79,24.43,normal
EVT-002798,2026-03-09 02:32:00,PROD_LIVE,CUST_102,VID-01398,77.0,27.0,28.29,normal
EVT-002799,2026-03-09 02:36:00,PROD_OTT,CUST_106,VID-01399,47.2,10.25,14.03,normal
EVT-002800,2026-03-16 02:40:00,PROD_LIVE,CUST_101,VID-01000,45.9,24.22,41.19,delayed
EVT-002801,2026-03-09 02:44:00,PROD_ENCODE,CUST_103,VID-01001,29.5,9.39,34.42,normal
EVT-002802,2026-03-09 02:48:00,PROD_VOD,CUST_101,VID-01002,84.9,23.99,69.3,normal
EVT-002803,2026-03-09 02:52:00,PROD_LIVE,CUST_101,VID-01003,88.0,23.24,34.87,normal
EVT-002804,2026-03-09 02:56:00,PROD_LIVE,CUST_104,VID-01004,53.1,5.55,30.64,normal
EVT-002805,2026-03-09 03:00:00,PROD_VOD,CUST_101,VID-01005,119.7,2.02,41.62,normal
EVT-002806,2026-03-09 03:04:00,PROD_OTT,CUST_105,VID-01006,36.4,13.76,3.29,normal
EVT-002807,2026-03-09 03:08:00,PROD_VOD,CUST_103,VID-01007,41.3,14.5,7.99,normal
EVT-002808,2026-03-09 03:12:00,PROD_LIVE,CUST_102,VID-01008,51.7,16.61,55.27,normal
EVT-002809,2026-03-09 03:16:00,PROD_VOD,CUST_101,VID-01009,110.7,7.48,34.26,normal
EVT-002810,2026-03-09 03:20:00,PROD_VOD,CUST_102,VID-01010,83.9,19.8,62.62,normal
EVT-002811,2026-03-09 03:24:00,PROD_LIVE,CUST_101,VID-01011,85.6,27.78,22.53,normal
EVT-002812,2026-03-09 03:28:00,PROD_VOD,CUST_106,VID-01012,11.4,4.45,29.62,normal
EVT-002813,2026-03-09 03:32:00,PROD_ENCODE,CUST_105,VID-01013,53.6,12.84,6.18,normal
EVT-002814,2026-03-09 03:36:00,PROD_VOD,CUST_106,VID-01014,54.8,5.6,15.0,normal
EVT-002815,2026-03-09 03:40:00,PROD_VOD,CUST_102,VID-01015,33.2,20.95,53.38,normal
EVT-002816,2026-03-09 03:44:00,PROD_OTT,CUST_102,VID-01016,66.5,22.55,67.57,normal
EVT-002817,2026-03-09 03:48:00,PROD_ENCODE,CUST_105,VID-01017,40.9,8.65,27.31,normal
EVT-002818,2026-03-09 03:52:00,PROD_LIVE,CUST_105,VID-01018,30.7,10.75,3.69,normal
EVT-002819,2026-03-09 03:56:00,PROD_VOD,CUST_106,VID-01019,5.2,4.32,21.38,normal
EVT-002820,2026-03-09 04:00:00,PROD_OTT,CUST_103,VID-01020,22.2,10.58,23.2,normal
EVT-002821,2026-03-09 04:04:00,PROD_OTT,CUST_103,VID-01021,20.2,12.9,3.43,normal
EVT-002822,2026-03-09 04:08:00,PROD_ENCODE,CUST_105,VID-01022,54.8,3.38,16.06,normal
EVT-002823,2026-03-09 04:12:00,PROD_ENCODE,CUST_106,VID-01023,47.4,5.81,23.59,normal
EVT-002824,2026-03-09 04:16:00,PROD_OTT,CUST_104,VID-01024,50.7,14.91,5.6,normal
EVT-002825,2026-03-09 04:20:00,PROD_ENCODE,CUST_101,VID-01025,113.0,22.54,20.47,normal
EVT-002826,2026-03-09 04:24:00,PROD_LIVE,CUST_105,VID-01026,33.4,14.37,23.02,normal
EVT-002827,2026-03-09 04:28:00,PROD_VOD,CUST_104,VID-01027,49.7,10.86,20.89,normal
EVT-002828,2026-03-09 04:32:00,PROD_ENCODE,CUST_103,VID-01028,32.8,5.4,18.74,normal
EVT-002829,2026-03-09 04:36:00,PROD_LIVE,CUST_106,VID-01029,32.3,6.83,34.55,normal
EVT-002830,2026-03-09 04:40:00,PROD_VOD,CUST_104,VID-01030,31.2,5.33,29.19,normal
EVT-002831,2026-03-09 04:44:00,PROD_OTT,CUST_106,VID-01031,7.1,12.77,24.88,normal
EVT-002832,2026-03-09 04:48:00,PROD_VOD,CUST_104,VID-01032,40.9,2.37,24.66,normal
EVT-002833,2026-03-09 04:52:00,PROD_ENCODE,CUST_104,VID-01033,57.7,2.31,32.4,normal
EVT-002834,2026-03-09 04:56:00,PROD_LIVE,CUST_103,VID-01034,41.2,9.99,2.09,normal
EVT-002835,2026-03-09 05:00:00,PROD_LIVE,CUST_104,VID-01035,37.1,3.08,8.51,normal
EVT-002836,2026-03-09 05:04:00,PROD_OTT,CUST_103,VID-01036,5.8,13.66,15.49,normal
EVT-002837,2026-03-09 05:08:00,PROD_OTT,CUST_102,VID-01037,114.9,11.32,54.54,normal
EVT-002838,2026-03-09 05:12:00,PROD_LIVE,CUST_102,VID-01038,19.6,29.99,13.12,normal
EVT-002839,2026-03-09 05:16:00,PROD_ENCODE,CUST_103,VID-01039,15.8,7.42,12.35,normal
EVT-002840,2026-03-09 05:20:00,PROD_OTT,CUST_101,VID-01040,41.3,14.61,21.32,normal
EVT-002841,2026-03-09 05:24:00,PROD_VOD,CUST_102,VID-01041,25.4,5.58,21.68,normal
EVT-002842,2026-03-09 05:28:00,PROD_ENCODE,CUST_101,VID-01042,42.1,24.18,25.76,normal
EVT-002843,2026-03-09 05:32:00,PROD_VOD,CUST_105,VID-01043,18.4,6.0,14.15,normal
EVT-002844,2026-03-09 05:36:00,PROD_ENCODE,CUST_101,VID-01044,110.5,6.17,6.7,normal
EVT-002845,2026-03-09 05:40:00,PROD_VOD,CUST_104,VID-01045,18.8,3.72,34.15,normal
EVT-002846,2026-03-09 05:44:00,PROD_OTT,CUST_103,VID-01046,36.0,12.19,28.37,normal
EVT-002847,2026-03-09 05:48:00,PROD_VOD,CUST_102,VID-01047,21.9,17.78,65.19,normal
EVT-002848,2026-03-09 05:52:00,PROD_VOD,CUST_106,VID-01048,13.1,10.48,26.94,normal
EVT-002849,2026-03-09 05:56:00,PROD_VOD,CUST_104,VID-01049,22.9,7.13,15.37,normal
EVT-002850,2026-03-09 06:00:00,PROD_LIVE,CUST_102,VID-01050,105.6,27.38,39.71,normal
EVT-002851,2026-03-09 06:04:00,PROD_LIVE,CUST_106,VID-01051,44.1,1.37,14.74,normal
EVT-002852,2026-03-09 06:08:00,PROD_OTT,CUST_104,VID-01052,35.7,5.94,24.15,normal
EVT-002853,2026-03-09 06:12:00,PROD_OTT,CUST_103,VID-01053,25.3,12.36,13.22,normal
EVT-002854,2026-03-09 06:16:00,PROD_OTT,CUST_101,VID-01054,23.9,13.42,50.58,normal
EVT-002855,2026-03-09 06:20:00,PROD_ENCODE,CUST_101,VID-01055,65.0,15.64,39.57,normal
EVT-002856,2026-03-09 06:24:00,PROD_OTT,CUST_102,VID-01056,35.5,5.83,31.06,normal
EVT-002857,2026-03-09 06:28:00,PROD_LIVE,CUST_105,VID-01057,44.8,1.86,24.39,normal
EVT-002858,2026-03-09 06:32:00,PROD_ENCODE,CUST_101,VID-01058,13.2,6.98,52.96,normal
EVT-002859,2026-03-09 06:36:00,PROD_LIVE,CUST_104,VID-01059,36.1,11.09,34.44,normal
EVT-002860,2026-03-09 06:40:00,PROD_LIVE,CUST_104,VID-01060,53.9,8.88,8.06,normal
EVT-002861,2026-03-09 06:44:00,PROD_LIVE,CUST_102,VID-01061,16.8,14.44,66.63,normal
EVT-002862,2026-03-09 06:48:00,PROD_VOD,CUST_104,VID-01062,10.7,11.83,3.23,normal
EVT-002863,2026-03-09 06:52:00,PROD_ENCODE,CUST_101,VID-01063,110.9,3.88,26.49,normal
EVT-002864,2026-03-09 06:56:00,PROD_VOD,CUST_102,VID-01064,14.3,7.8,59.99,normal
EVT-002865,2026-03-09 07:00:00,PROD_OTT,CUST_103,VID-01065,38.6,7.4,21.77,normal
EVT-002866,2026-03-09 07:04:00,PROD_LIVE,CUST_101,VID-01066,52.1,22.39,40.38,normal
EVT-002867,2026-03-09 07:08:00,PROD_LIVE,CUST_106,VID-01067,18.1,10.61,9.63,normal
EVT-002868,2026-03-09 07:12:00,PROD_VOD,CUST_106,VID-01068,37.8,9.09,14.47,normal
EVT-002869,2026-03-09 07:16:00,PROD_LIVE,CUST_101,VID-01069,10.3,11.44,5.64,normal
EVT-002870,2026-03-09 07:20:00,PROD_VOD,CUST_102,VID-01070,29.1,13.7,61.15,normal
EVT-002871,2026-03-09 07:24:00,PROD_LIVE,CUST_102,VID-01071,66.2,20.27,33.34,normal
EVT-002872,2026-03-09 07:28:00,PROD_OTT,CUST_102,VID-01072,59.9,3.52,22.88,normal
EVT-002873,2026-03-09 07:32:00,PROD_OTT,CUST_104,VID-01073,45.4,8.5,16.68,normal
EVT-002874,2026-03-09 07:36:00,PROD_LIVE,CUST_105,VID-01074,56.3,1.87,8.39,normal
EVT-002875,2026-03-09 07:40:00,PROD_LIVE,CUST_106,VID-01075,41.3,12.63,26.66,normal
EVT-002876,2026-03-09 07:44:00,PROD_VOD,CUST_101,VID-01076,117.9,6.69,68.42,normal
EVT-002877,2026-03-09 07:48:00,PROD_VOD,CUST_103,VID-01077,19.2,10.85,14.07,normal
EVT-002878,2026-03-09 07:52:00,PROD_OTT,CUST_102,VID-01078,91.5,9.58,30.95,normal
EVT-002879,2026-03-09 07:56:00,PROD_ENCODE,CUST_106,VID-01079,50.2,10.05,31.24,normal
EVT-002880,2026-03-16 08:00:00,PROD_OTT,CUST_104,VID-01080,13.6,9.79,32.25,delayed
EVT-002881,2026-03-09 08:04:00,PROD_OTT,CUST_102,VID-01081,49.8,8.09,40.31,normal
EVT-002882,2026-03-09 08:08:00,PROD_OTT,CUST_104,VID-01082,32.2,13.69,10.61,normal
EVT-002883,2026-03-09 08:12:00,PROD_ENCODE,CUST_101,VID-01083,99.2,21.57,21.99,normal
EVT-002884,2026-03-09 08:16:00,PROD_OTT,CUST_104,VID-01084,30.7,11.86,3.74,normal
EVT-002885,2026-03-09 08:20:00,PROD_ENCODE,CUST_101,VID-01085,25.7,19.22,37.01,normal
EVT-002886,2026-03-09 08:24:00,PROD_ENCODE,CUST_102,VID-01086,70.0,6.34,38.48,normal
EVT-002887,2026-03-09 08:28:00,PROD_LIVE,CUST_105,VID-01087,48.8,3.05,15.23,normal
EVT-002888,2026-03-09 08:32:00,PROD_VOD,CUST_106,VID-01088,40.4,6.29,5.94,normal
EVT-002889,2026-03-09 08:36:00,PROD_VOD,CUST_101,VID-01089,47.6,26.24,8.92,normal
EVT-002890,2026-03-09 08:40:00,PROD_ENCODE,CUST_101,VID-01090,46.8,22.4,30.26,normal
EVT-002891,2026-03-09 08:44:00,PROD_VOD,CUST_102,VID-01091,18.2,25.5,46.32,normal
EVT-002892,2026-03-09 08:48:00,PROD_ENCODE,CUST_103,VID-01092,60.0,14.57,21.05,normal
EVT-002893,2026-03-09 08:52:00,PROD_OTT,CUST_106,VID-01093,8.5,7.53,19.28,normal
EVT-002894,2026-03-09 08:56:00,PROD_VOD,CUST_102,VID-01094,93.7,29.91,12.81,normal
EVT-002895,2026-03-09 09:00:00,PROD_OTT,CUST_102,VID-01095,118.1,20.82,21.82,normal
EVT-002896,2026-03-09 09:04:00,PROD_ENCODE,CUST_101,VID-01096,19.3,18.91,68.49,normal
EVT-002897,2026-03-09 09:08:00,PROD_OTT,CUST_105,VID-01097,6.1,7.16,32.72,normal
EVT-002898,2026-03-09 09:12:00,PROD_VOD,CUST_104,VID-01098,5.1,8.2,25.89,normal
EVT-002899,2026-03-09 09:16:00,PROD_ENCODE,CUST_104,VID-01099,53.0,2.44,7.63,normal
EVT-002900,2026-03-09 09:20:00,PROD_ENCODE,CUST_104,VID-01100,-15.0,11.14,3.81,normal
EVT-002901,2026-03-09 09:24:00,PROD_OTT,CUST_101,VID-01101,41.3,8.3,68.35,normal
EVT-002902,2026-03-09 09:28:00,PROD_OTT,CUST_106,VID-01102,29.3,6.31,25.08,normal
EVT-002903,2026-03-09 09:32:00,PROD_OTT,CUST_104,VID-01103,9.6,1.75,34.16,normal
EVT-002904,2026-03-09 09:36:00,PROD_VOD,CUST_101,VID-01104,111.9,17.98,4.03,normal
EVT-002905,2026-03-09 09:40:00,PROD_ENCODE,CUST_101,VID-01105,99.7,15.9,52.64,normal
EVT-002906,2026-03-09 09:44:00,PROD_VOD,CUST_106,VID-01106,14.7,6.21,6.9,normal
EVT-002907,2026-03-09 09:48:00,PROD_OTT,CUST_105,VID-01107,31.0,10.61,32.7,normal
EVT-002908,2026-03-09 09:52:00,PROD_LIVE,CUST_106,VID-01108,42.5,3.46,4.7,normal
EVT-002909,2026-03-09 09:56:00,PROD_LIVE,CUST_105,VID-01109,54.6,7.59,31.85,normal
EVT-002910,2026-03-09 10:00:00,PROD_ENCODE,CUST_103,VID-01110,40.7,10.44,23.58,normal
EVT-002911,2026-03-09 10:04:00,PROD_OTT,CUST_106,VID-01111,17.7,9.39,12.6,normal
EVT-002912,2026-03-09 10:08:00,PROD_ENCODE,CUST_106,VID-01112,22.0,12.64,7.51,normal
EVT-002913,2026-03-09 10:12:00,PROD_LIVE,CUST_104,VID-01113,41.5,10.53,27.2,normal
EVT-002914,2026-03-09 10:16:00,PROD_OTT,CUST_106,VID-01114,40.7,1.79,4.75,normal
EVT-002915,2026-03-09 10:20:00,PROD_OTT,CUST_101,VID-01115,48.4,22.13,33.09,normal
EVT-002916,2026-03-09 10:24:00,PROD_VOD,CUST_106,VID-01116,51.8,2.3,31.64,normal
EVT-002917,2026-03-09 10:28:00,PROD_LIVE,CUST_102,VID-01117,60.4,23.87,44.43,normal
EVT-002918,2026-03-09 10:32:00,PROD_LIVE,CUST_104,VID-01118,48.4,12.15,15.05,normal
EVT-002919,2026-03-09 10:36:00,PROD_ENCODE,CUST_104,VID-01119,34.3,11.41,31.72,normal
EVT-002920,2026-03-09 10:40:00,PROD_VOD,CUST_105,VID-01120,22.6,7.95,4.92,normal
EVT-002921,2026-03-09 10:44:00,PROD_ENCODE,CUST_103,VID-01121,37.9,1.65,13.98,normal
EVT-002922,2026-03-09 10:48:00,PROD_OTT,CUST_105,VID-01122,44.8,8.23,4.6,normal
EVT-002923,2026-03-09 10:52:00,PROD_OTT,CUST_105,VID-01123,38.7,8.22,8.98,normal
EVT-002924,2026-03-09 10:56:00,PROD_OTT,CUST_105,VID-01124,27.0,4.97,3.49,normal
EVT-002925,2026-03-09 11:00:00,PROD_OTT,CUST_104,VID-01125,19.1,5.63,20.64,normal
EVT-002926,2026-03-09 11:04:00,PROD_ENCODE,CUST_102,VID-01126,30.1,12.47,20.07,normal
EVT-002927,2026-03-09 11:08:00,PROD_LIVE,CUST_104,VID-01127,45.5,2.53,31.74,normal
EVT-002928,2026-03-09 11:12:00,PROD_VOD,CUST_106,VID-01128,58.0,13.75,19.1,normal
EVT-002929,2026-03-09 11:16:00,PROD_VOD,CUST_105,VID-01129,18.8,10.48,31.6,normal
EVT-002930,2026-03-09 11:20:00,PROD_OTT,CUST_105,VID-01130,17.2,3.32,10.01,normal
EVT-002931,2026-03-09 11:24:00,PROD_ENCODE,CUST_101,VID-01131,65.0,7.87,58.04,normal
EVT-002932,2026-03-09 11:28:00,PROD_ENCODE,CUST_106,VID-01132,43.2,10.11,24.87,normal
EVT-002933,2026-03-09 11:32:00,PROD_VOD,CUST_101,VID-01133,107.3,6.14,60.66,normal
EVT-002934,2026-03-09 11:36:00,PROD_OTT,CUST_102,VID-01134,48.1,29.1,36.69,normal
EVT-002935,2026-03-09 11:40:00,PROD_LIVE,CUST_101,VID-01135,46.8,11.29,40.08,normal
EVT-002936,2026-03-09 11:44:00,PROD_LIVE,CUST_105,VID-01136,33.4,13.38,17.98,normal
EVT-002937,2026-03-09 11:48:00,PROD_VOD,CUST_106,VID-01137,38.5,14.56,30.18,normal
EVT-002938,2026-03-09 11:52:00,PROD_OTT,CUST_104,VID-01138,58.4,4.58,26.05,normal
EVT-002939,2026-03-09 11:56:00,PROD_OTT,CUST_104,VID-01139,21.8,1.07,7.76,normal
EVT-002940,2026-03-09 12:00:00,PROD_LIVE,CUST_104,VID-01140,57.7,7.74,20.07,normal
EVT-002941,2026-03-09 12:04:00,PROD_OTT,CUST_106,VID-01141,31.1,12.12,7.95,normal
EVT-002942,2026-03-09 12:08:00,PROD_OTT,CUST_104,VID-01142,9.3,3.56,13.09,normal
EVT-002943,2026-03-09 12:12:00,PROD_VOD,CUST_103,VID-01143,23.9,3.02,29.46,normal
EVT-002944,2026-03-09 12:16:00,PROD_LIVE,CUST_104,VID-01144,29.5,14.2,16.12,normal
EVT-002945,2026-03-09 12:20:00,PROD_ENCODE,CUST_105,VID-01145,59.6,8.35,33.04,normal
EVT-002946,2026-03-09 12:24:00,PROD_OTT,CUST_103,VID-01146,20.3,8.18,31.15,normal
EVT-002947,2026-03-09 12:28:00,PROD_OTT,CUST_101,VID-01147,35.9,2.12,64.59,normal
EVT-002948,2026-03-09 12:32:00,PROD_LIVE,CUST_106,VID-01148,56.5,14.88,34.46,normal
EVT-002949,2026-03-09 12:36:00,PROD_ENCODE,CUST_101,VID-01149,86.0,28.95,32.71,normal
EVT-002950,2026-03-09 12:40:00,PROD_ENCODE,CUST_103,VID-01150,41.5,1.9,25.04,normal
EVT-002951,2026-03-09 12:44:00,PROD_LIVE,CUST_103,VID-01151,25.7,4.49,21.89,normal
EVT-002952,2026-03-09 12:48:00,PROD_VOD,CUST_102,VID-01152,102.4,25.56,38.85,normal
EVT-002953,2026-03-09 12:52:00,PROD_OTT,CUST_104,VID-01153,38.2,6.91,28.01,normal
EVT-002954,2026-03-09 12:56:00,PROD_OTT,CUST_104,VID-01154,11.5,13.42,34.38,normal
EVT-002955,2026-03-09 13:00:00,PROD_ENCODE,CUST_105,VID-01155,49.2,2.91,6.37,normal
EVT-002956,2026-03-09 13:04:00,PROD_LIVE,CUST_101,VID-01156,116.3,24.72,5.86,normal
EVT-002957,2026-03-09 13:08:00,PROD_ENCODE,CUST_103,VID-01157,38.7,8.26,30.59,normal
EVT-002958,2026-03-09 13:12:00,PROD_LIVE,CUST_101,VID-01158,51.7,5.68,12.62,normal
EVT-002959,2026-03-09 13:16:00,PROD_OTT,CUST_102,VID-01159,37.3,7.97,33.04,normal
EVT-002960,2026-03-16 13:20:00,PROD_LIVE,CUST_106,VID-01160,44.4,13.72,4.22,delayed
EVT-002961,2026-03-09 13:24:00,PROD_ENCODE,CUST_106,VID-01161,40.7,4.98,17.07,normal
EVT-002962,2026-03-09 13:28:00,PROD_OTT,CUST_104,VID-01162,15.3,1.88,28.61,normal
EVT-002963,2026-03-09 13:32:00,PROD_LIVE,CUST_106,VID-01163,9.2,8.61,2.47,normal
EVT-002964,2026-03-09 13:36:00,PROD_LIVE,CUST_105,VID-01164,54.7,8.55,28.33,normal
EVT-002965,2026-03-09 13:40:00,PROD_ENCODE,CUST_104,VID-01165,9.3,10.76,11.86,normal
EVT-002966,2026-03-09 13:44:00,PROD_OTT,CUST_105,VID-01166,27.1,4.24,16.29,normal
EVT-002967,2026-03-09 13:48:00,PROD_OTT,CUST_101,VID-01167,67.5,2.8,45.48,normal
EVT-002968,2026-03-09 13:52:00,PROD_LIVE,CUST_103,VID-01168,12.7,14.13,32.19,normal
EVT-002969,2026-03-09 13:56:00,PROD_ENCODE,CUST_104,VID-01169,37.1,13.76,12.43,normal
EVT-002970,2026-03-08 02:00:00,PROD_OTT,CUST_104,VID-01170,37.4,11.01,19.36,out_of_order
EVT-002971,2026-03-09 14:04:00,PROD_OTT,CUST_102,VID-01171,69.1,26.94,69.57,normal
EVT-002972,2026-03-09 14:08:00,PROD_OTT,CUST_104,VID-01172,53.6,5.6,3.47,normal
EVT-002973,2026-03-09 14:12:00,PROD_VOD,CUST_106,VID-01173,17.1,10.44,28.88,normal
EVT-002974,2026-03-09 14:16:00,PROD_ENCODE,CUST_101,VID-01174,97.2,23.13,15.06,normal
EVT-002975,2026-03-09 14:20:00,PROD_LIVE,CUST_101,VID-01175,32.9,14.11,29.19,normal
EVT-002976,2026-03-09 14:24:00,PROD_ENCODE,CUST_103,VID-01176,12.0,7.2,30.8,normal
EVT-002977,2026-03-09 14:28:00,PROD_ENCODE,CUST_105,VID-01177,26.4,6.98,19.87,normal
EVT-002978,2026-03-09 14:32:00,PROD_OTT,CUST_102,VID-01178,61.8,16.82,52.76,normal
EVT-002979,2026-03-09 14:36:00,PROD_VOD,CUST_106,VID-01179,18.4,1.09,34.8,normal
EVT-002980,2026-03-09 14:40:00,PROD_ENCODE,CUST_104,VID-01180,35.9,12.64,16.44,normal
EVT-002981,2026-03-09 14:44:00,PROD_VOD,CUST_106,VID-01181,5.4,3.55,19.72,normal
EVT-002982,2026-03-09 14:48:00,PROD_LIVE,CUST_103,VID-01182,40.1,5.86,30.71,normal
EVT-002983,2026-03-09 14:52:00,PROD_OTT,CUST_104,VID-01183,18.3,13.47,7.72,normal
EVT-002984,2026-03-09 14:56:00,PROD_LIVE,CUST_104,VID-01184,32.5,10.99,3.21,normal
EVT-002985,2026-03-09 15:00:00,PROD_OTT,CUST_103,VID-01185,16.7,8.43,25.29,normal
EVT-002986,2026-03-09 15:04:00,PROD_ENCODE,CUST_102,VID-01186,16.7,5.52,34.51,normal
EVT-002987,2026-03-09 15:08:00,PROD_LIVE,CUST_102,VID-01187,70.6,24.84,57.47,normal
EVT-002988,2026-03-09 15:12:00,PROD_VOD,CUST_103,VID-01188,44.0,12.04,3.38,normal
EVT-002989,2026-03-09 15:16:00,PROD_LIVE,CUST_103,VID-01189,23.8,5.06,15.55,normal
EVT-002990,2026-03-09 15:20:00,PROD_LIVE,CUST_105,VID-01190,48.8,13.49,34.44,normal
EVT-002991,2026-03-09 15:24:00,PROD_VOD,CUST_103,VID-01191,10.7,6.82,34.05,normal
EVT-002992,2026-03-09 15:28:00,PROD_VOD,CUST_103,VID-01192,48.4,6.9,27.88,normal
EVT-002993,2026-03-09 15:32:00,PROD_OTT,CUST_104,VID-01193,52.8,7.44,19.41,normal
EVT-002994,2026-03-09 15:36:00,PROD_OTT,CUST_104,VID-01194,38.5,5.16,33.86,normal
EVT-002995,2026-03-09 15:40:00,PROD_OTT,CUST_106,VID-01195,41.9,7.99,9.53,normal
EVT-002996,2026-03-09 15:44:00,PROD_LIVE,CUST_106,VID-01196,14.8,12.87,33.84,normal
EVT-002997,2026-03-09 15:48:00,PROD_LIVE,CUST_103,VID-01197,34.9,5.62,19.64,normal
EVT-002998,2026-03-09 15:52:00,PROD_ENCODE,CUST_101,VID-01198,11.2,25.77,62.82,normal
EVT-002999,2026-03-09 15:56:00,PROD_LIVE,CUST_106,VID-01199,38.8,14.16,21.23,normal
EVT-003000,2026-03-09 16:00:00,PROD_OTT,CUST_102,VID-01200,-15.0,2.89,31.23,normal
EVT-000001,2026-03-01 08:04:00,PROD_LIVE,CUST_103,VID-01001,32.6,12.04,12.37,duplicate
EVT-000021,2026-03-01 09:24:00,PROD_VOD,CUST_104,VID-01021,21.0,14.75,14.87,duplicate
EVT-000041,2026-03-01 10:44:00,PROD_LIVE,CUST_105,VID-01041,33.8,1.18,24.72,duplicate
EVT-000061,2026-03-01 12:04:00,PROD_LIVE,CUST_105,VID-01061,16.6,8.34,10.7,duplicate
EVT-000081,2026-03-01 13:24:00,PROD_OTT,CUST_106,VID-01081,18.4,14.3,6.57,duplicate
EVT-000101,2026-03-01 14:44:00,PROD_ENCODE,CUST_104,VID-01101,29.3,4.94,7.36,duplicate
EVT-000121,2026-03-01 16:04:00,PROD_OTT,CUST_105,VID-01121,56.2,6.88,20.89,duplicate
EVT-000141,2026-03-01 17:24:00,PROD_VOD,CUST_106,VID-01141,9.6,5.85,22.66,duplicate
EVT-000161,2026-03-01 18:44:00,PROD_LIVE,CUST_104,VID-01161,57.0,4.1,24.92,duplicate
EVT-000181,2026-03-01 20:04:00,PROD_ENCODE,CUST_104,VID-01181,34.6,4.91,30.47,duplicate
EVT-000201,2026-03-01 21:24:00,PROD_LIVE,CUST_106,VID-01201,35.4,5.83,19.57,duplicate
EVT-000221,2026-03-01 22:44:00,PROD_VOD,CUST_103,VID-01221,18.6,13.62,17.46,duplicate
EVT-000241,2026-03-02 00:04:00,PROD_ENCODE,CUST_104,VID-01241,30.7,10.24,3.77,duplicate
EVT-000261,2026-03-02 01:24:00,PROD_VOD,CUST_102,VID-01261,75.9,3.72,51.44,duplicate
EVT-000281,2026-03-02 02:44:00,PROD_ENCODE,CUST_102,VID-01281,48.4,26.06,48.64,duplicate
EVT-000301,2026-03-02 04:04:00,PROD_OTT,CUST_105,VID-01301,36.3,2.6,22.15,duplicate
EVT-000321,2026-03-02 05:24:00,PROD_LIVE,CUST_106,VID-01321,11.5,13.67,4.92,duplicate
EVT-000341,2026-03-02 06:44:00,PROD_ENCODE,CUST_102,VID-01341,38.8,19.26,32.31,duplicate
EVT-000361,2026-03-02 08:04:00,PROD_OTT,CUST_102,VID-01361,42.9,29.2,20.51,duplicate
EVT-000381,2026-03-02 09:24:00,PROD_VOD,CUST_103,VID-01381,29.5,14.92,15.48,duplicate
EVT-000401,2026-03-02 10:44:00,PROD_LIVE,CUST_103,VID-01001,51.6,13.34,2.39,duplicate
EVT-000421,2026-03-02 12:04:00,PROD_ENCODE,CUST_104,VID-01021,28.9,2.6,32.03,duplicate
EVT-000441,2026-03-02 13:24:00,PROD_VOD,CUST_103,VID-01041,6.7,12.24,16.15,duplicate
EVT-000461,2026-03-02 14:44:00,PROD_LIVE,CUST_105,VID-01061,38.6,13.42,31.22,duplicate
EVT-000481,2026-03-02 16:04:00,PROD_OTT,CUST_104,VID-01081,19.1,11.7,29.19,duplicate
EVT-000501,2026-03-02 17:24:00,PROD_LIVE,CUST_103,VID-01101,58.2,10.17,24.65,duplicate
EVT-000521,2026-03-02 18:44:00,PROD_LIVE,CUST_103,VID-01121,23.0,4.05,22.89,duplicate
EVT-000541,2026-03-02 20:04:00,PROD_VOD,CUST_101,VID-01141,65.3,7.92,28.51,duplicate
EVT-000561,2026-03-02 21:24:00,PROD_LIVE,CUST_104,VID-01161,30.1,5.98,31.8,duplicate
EVT-000581,2026-03-02 22:44:00,PROD_VOD,CUST_106,VID-01181,39.3,6.71,23.1,duplicate
